Timestep;Food;Prey1;Prey2;Predators
0;45;12;12;3
1;45;12;14;3
2;45;13;14;3
3;45;13;14;3
4;45;13;14;3
5;45;14;14;3
6;46;14;14;3
7;46;14;14;3
8;47;14;14;3
9;47;14;14;3
10;47;13;15;3
11;47;13;16;3
12;47;14;18;3
13;48;14;18;3
14;48;14;18;3
15;48;13;18;3
16;48;12;18;3
17;48;11;19;3
18;48;11;19;3
19;48;11;19;3
20;49;11;19;3
21;49;12;19;3
22;49;12;19;3
23;49;12;18;3
24;49;11;19;3
25;49;12;19;3
26;49;12;19;3
27;49;13;19;3
28;49;13;19;3
29;49;13;20;3
30;50;14;19;3
31;50;14;17;3
32;50;14;17;3
33;50;14;18;3
34;50;15;19;3
35;51;15;19;3
36;51;15;18;3
37;51;15;18;3
38;51;15;19;3
39;51;14;19;3
40;52;14;20;3
41;53;14;19;3
42;53;16;19;3
43;53;16;19;3
44;55;16;19;3
45;58;16;19;3
46;58;16;19;3
47;58;16;21;3
48;58;17;21;3
49;58;19;21;3
50;58;18;22;3
51;59;18;22;3
52;59;18;23;3
53;59;20;25;3
54;59;20;24;3
55;60;19;24;3
56;60;19;24;3
57;60;19;24;3
58;61;20;24;3
59;61;20;25;3
60;61;20;25;3
61;61;22;25;3
62;62;23;25;3
63;62;23;25;3
64;62;23;26;3
65;62;24;25;3
66;63;25;25;3
67;64;26;26;3
68;64;25;27;3
69;64;25;27;3
70;64;27;28;3
71;64;27;28;3
72;65;26;29;4
73;65;26;30;4
74;65;27;30;4
75;65;27;30;5
76;66;27;29;5
77;66;27;30;5
78;67;27;34;5
79;67;26;34;6
80;67;25;32;6
81;68;25;34;6
82;68;25;34;6
83;68;27;37;6
84;68;26;37;6
85;68;26;38;6
86;68;25;38;6
87;68;25;39;6
88;68;24;40;6
89;68;24;40;6
90;68;24;40;6
91;69;23;37;6
92;69;23;38;6
93;69;23;38;6
94;69;23;37;6
95;69;22;37;6
96;69;22;39;6
97;69;22;39;6
98;69;21;41;7
99;69;22;40;7
100;69;22;39;7
101;69;22;39;7
102;69;23;39;7
103;70;20;37;7
104;71;22;38;7
105;71;23;39;7
106;71;23;40;7
107;71;23;40;7
108;71;23;40;7
109;71;26;39;7
110;71;27;38;7
111;72;26;37;7
112;72;28;39;7
113;72;27;39;7
114;73;28;40;7
115;74;27;39;7
116;74;27;40;7
117;74;26;41;7
118;74;25;42;7
119;75;26;41;7
120;75;25;40;7
121;75;25;39;8
122;75;25;40;8
123;75;25;41;8
124;75;24;42;8
125;75;23;42;8
126;75;24;44;8
127;75;24;41;8
128;75;23;41;8
129;76;23;41;8
130;76;23;40;8
131;76;23;39;8
132;76;24;39;8
133;76;23;39;9
134;76;22;41;9
135;76;22;40;9
136;76;22;40;9
137;76;21;41;9
138;76;21;41;9
139;76;20;38;10
140;76;20;36;10
141;76;19;34;10
142;76;19;34;10
143;78;19;33;10
144;78;20;35;10
145;79;19;35;10
146;79;19;34;11
147;80;19;33;11
148;80;18;31;11
149;82;17;34;11
150;82;17;32;11
151;82;17;32;11
152;83;17;33;11
153;83;17;32;11
154;83;17;32;11
155;83;16;33;11
156;83;16;32;11
157;83;15;32;11
158;84;14;33;11
159;86;14;33;11
160;86;15;31;11
161;86;14;31;11
162;86;14;30;11
163;86;14;29;11
164;86;14;28;11
165;87;14;28;11
166;88;14;27;11
167;88;16;27;11
168;88;14;29;11
169;88;14;27;11
170;88;13;27;11
171;88;15;28;11
172;88;15;27;11
173;88;15;25;11
174;88;15;25;11
175;89;15;24;11
176;89;15;23;11
177;91;14;22;12
178;92;14;19;13
179;93;13;18;13
180;93;14;18;13
181;93;14;16;13
182;93;12;16;13
183;93;12;12;13
184;93;12;10;13
185;93;9;10;13
186;94;9;10;13
187;94;9;9;13
188;94;9;9;14
189;94;8;9;14
190;95;7;8;14
191;95;6;6;14
192;95;5;6;14
193;95;4;6;14
194;95;4;6;14
195;95;3;6;14
196;95;3;5;14
197;95;3;8;14
198;95;3;8;14
199;95;3;8;14
200;95;3;6;14
201;95;3;5;14
202;96;4;4;14
203;96;3;4;14
204;96;3;4;14
205;97;3;3;14
206;97;3;3;14
207;99;2;3;14
208;99;1;3;15
209;100;1;1;15
210;101;1;1;15
211;101;0;1;15
212;101;0;1;15
213;101;0;1;15
214;102;0;1;15
215;102;0;1;15
216;103;0;1;15
217;103;0;1;15
218;104;0;1;15
219;104;0;1;15
220;105;0;1;15
221;105;0;0;15
222;106;0;0;15
223;106;0;0;15
224;106;0;0;15
225;106;0;0;15
226;106;0;0;15
227;106;0;0;15
228;106;0;0;15
229;106;0;0;15
230;107;0;0;15
231;108;0;0;15
232;108;0;0;15
233;109;0;0;15
234;109;0;0;15
235;111;0;0;15
236;111;0;0;15
237;111;0;0;15
238;112;0;0;15
239;112;0;0;15
240;112;0;0;15
241;112;0;0;15
242;112;0;0;15
243;112;0;0;15
244;112;0;0;15
245;112;0;0;15
246;112;0;0;15
247;112;0;0;15
248;112;0;0;15
249;112;0;0;15
250;112;0;0;15
251;113;0;0;15
252;113;0;0;15
253;115;0;0;15
254;116;0;0;15
255;118;0;0;15
256;118;0;0;15
257;118;0;0;15
258;118;0;0;15
259;118;0;0;15
260;118;0;0;15
261;119;0;0;15
262;120;0;0;15
263;120;0;0;15
264;120;0;0;15
265;120;0;0;15
266;120;0;0;15
267;120;0;0;15
268;120;0;0;15
269;120;0;0;15
270;120;0;0;15
271;120;0;0;15
272;120;0;0;15
273;120;0;0;15
274;120;0;0;15
275;120;0;0;15
276;120;0;0;15
277;120;0;0;15
278;120;0;0;15
279;120;0;0;15
280;120;0;0;15
281;120;0;0;15
282;120;0;0;15
283;120;0;0;15
284;120;0;0;15
285;120;0;0;15
286;120;0;0;15
287;120;0;0;15
288;120;0;0;15
289;120;0;0;15
290;120;0;0;15
291;120;0;0;15
292;120;0;0;15
293;120;0;0;15
294;120;0;0;15
295;120;0;0;15
296;120;0;0;15
297;120;0;0;15
298;120;0;0;15
299;120;0;0;15
300;120;0;0;15
301;120;0;0;15
302;120;0;0;15
303;120;0;0;15
304;120;0;0;15
305;120;0;0;15
306;120;0;0;15
307;120;0;0;15
308;120;0;0;15
309;120;0;0;15
310;120;0;0;15
311;120;0;0;15
312;120;0;0;15
313;120;0;0;15
314;120;0;0;15
315;120;0;0;15
316;120;0;0;15
317;120;0;0;15
318;120;0;0;15
319;120;0;0;15
320;120;0;0;15
321;120;0;0;14
322;120;0;0;13
323;120;0;0;13
324;120;0;0;13
325;120;0;0;13
326;120;0;0;13
327;120;0;0;13
328;120;0;0;13
329;120;0;0;13
330;120;0;0;13
331;120;0;0;13
332;120;0;0;13
333;120;0;0;13
334;120;0;0;13
335;120;0;0;13
336;120;0;0;13
337;120;0;0;13
338;120;0;0;13
339;120;0;0;13
340;120;0;0;13
341;120;0;0;13
342;120;0;0;12
343;120;0;0;12
344;120;0;0;12
345;120;0;0;12
346;120;0;0;12
347;120;0;0;12
348;120;0;0;12
349;120;0;0;12
350;120;0;0;12
351;120;0;0;12
352;120;0;0;12
353;120;0;0;12
354;120;0;0;12
355;120;0;0;12
356;120;0;0;12
357;120;0;0;12
358;120;0;0;12
359;120;0;0;12
360;120;0;0;12
361;120;0;0;12
362;120;0;0;12
363;120;0;0;12
364;120;0;0;12
365;120;0;0;12
366;120;0;0;12
367;120;0;0;12
368;120;0;0;12
369;120;0;0;12
370;120;0;0;12
371;120;0;0;11
372;120;0;0;11
373;120;0;0;10
374;120;0;0;10
375;120;0;0;10
376;120;0;0;10
377;120;0;0;10
378;120;0;0;10
379;120;0;0;10
380;120;0;0;10
381;120;0;0;10
382;120;0;0;10
383;120;0;0;10
384;120;0;0;10
385;120;0;0;10
386;120;0;0;10
387;120;0;0;10
388;120;0;0;10
389;120;0;0;9
390;120;0;0;9
391;120;0;0;9
392;120;0;0;9
393;120;0;0;9
394;120;0;0;9
395;120;0;0;9
396;120;0;0;9
397;120;0;0;9
398;120;0;0;9
399;120;0;0;9
400;120;0;0;9
401;120;0;0;9
402;120;0;0;8
403;120;0;0;8
404;120;0;0;8
405;120;0;0;8
406;120;0;0;8
407;120;0;0;8
408;120;0;0;8
409;120;0;0;8
410;120;0;0;8
411;120;0;0;8
412;120;0;0;8
413;120;0;0;8
414;120;0;0;8
415;120;0;0;8
416;120;0;0;8
417;120;0;0;8
418;120;0;0;8
419;120;0;0;8
420;120;0;0;8
421;120;0;0;8
422;120;0;0;8
423;120;0;0;8
424;120;0;0;8
425;120;0;0;8
426;120;0;0;8
427;120;0;0;8
428;120;0;0;8
429;120;0;0;8
430;120;0;0;8
431;120;0;0;8
432;120;0;0;8
433;120;0;0;8
434;120;0;0;8
435;120;0;0;8
436;120;0;0;8
437;120;0;0;8
438;120;0;0;8
439;120;0;0;8
440;120;0;0;8
441;120;0;0;8
442;120;0;0;8
443;120;0;0;8
444;120;0;0;8
445;120;0;0;8
446;120;0;0;8
447;120;0;0;8
448;120;0;0;8
449;120;0;0;8
450;120;0;0;7
451;120;0;0;7
452;120;0;0;7
453;120;0;0;7
454;120;0;0;7
455;120;0;0;7
456;120;0;0;7
457;120;0;0;7
458;120;0;0;7
459;120;0;0;7
460;120;0;0;7
461;120;0;0;7
462;120;0;0;7
463;120;0;0;7
464;120;0;0;7
465;120;0;0;7
466;120;0;0;7
467;120;0;0;7
468;120;0;0;7
469;120;0;0;7
470;120;0;0;7
471;120;0;0;7
472;120;0;0;7
473;120;0;0;7
474;120;0;0;7
475;120;0;0;7
476;120;0;0;7
477;120;0;0;7
478;120;0;0;7
479;120;0;0;7
480;120;0;0;7
481;120;0;0;7
482;120;0;0;7
483;120;0;0;7
484;120;0;0;7
485;120;0;0;7
486;120;0;0;7
487;120;0;0;7
488;120;0;0;6
489;120;0;0;6
490;120;0;0;6
491;120;0;0;6
492;120;0;0;6
493;120;0;0;6
494;120;0;0;6
495;120;0;0;6
496;120;0;0;6
497;120;0;0;6
498;120;0;0;6
499;120;0;0;6
500;120;0;0;6
501;120;0;0;6
502;120;0;0;6
503;120;0;0;6
504;120;0;0;6
505;120;0;0;6
506;120;0;0;6
507;120;0;0;6
508;120;0;0;6
509;120;0;0;6
510;120;0;0;6
511;120;0;0;5
512;120;0;0;5
513;120;0;0;5
514;120;0;0;5
515;120;0;0;5
516;120;0;0;5
517;120;0;0;4
518;120;0;0;4
519;120;0;0;4
520;120;0;0;4
521;120;0;0;4
522;120;0;0;4
523;120;0;0;4
524;120;0;0;4
525;120;0;0;4
526;120;0;0;4
527;120;0;0;3
528;120;0;0;3
529;120;0;0;3
530;120;0;0;3
531;120;0;0;3
532;120;0;0;3
533;120;0;0;3
534;120;0;0;3
535;120;0;0;3
536;120;0;0;3
537;120;0;0;3
538;120;0;0;3
539;120;0;0;3
540;120;0;0;3
541;120;0;0;3
542;120;0;0;3
543;120;0;0;3
544;120;0;0;3
545;120;0;0;3
546;120;0;0;3
547;120;0;0;3
548;120;0;0;3
549;120;0;0;3
550;120;0;0;2
551;120;0;0;2
552;120;0;0;2
553;120;0;0;2
554;120;0;0;2
555;120;0;0;2
556;120;0;0;2
557;120;0;0;2
558;120;0;0;2
559;120;0;0;2
560;120;0;0;1
561;120;0;0;1
562;120;0;0;1
563;120;0;0;1
564;120;0;0;1
565;120;0;0;1
566;120;0;0;1
567;120;0;0;1
568;120;0;0;1
569;120;0;0;1
570;120;0;0;1
571;120;0;0;1
572;120;0;0;1
573;120;0;0;1
574;120;0;0;1
575;120;0;0;1
576;120;0;0;1
577;120;0;0;0
578;120;0;0;0
579;120;0;0;0
580;120;0;0;0
581;120;0;0;0
582;120;0;0;0
583;120;0;0;0
584;120;0;0;0
585;120;0;0;0
586;120;0;0;0
587;120;0;0;0
588;120;0;0;0
589;120;0;0;0
590;120;0;0;0
591;120;0;0;0
592;120;0;0;0
593;120;0;0;0
594;120;0;0;0
595;120;0;0;0
596;120;0;0;0
597;120;0;0;0
598;120;0;0;0
599;120;0;0;0
600;120;0;0;0
601;120;0;0;0
602;120;0;0;0
603;120;0;0;0
604;120;0;0;0
605;120;0;0;0
606;120;0;0;0
607;120;0;0;0
608;120;0;0;0
609;120;0;0;0
610;120;0;0;0
611;120;0;0;0
612;120;0;0;0
613;120;0;0;0
614;120;0;0;0
615;120;0;0;0
616;120;0;0;0
617;120;0;0;0
618;120;0;0;0
619;120;0;0;0
620;120;0;0;0
621;120;0;0;0
622;120;0;0;0
623;120;0;0;0
624;120;0;0;0
625;120;0;0;0
626;120;0;0;0
627;120;0;0;0
628;120;0;0;0
629;120;0;0;0
630;120;0;0;0
631;120;0;0;0
632;120;0;0;0
633;120;0;0;0
634;120;0;0;0
635;120;0;0;0
636;120;0;0;0
637;120;0;0;0
638;120;0;0;0
639;120;0;0;0
640;120;0;0;0
641;120;0;0;0
642;120;0;0;0
643;120;0;0;0
644;120;0;0;0
645;120;0;0;0
646;120;0;0;0
647;120;0;0;0
648;120;0;0;0
649;120;0;0;0
650;120;0;0;0
651;120;0;0;0
652;120;0;0;0
653;120;0;0;0
654;120;0;0;0
655;120;0;0;0
656;120;0;0;0
657;120;0;0;0
658;120;0;0;0
659;120;0;0;0
660;120;0;0;0
661;120;0;0;0
662;120;0;0;0
663;120;0;0;0
664;120;0;0;0
665;120;0;0;0
666;120;0;0;0
667;120;0;0;0
668;120;0;0;0
669;120;0;0;0
670;120;0;0;0
671;120;0;0;0
672;120;0;0;0
673;120;0;0;0
674;120;0;0;0
675;120;0;0;0
676;120;0;0;0
677;120;0;0;0
678;120;0;0;0
679;120;0;0;0
680;120;0;0;0
681;120;0;0;0
682;120;0;0;0
683;120;0;0;0
684;120;0;0;0
685;120;0;0;0
686;120;0;0;0
687;120;0;0;0
688;120;0;0;0
689;120;0;0;0
690;120;0;0;0
691;120;0;0;0
692;120;0;0;0
693;120;0;0;0
694;120;0;0;0
695;120;0;0;0
696;120;0;0;0
697;120;0;0;0
698;120;0;0;0
699;120;0;0;0
700;120;0;0;0
701;120;0;0;0
702;120;0;0;0
703;120;0;0;0
704;120;0;0;0
705;120;0;0;0
706;120;0;0;0
707;120;0;0;0
708;120;0;0;0
709;120;0;0;0
710;120;0;0;0
711;120;0;0;0
712;120;0;0;0
713;120;0;0;0
714;120;0;0;0
715;120;0;0;0
716;120;0;0;0
717;120;0;0;0
718;120;0;0;0
719;120;0;0;0
720;120;0;0;0
721;120;0;0;0
722;120;0;0;0
723;120;0;0;0
724;120;0;0;0
725;120;0;0;0
726;120;0;0;0
727;120;0;0;0
728;120;0;0;0
729;120;0;0;0
730;120;0;0;0
731;120;0;0;0
732;120;0;0;0
733;120;0;0;0
734;120;0;0;0
735;120;0;0;0
736;120;0;0;0
737;120;0;0;0
738;120;0;0;0
739;120;0;0;0
740;120;0;0;0
741;120;0;0;0
742;120;0;0;0
743;120;0;0;0
744;120;0;0;0
745;120;0;0;0
746;120;0;0;0
747;120;0;0;0
748;120;0;0;0
749;120;0;0;0
750;120;0;0;0
751;120;0;0;0
752;120;0;0;0
753;120;0;0;0
754;120;0;0;0
755;120;0;0;0
756;120;0;0;0
757;120;0;0;0
758;120;0;0;0
759;120;0;0;0
760;120;0;0;0
761;120;0;0;0
762;120;0;0;0
763;120;0;0;0
764;120;0;0;0
765;120;0;0;0
766;120;0;0;0
767;120;0;0;0
768;120;0;0;0
769;120;0;0;0
770;120;0;0;0
771;120;0;0;0
772;120;0;0;0
773;120;0;0;0
774;120;0;0;0
775;120;0;0;0
776;120;0;0;0
777;120;0;0;0
778;120;0;0;0
779;120;0;0;0
780;120;0;0;0
781;120;0;0;0
782;120;0;0;0
783;120;0;0;0
784;120;0;0;0
785;120;0;0;0
786;120;0;0;0
787;120;0;0;0
788;120;0;0;0
789;120;0;0;0
790;120;0;0;0
791;120;0;0;0
792;120;0;0;0
793;120;0;0;0
794;120;0;0;0
795;120;0;0;0
796;120;0;0;0
797;120;0;0;0
798;120;0;0;0
799;120;0;0;0
800;120;0;0;0
801;120;0;0;0
802;120;0;0;0
803;120;0;0;0
804;120;0;0;0
805;120;0;0;0
806;120;0;0;0
807;120;0;0;0
808;120;0;0;0
809;120;0;0;0
810;120;0;0;0
811;120;0;0;0
812;120;0;0;0
813;120;0;0;0
814;120;0;0;0
815;120;0;0;0
816;120;0;0;0
817;120;0;0;0
818;120;0;0;0
819;120;0;0;0
820;120;0;0;0
821;120;0;0;0
822;120;0;0;0
823;120;0;0;0
824;120;0;0;0
825;120;0;0;0
826;120;0;0;0
827;120;0;0;0
828;120;0;0;0
829;120;0;0;0
830;120;0;0;0
831;120;0;0;0
832;120;0;0;0
833;120;0;0;0
834;120;0;0;0
835;120;0;0;0
836;120;0;0;0
837;120;0;0;0
838;120;0;0;0
839;120;0;0;0
840;120;0;0;0
841;120;0;0;0
842;120;0;0;0
843;120;0;0;0
844;120;0;0;0
845;120;0;0;0
846;120;0;0;0
847;120;0;0;0
848;120;0;0;0
849;120;0;0;0
850;120;0;0;0
851;120;0;0;0
852;120;0;0;0
853;120;0;0;0
854;120;0;0;0
855;120;0;0;0
856;120;0;0;0
857;120;0;0;0
858;120;0;0;0
859;120;0;0;0
860;120;0;0;0
861;120;0;0;0
862;120;0;0;0
863;120;0;0;0
864;120;0;0;0
865;120;0;0;0
866;120;0;0;0
867;120;0;0;0
868;120;0;0;0
869;120;0;0;0
870;120;0;0;0
871;120;0;0;0
872;120;0;0;0
873;120;0;0;0
874;120;0;0;0
875;120;0;0;0
876;120;0;0;0
877;120;0;0;0
878;120;0;0;0
879;120;0;0;0
880;120;0;0;0
881;120;0;0;0
882;120;0;0;0
883;120;0;0;0
884;120;0;0;0
885;120;0;0;0
886;120;0;0;0
887;120;0;0;0
888;120;0;0;0
889;120;0;0;0
890;120;0;0;0
891;120;0;0;0
892;120;0;0;0
893;120;0;0;0
894;120;0;0;0
895;120;0;0;0
896;120;0;0;0
897;120;0;0;0
898;120;0;0;0
899;120;0;0;0
900;120;0;0;0
901;120;0;0;0
902;120;0;0;0
903;120;0;0;0
904;120;0;0;0
905;120;0;0;0
906;120;0;0;0
907;120;0;0;0
908;120;0;0;0
909;120;0;0;0
910;120;0;0;0
911;120;0;0;0
912;120;0;0;0
913;120;0;0;0
914;120;0;0;0
915;120;0;0;0
916;120;0;0;0
917;120;0;0;0
918;120;0;0;0
919;120;0;0;0
920;120;0;0;0
921;120;0;0;0
922;120;0;0;0
923;120;0;0;0
924;120;0;0;0
925;120;0;0;0
926;120;0;0;0
927;120;0;0;0
928;120;0;0;0
929;120;0;0;0
930;120;0;0;0
931;120;0;0;0
932;120;0;0;0
933;120;0;0;0
934;120;0;0;0
935;120;0;0;0
936;120;0;0;0
937;120;0;0;0
938;120;0;0;0
939;120;0;0;0
940;120;0;0;0
941;120;0;0;0
942;120;0;0;0
943;120;0;0;0
944;120;0;0;0
945;120;0;0;0
946;120;0;0;0
947;120;0;0;0
948;120;0;0;0
949;120;0;0;0
950;120;0;0;0
951;120;0;0;0
952;120;0;0;0
953;120;0;0;0
954;120;0;0;0
955;120;0;0;0
956;120;0;0;0
957;120;0;0;0
958;120;0;0;0
959;120;0;0;0
960;120;0;0;0
961;120;0;0;0
962;120;0;0;0
963;120;0;0;0
964;120;0;0;0
965;120;0;0;0
966;120;0;0;0
967;120;0;0;0
968;120;0;0;0
969;120;0;0;0
970;120;0;0;0
971;120;0;0;0
972;120;0;0;0
973;120;0;0;0
974;120;0;0;0
975;120;0;0;0
976;120;0;0;0
977;120;0;0;0
978;120;0;0;0
979;120;0;0;0
980;120;0;0;0
981;120;0;0;0
982;120;0;0;0
983;120;0;0;0
984;120;0;0;0
985;120;0;0;0
986;120;0;0;0
987;120;0;0;0
988;120;0;0;0
989;120;0;0;0
990;120;0;0;0
991;120;0;0;0
992;120;0;0;0
993;120;0;0;0
994;120;0;0;0
995;120;0;0;0
996;120;0;0;0
997;120;0;0;0
998;120;0;0;0
999;120;0;0;0
1000;120;0;0;0
1001;120;0;0;0
1002;120;0;0;0
1003;120;0;0;0
1004;120;0;0;0
1005;120;0;0;0
1006;120;0;0;0
1007;120;0;0;0
1008;120;0;0;0
1009;120;0;0;0
1010;120;0;0;0
1011;120;0;0;0
1012;120;0;0;0
1013;120;0;0;0
1014;120;0;0;0
1015;120;0;0;0
1016;120;0;0;0
1017;120;0;0;0
1018;120;0;0;0
1019;120;0;0;0
1020;120;0;0;0
1021;120;0;0;0
1022;120;0;0;0
1023;120;0;0;0
1024;120;0;0;0
1025;120;0;0;0
1026;120;0;0;0
1027;120;0;0;0
1028;120;0;0;0
1029;120;0;0;0
1030;120;0;0;0
1031;120;0;0;0
1032;120;0;0;0
1033;120;0;0;0
1034;120;0;0;0
1035;120;0;0;0
1036;120;0;0;0
1037;120;0;0;0
1038;120;0;0;0
1039;120;0;0;0
1040;120;0;0;0
1041;120;0;0;0
1042;120;0;0;0
1043;120;0;0;0
1044;120;0;0;0
1045;120;0;0;0
1046;120;0;0;0
1047;120;0;0;0
1048;120;0;0;0
1049;120;0;0;0
1050;120;0;0;0
1051;120;0;0;0
1052;120;0;0;0
1053;120;0;0;0
1054;120;0;0;0
1055;120;0;0;0
1056;120;0;0;0
1057;120;0;0;0
1058;120;0;0;0
1059;120;0;0;0
1060;120;0;0;0
1061;120;0;0;0
1062;120;0;0;0
1063;120;0;0;0
1064;120;0;0;0
1065;120;0;0;0
1066;120;0;0;0
1067;120;0;0;0
1068;120;0;0;0
1069;120;0;0;0
1070;120;0;0;0
1071;120;0;0;0
1072;120;0;0;0
1073;120;0;0;0
1074;120;0;0;0
1075;120;0;0;0
1076;120;0;0;0
1077;120;0;0;0
1078;120;0;0;0
1079;120;0;0;0
1080;120;0;0;0
1081;120;0;0;0
1082;120;0;0;0
1083;120;0;0;0
1084;120;0;0;0
1085;120;0;0;0
1086;120;0;0;0
1087;120;0;0;0
1088;120;0;0;0
1089;120;0;0;0
1090;120;0;0;0
1091;120;0;0;0
1092;120;0;0;0
1093;120;0;0;0
1094;120;0;0;0
1095;120;0;0;0
1096;120;0;0;0
1097;120;0;0;0
1098;120;0;0;0
1099;120;0;0;0
1100;120;0;0;0
1101;120;0;0;0
1102;120;0;0;0
1103;120;0;0;0
1104;120;0;0;0
1105;120;0;0;0
1106;120;0;0;0
1107;120;0;0;0
1108;120;0;0;0
1109;120;0;0;0
1110;120;0;0;0
1111;120;0;0;0
1112;120;0;0;0
1113;120;0;0;0
1114;120;0;0;0
1115;120;0;0;0
1116;120;0;0;0
1117;120;0;0;0
1118;120;0;0;0
1119;120;0;0;0
1120;120;0;0;0
1121;120;0;0;0
1122;120;0;0;0
1123;120;0;0;0
1124;120;0;0;0
1125;120;0;0;0
1126;120;0;0;0
1127;120;0;0;0
1128;120;0;0;0
1129;120;0;0;0
1130;120;0;0;0
1131;120;0;0;0
1132;120;0;0;0
1133;120;0;0;0
1134;120;0;0;0
1135;120;0;0;0
1136;120;0;0;0
1137;120;0;0;0
1138;120;0;0;0
1139;120;0;0;0
1140;120;0;0;0
1141;120;0;0;0
1142;120;0;0;0
1143;120;0;0;0
1144;120;0;0;0
1145;120;0;0;0
1146;120;0;0;0
1147;120;0;0;0
1148;120;0;0;0
1149;120;0;0;0
1150;120;0;0;0
1151;120;0;0;0
1152;120;0;0;0
1153;120;0;0;0
1154;120;0;0;0
1155;120;0;0;0
1156;120;0;0;0
1157;120;0;0;0
1158;120;0;0;0
1159;120;0;0;0
1160;120;0;0;0
1161;120;0;0;0
1162;120;0;0;0
1163;120;0;0;0
1164;120;0;0;0
1165;120;0;0;0
1166;120;0;0;0
1167;120;0;0;0
1168;120;0;0;0
1169;120;0;0;0
1170;120;0;0;0
1171;120;0;0;0
1172;120;0;0;0
1173;120;0;0;0
1174;120;0;0;0
1175;120;0;0;0
1176;120;0;0;0
1177;120;0;0;0
1178;120;0;0;0
1179;120;0;0;0
1180;120;0;0;0
1181;120;0;0;0
1182;120;0;0;0
1183;120;0;0;0
1184;120;0;0;0
1185;120;0;0;0
1186;120;0;0;0
1187;120;0;0;0
1188;120;0;0;0
1189;120;0;0;0
1190;120;0;0;0
1191;120;0;0;0
1192;120;0;0;0
1193;120;0;0;0
1194;120;0;0;0
1195;120;0;0;0
1196;120;0;0;0
1197;120;0;0;0
1198;120;0;0;0
1199;120;0;0;0
1200;120;0;0;0
1201;120;0;0;0
1202;120;0;0;0
1203;120;0;0;0
1204;120;0;0;0
1205;120;0;0;0
1206;120;0;0;0
1207;120;0;0;0
1208;120;0;0;0
1209;120;0;0;0
1210;120;0;0;0
1211;120;0;0;0
1212;120;0;0;0
1213;120;0;0;0
1214;120;0;0;0
1215;120;0;0;0
1216;120;0;0;0
1217;120;0;0;0
1218;120;0;0;0
1219;120;0;0;0
1220;120;0;0;0
1221;120;0;0;0
1222;120;0;0;0
1223;120;0;0;0
1224;120;0;0;0
1225;120;0;0;0
1226;120;0;0;0
1227;120;0;0;0
1228;120;0;0;0
1229;120;0;0;0
1230;120;0;0;0
1231;120;0;0;0
1232;120;0;0;0
1233;120;0;0;0
1234;120;0;0;0
1235;120;0;0;0
1236;120;0;0;0
1237;120;0;0;0
1238;120;0;0;0
1239;120;0;0;0
1240;120;0;0;0
1241;120;0;0;0
1242;120;0;0;0
1243;120;0;0;0
1244;120;0;0;0
1245;120;0;0;0
1246;120;0;0;0
1247;120;0;0;0
1248;120;0;0;0
1249;120;0;0;0
1250;120;0;0;0
1251;120;0;0;0
1252;120;0;0;0
1253;120;0;0;0
1254;120;0;0;0
1255;120;0;0;0
1256;120;0;0;0
1257;120;0;0;0
1258;120;0;0;0
1259;120;0;0;0
1260;120;0;0;0
1261;120;0;0;0
1262;120;0;0;0
1263;120;0;0;0
1264;120;0;0;0
1265;120;0;0;0
1266;120;0;0;0
1267;120;0;0;0
1268;120;0;0;0
1269;120;0;0;0
1270;120;0;0;0
1271;120;0;0;0
1272;120;0;0;0
1273;120;0;0;0
1274;120;0;0;0
1275;120;0;0;0
1276;120;0;0;0
1277;120;0;0;0
1278;120;0;0;0
1279;120;0;0;0
1280;120;0;0;0
1281;120;0;0;0
1282;120;0;0;0
1283;120;0;0;0
1284;120;0;0;0
1285;120;0;0;0
1286;120;0;0;0
1287;120;0;0;0
1288;120;0;0;0
1289;120;0;0;0
1290;120;0;0;0
1291;120;0;0;0
1292;120;0;0;0
1293;120;0;0;0
1294;120;0;0;0
1295;120;0;0;0
1296;120;0;0;0
1297;120;0;0;0
1298;120;0;0;0
1299;120;0;0;0
1300;120;0;0;0
1301;120;0;0;0
1302;120;0;0;0
1303;120;0;0;0
1304;120;0;0;0
1305;120;0;0;0
1306;120;0;0;0
1307;120;0;0;0
1308;120;0;0;0
1309;120;0;0;0
1310;120;0;0;0
1311;120;0;0;0
1312;120;0;0;0
1313;120;0;0;0
1314;120;0;0;0
1315;120;0;0;0
1316;120;0;0;0
1317;120;0;0;0
1318;120;0;0;0
1319;120;0;0;0
1320;120;0;0;0
1321;120;0;0;0
1322;120;0;0;0
1323;120;0;0;0
1324;120;0;0;0
1325;120;0;0;0
1326;120;0;0;0
1327;120;0;0;0
1328;120;0;0;0
1329;120;0;0;0
1330;120;0;0;0
1331;120;0;0;0
1332;120;0;0;0
1333;120;0;0;0
1334;120;0;0;0
1335;120;0;0;0
1336;120;0;0;0
1337;120;0;0;0
1338;120;0;0;0
1339;120;0;0;0
1340;120;0;0;0
1341;120;0;0;0
1342;120;0;0;0
1343;120;0;0;0
1344;120;0;0;0
1345;120;0;0;0
1346;120;0;0;0
1347;120;0;0;0
1348;120;0;0;0
1349;120;0;0;0
1350;120;0;0;0
1351;120;0;0;0
1352;120;0;0;0
1353;120;0;0;0
1354;120;0;0;0
1355;120;0;0;0
1356;120;0;0;0
1357;120;0;0;0
1358;120;0;0;0
1359;120;0;0;0
1360;120;0;0;0
1361;120;0;0;0
1362;120;0;0;0
1363;120;0;0;0
1364;120;0;0;0
1365;120;0;0;0
1366;120;0;0;0
1367;120;0;0;0
1368;120;0;0;0
1369;120;0;0;0
1370;120;0;0;0
1371;120;0;0;0
1372;120;0;0;0
1373;120;0;0;0
1374;120;0;0;0
1375;120;0;0;0
1376;120;0;0;0
1377;120;0;0;0
1378;120;0;0;0
1379;120;0;0;0
1380;120;0;0;0
1381;120;0;0;0
1382;120;0;0;0
1383;120;0;0;0
1384;120;0;0;0
1385;120;0;0;0
1386;120;0;0;0
1387;120;0;0;0
1388;120;0;0;0
1389;120;0;0;0
1390;120;0;0;0
1391;120;0;0;0
1392;120;0;0;0
1393;120;0;0;0
1394;120;0;0;0
1395;120;0;0;0
1396;120;0;0;0
1397;120;0;0;0
1398;120;0;0;0
1399;120;0;0;0
1400;120;0;0;0
1401;120;0;0;0
1402;120;0;0;0
1403;120;0;0;0
1404;120;0;0;0
1405;120;0;0;0
1406;120;0;0;0
1407;120;0;0;0
1408;120;0;0;0
1409;120;0;0;0
1410;120;0;0;0
1411;120;0;0;0
1412;120;0;0;0
1413;120;0;0;0
1414;120;0;0;0
1415;120;0;0;0
1416;120;0;0;0
1417;120;0;0;0
1418;120;0;0;0
1419;120;0;0;0
1420;120;0;0;0
1421;120;0;0;0
1422;120;0;0;0
1423;120;0;0;0
1424;120;0;0;0
1425;120;0;0;0
1426;120;0;0;0
1427;120;0;0;0
1428;120;0;0;0
1429;120;0;0;0
1430;120;0;0;0
1431;120;0;0;0
1432;120;0;0;0
1433;120;0;0;0
1434;120;0;0;0
1435;120;0;0;0
1436;120;0;0;0
1437;120;0;0;0
1438;120;0;0;0
1439;120;0;0;0
1440;120;0;0;0
1441;120;0;0;0
1442;120;0;0;0
1443;120;0;0;0
1444;120;0;0;0
1445;120;0;0;0
1446;120;0;0;0
1447;120;0;0;0
1448;120;0;0;0
1449;120;0;0;0
1450;120;0;0;0
1451;120;0;0;0
1452;120;0;0;0
1453;120;0;0;0
1454;120;0;0;0
1455;120;0;0;0
1456;120;0;0;0
1457;120;0;0;0
1458;120;0;0;0
1459;120;0;0;0
1460;120;0;0;0
1461;120;0;0;0
1462;120;0;0;0
1463;120;0;0;0
1464;120;0;0;0
1465;120;0;0;0
1466;120;0;0;0
1467;120;0;0;0
1468;120;0;0;0
1469;120;0;0;0
1470;120;0;0;0
1471;120;0;0;0
1472;120;0;0;0
1473;120;0;0;0
1474;120;0;0;0
1475;120;0;0;0
1476;120;0;0;0
1477;120;0;0;0
1478;120;0;0;0
1479;120;0;0;0
1480;120;0;0;0
1481;120;0;0;0
1482;120;0;0;0
1483;120;0;0;0
1484;120;0;0;0
1485;120;0;0;0
1486;120;0;0;0
1487;120;0;0;0
1488;120;0;0;0
1489;120;0;0;0
1490;120;0;0;0
1491;120;0;0;0
1492;120;0;0;0
1493;120;0;0;0
1494;120;0;0;0
1495;120;0;0;0
1496;120;0;0;0
1497;120;0;0;0
1498;120;0;0;0
1499;120;0;0;0
1500;120;0;0;0
1501;120;0;0;0
1502;120;0;0;0
1503;120;0;0;0
1504;120;0;0;0
1505;120;0;0;0
1506;120;0;0;0
1507;120;0;0;0
1508;120;0;0;0
1509;120;0;0;0
1510;120;0;0;0
1511;120;0;0;0
1512;120;0;0;0
1513;120;0;0;0
1514;120;0;0;0
1515;120;0;0;0
1516;120;0;0;0
1517;120;0;0;0
1518;120;0;0;0
1519;120;0;0;0
1520;120;0;0;0
1521;120;0;0;0
1522;120;0;0;0
1523;120;0;0;0
1524;120;0;0;0
1525;120;0;0;0
1526;120;0;0;0
1527;120;0;0;0
1528;120;0;0;0
1529;120;0;0;0
1530;120;0;0;0
1531;120;0;0;0
1532;120;0;0;0
1533;120;0;0;0
1534;120;0;0;0
1535;120;0;0;0
1536;120;0;0;0
1537;120;0;0;0
1538;120;0;0;0
1539;120;0;0;0
1540;120;0;0;0
1541;120;0;0;0
1542;120;0;0;0
1543;120;0;0;0
1544;120;0;0;0
1545;120;0;0;0
1546;120;0;0;0
1547;120;0;0;0
1548;120;0;0;0
1549;120;0;0;0
1550;120;0;0;0
1551;120;0;0;0
1552;120;0;0;0
1553;120;0;0;0
1554;120;0;0;0
1555;120;0;0;0
1556;120;0;0;0
1557;120;0;0;0
1558;120;0;0;0
1559;120;0;0;0
1560;120;0;0;0
1561;120;0;0;0
1562;120;0;0;0
1563;120;0;0;0
1564;120;0;0;0
1565;120;0;0;0
1566;120;0;0;0
1567;120;0;0;0
1568;120;0;0;0
1569;120;0;0;0
1570;120;0;0;0
1571;120;0;0;0
1572;120;0;0;0
1573;120;0;0;0
1574;120;0;0;0
1575;120;0;0;0
1576;120;0;0;0
1577;120;0;0;0
1578;120;0;0;0
1579;120;0;0;0
1580;120;0;0;0
1581;120;0;0;0
1582;120;0;0;0
1583;120;0;0;0
1584;120;0;0;0
1585;120;0;0;0
1586;120;0;0;0
1587;120;0;0;0
1588;120;0;0;0
1589;120;0;0;0
1590;120;0;0;0
1591;120;0;0;0
1592;120;0;0;0
1593;120;0;0;0
1594;120;0;0;0
1595;120;0;0;0
1596;120;0;0;0
1597;120;0;0;0
1598;120;0;0;0
1599;120;0;0;0
1600;120;0;0;0
1601;120;0;0;0
1602;120;0;0;0
1603;120;0;0;0
1604;120;0;0;0
1605;120;0;0;0
1606;120;0;0;0
1607;120;0;0;0
1608;120;0;0;0
1609;120;0;0;0
1610;120;0;0;0
1611;120;0;0;0
1612;120;0;0;0
1613;120;0;0;0
1614;120;0;0;0
1615;120;0;0;0
1616;120;0;0;0
1617;120;0;0;0
1618;120;0;0;0
1619;120;0;0;0
1620;120;0;0;0
1621;120;0;0;0
1622;120;0;0;0
1623;120;0;0;0
1624;120;0;0;0
1625;120;0;0;0
1626;120;0;0;0
1627;120;0;0;0
1628;120;0;0;0
1629;120;0;0;0
1630;120;0;0;0
1631;120;0;0;0
1632;120;0;0;0
1633;120;0;0;0
1634;120;0;0;0
1635;120;0;0;0
1636;120;0;0;0
1637;120;0;0;0
1638;120;0;0;0
1639;120;0;0;0
1640;120;0;0;0
1641;120;0;0;0
1642;120;0;0;0
1643;120;0;0;0
1644;120;0;0;0
1645;120;0;0;0
1646;120;0;0;0
1647;120;0;0;0
1648;120;0;0;0
1649;120;0;0;0
1650;120;0;0;0
1651;120;0;0;0
1652;120;0;0;0
1653;120;0;0;0
1654;120;0;0;0
1655;120;0;0;0
1656;120;0;0;0
1657;120;0;0;0
1658;120;0;0;0
1659;120;0;0;0
1660;120;0;0;0
1661;120;0;0;0
1662;120;0;0;0
1663;120;0;0;0
1664;120;0;0;0
1665;120;0;0;0
1666;120;0;0;0
1667;120;0;0;0
1668;120;0;0;0
1669;120;0;0;0
1670;120;0;0;0
1671;120;0;0;0
1672;120;0;0;0
1673;120;0;0;0
1674;120;0;0;0
1675;120;0;0;0
1676;120;0;0;0
1677;120;0;0;0
1678;120;0;0;0
1679;120;0;0;0
1680;120;0;0;0
1681;120;0;0;0
1682;120;0;0;0
1683;120;0;0;0
1684;120;0;0;0
1685;120;0;0;0
1686;120;0;0;0
1687;120;0;0;0
1688;120;0;0;0
1689;120;0;0;0
1690;120;0;0;0
1691;120;0;0;0
1692;120;0;0;0
1693;120;0;0;0
1694;120;0;0;0
1695;120;0;0;0
1696;120;0;0;0
1697;120;0;0;0
1698;120;0;0;0
1699;120;0;0;0
1700;120;0;0;0
1701;120;0;0;0
1702;120;0;0;0
1703;120;0;0;0
1704;120;0;0;0
1705;120;0;0;0
1706;120;0;0;0
1707;120;0;0;0
1708;120;0;0;0
1709;120;0;0;0
1710;120;0;0;0
1711;120;0;0;0
1712;120;0;0;0
1713;120;0;0;0
1714;120;0;0;0
1715;120;0;0;0
1716;120;0;0;0
1717;120;0;0;0
1718;120;0;0;0
1719;120;0;0;0
1720;120;0;0;0
1721;120;0;0;0
1722;120;0;0;0
1723;120;0;0;0
1724;120;0;0;0
1725;120;0;0;0
1726;120;0;0;0
1727;120;0;0;0
1728;120;0;0;0
1729;120;0;0;0
1730;120;0;0;0
1731;120;0;0;0
1732;120;0;0;0
1733;120;0;0;0
1734;120;0;0;0
1735;120;0;0;0
1736;120;0;0;0
1737;120;0;0;0
1738;120;0;0;0
1739;120;0;0;0
1740;120;0;0;0
1741;120;0;0;0
1742;120;0;0;0
1743;120;0;0;0
1744;120;0;0;0
1745;120;0;0;0
1746;120;0;0;0
1747;120;0;0;0
1748;120;0;0;0
1749;120;0;0;0
1750;120;0;0;0
1751;120;0;0;0
1752;120;0;0;0
1753;120;0;0;0
1754;120;0;0;0
1755;120;0;0;0
1756;120;0;0;0
1757;120;0;0;0
1758;120;0;0;0
1759;120;0;0;0
1760;120;0;0;0
1761;120;0;0;0
1762;120;0;0;0
1763;120;0;0;0
1764;120;0;0;0
1765;120;0;0;0
1766;120;0;0;0
1767;120;0;0;0
1768;120;0;0;0
1769;120;0;0;0
1770;120;0;0;0
1771;120;0;0;0
1772;120;0;0;0
1773;120;0;0;0
1774;120;0;0;0
1775;120;0;0;0
1776;120;0;0;0
1777;120;0;0;0
1778;120;0;0;0
1779;120;0;0;0
1780;120;0;0;0
1781;120;0;0;0
1782;120;0;0;0
1783;120;0;0;0
1784;120;0;0;0
1785;120;0;0;0
1786;120;0;0;0
1787;120;0;0;0
1788;120;0;0;0
1789;120;0;0;0
1790;120;0;0;0
1791;120;0;0;0
1792;120;0;0;0
1793;120;0;0;0
1794;120;0;0;0
1795;120;0;0;0
1796;120;0;0;0
1797;120;0;0;0
1798;120;0;0;0
1799;120;0;0;0
1800;120;0;0;0
1801;120;0;0;0
1802;120;0;0;0
1803;120;0;0;0
1804;120;0;0;0
1805;120;0;0;0
1806;120;0;0;0
1807;120;0;0;0
1808;120;0;0;0
1809;120;0;0;0
1810;120;0;0;0
1811;120;0;0;0
1812;120;0;0;0
1813;120;0;0;0
1814;120;0;0;0
1815;120;0;0;0
1816;120;0;0;0
1817;120;0;0;0
1818;120;0;0;0
1819;120;0;0;0
1820;120;0;0;0
1821;120;0;0;0
1822;120;0;0;0
1823;120;0;0;0
1824;120;0;0;0
1825;120;0;0;0
1826;120;0;0;0
1827;120;0;0;0
1828;119;0;0;0
1829;119;0;0;0
1830;119;0;0;0
1831;119;0;0;0
1832;120;0;0;0
1833;120;0;0;0
1834;120;0;0;0
1835;120;0;0;0
1836;120;0;0;0
1837;120;0;0;0
1838;120;0;0;0
1839;120;0;0;0
1840;120;0;0;0
1841;120;0;0;0
1842;120;0;0;0
1843;120;0;0;0
1844;120;0;0;0
1845;120;0;0;0
1846;120;0;0;0
1847;120;0;0;0
1848;120;0;0;0
1849;120;0;0;0
1850;120;0;0;0
1851;120;0;0;0
1852;120;0;0;0
1853;120;0;0;0
1854;120;0;0;0
1855;120;0;0;0
1856;120;0;0;0
1857;120;0;0;0
1858;120;0;0;0
1859;120;0;0;0
1860;120;0;0;0
1861;119;0;0;0
1862;120;0;0;0
1863;120;0;0;0
1864;120;0;0;0
1865;120;0;0;0
1866;120;0;0;0
1867;120;0;0;0
1868;120;0;0;0
1869;120;0;0;0
1870;120;0;0;0
1871;120;0;0;0
1872;120;0;0;0
1873;119;0;0;0
1874;119;0;0;0
1875;120;0;0;0
1876;119;0;0;0
1877;120;0;0;0
1878;120;0;0;0
1879;119;0;0;0
1880;120;0;0;0
1881;120;0;0;0
1882;120;0;0;0
1883;120;0;0;0
1884;120;0;0;0
1885;120;0;0;0
1886;120;0;0;0
1887;120;0;0;0
1888;120;0;0;0
1889;120;0;0;0
1890;120;0;0;0
1891;119;0;0;0
1892;119;0;0;0
1893;119;0;0;0
1894;118;0;0;0
1895;118;0;0;0
1896;118;0;0;0
1897;119;0;0;0
1898;118;0;0;0
1899;119;0;0;0
1900;118;0;0;0
1901;118;0;0;0
1902;118;0;0;0
1903;118;0;0;0
1904;118;0;0;0
1905;119;0;0;0
1906;119;0;0;0
1907;120;0;0;0
1908;120;0;0;0
1909;120;0;0;0
1910;119;0;0;0
1911;119;0;0;0
1912;120;0;0;0
1913;120;0;0;0
1914;120;0;0;0
1915;118;0;0;0
1916;118;0;0;0
1917;119;0;0;0
1918;119;0;0;0
1919;118;0;0;0
1920;116;0;0;0
1921;116;0;0;0
1922;116;0;0;0
1923;116;0;0;0
1924;116;0;0;0
1925;116;0;0;0
1926;117;0;0;0
1927;116;0;0;0
1928;116;0;0;0
1929;117;0;0;0
1930;115;0;0;0
1931;114;0;0;0
1932;115;0;0;0
1933;115;0;0;0
1934;115;0;0;0
1935;116;0;0;0
1936;118;0;0;0
1937;117;0;0;0
1938;117;0;0;0
1939;117;0;0;0
1940;118;0;0;0
1941;118;0;0;0
1942;119;0;0;0
1943;118;0;0;0
1944;117;0;0;0
1945;117;0;0;0
1946;118;0;0;0
1947;117;0;0;0
1948;117;0;0;0
1949;117;0;0;0
1950;114;0;0;0
1951;114;0;0;0
1952;114;0;0;0
1953;115;0;0;0
1954;116;0;0;0
1955;116;0;0;0
1956;115;0;0;0
1957;118;0;0;0
1958;119;0;0;0
1959;117;0;0;0
1960;112;0;0;0
1961;112;0;0;0
1962;110;0;0;0
1963;110;0;0;0
1964;110;0;0;0
1965;109;0;0;0
1966;108;0;0;0
1967;107;0;0;0
1968;107;0;0;0
1969;108;0;0;0
1970;107;0;0;0
1971;106;0;0;0
1972;105;0;0;0
1973;105;0;0;0
1974;105;0;0;0
1975;104;0;0;0
1976;104;0;0;0
1977;104;0;0;0
1978;101;0;0;0
1979;101;0;0;0
1980;100;0;0;0
1981;100;0;0;0
1982;100;0;0;0
1983;98;0;0;0
1984;99;0;0;0
1985;99;0;0;0
1986;98;0;0;0
1987;95;0;0;0
1988;96;0;0;0
1989;95;0;0;0
1990;95;0;0;0
1991;95;0;0;0
1992;95;0;0;0
1993;95;0;0;0
1994;96;0;0;0
1995;96;0;0;0
1996;97;0;0;0
1997;96;0;0;0
1998;92;0;0;0
1999;93;0;0;0
2000;94;0;0;0
2001;93;0;0;0
2002;93;0;0;0
2003;91;0;0;0
2004;92;0;0;0
2005;92;0;0;0
2006;91;0;0;0
2007;92;0;0;0
2008;91;0;0;0
2009;91;0;0;0
2010;91;0;0;0
2011;89;0;0;0
2012;90;0;0;0
2013;90;0;0;0
2014;90;0;0;0
2015;90;0;0;0
2016;90;0;0;0
2017;89;0;0;0
2018;89;0;0;0
2019;88;0;0;0
2020;88;0;0;0
2021;87;0;0;0
2022;87;0;0;0
2023;86;0;0;0
2024;86;0;0;0
2025;88;0;0;0
2026;88;0;0;0
2027;88;0;0;0
2028;88;0;0;0
2029;88;0;0;0
2030;88;0;0;0
2031;87;0;0;0
2032;87;0;0;0
2033;87;0;0;0
2034;87;0;0;0
2035;87;0;0;0
2036;86;0;0;0
2037;87;0;0;0
2038;87;0;0;0
2039;88;0;0;0
2040;88;0;0;0
2041;89;0;0;0
2042;90;0;0;0
2043;92;0;0;0
2044;92;0;0;0
2045;94;0;0;0
2046;95;0;0;0
2047;95;0;0;0
2048;95;0;0;0
2049;96;0;0;0
2050;96;0;0;0
2051;96;0;0;0
2052;96;0;0;0
2053;96;0;0;0
2054;94;0;0;0
2055;95;0;0;0
2056;93;0;0;0
2057;95;0;0;0
2058;95;0;0;0
2059;95;0;0;0
2060;96;0;0;0
2061;96;0;0;0
2062;95;0;0;0
2063;96;0;0;0
2064;96;0;0;0
2065;96;0;0;0
2066;97;0;0;0
2067;98;0;0;0
2068;99;0;0;0
2069;99;0;0;0
2070;99;0;0;0
2071;99;0;0;0
2072;99;0;0;0
2073;99;0;0;0
2074;100;0;0;0
2075;100;0;0;0
2076;100;0;0;0
2077;102;0;0;0
2078;103;0;0;0
2079;103;0;0;0
2080;104;0;0;0
2081;104;0;0;0
2082;104;0;0;0
2083;104;0;0;0
2084;104;0;0;0
2085;105;0;0;0
2086;105;0;0;0
2087;105;0;0;0
2088;105;0;0;0
2089;105;0;0;0
2090;105;0;0;0
2091;105;0;0;0
2092;106;0;0;0
2093;107;0;0;0
2094;108;0;0;0
2095;108;0;0;0
2096;109;0;0;0
2097;109;0;0;0
2098;109;0;0;0
2099;109;0;0;0
2100;109;0;0;0
2101;110;0;0;0
2102;110;0;0;0
2103;111;0;0;0
2104;111;0;0;0
2105;111;0;0;0
2106;111;0;0;0
2107;111;0;0;0
2108;111;0;0;0
2109;111;0;0;0
2110;111;0;0;0
2111;113;0;0;0
2112;113;0;0;0
2113;114;0;0;0
2114;115;0;0;0
2115;117;0;0;0
2116;118;0;0;0
2117;118;0;0;0
2118;118;0;0;0
2119;120;0;0;0
2120;120;0;0;0
2121;120;0;0;0
2122;120;0;0;0
2123;120;0;0;0
2124;120;0;0;0
2125;120;0;0;0
2126;120;0;0;0
2127;120;0;0;0
2128;120;0;0;0
2129;120;0;0;0
2130;120;0;0;0
2131;120;0;0;0
2132;120;0;0;0
2133;120;0;0;0
2134;120;0;0;0
2135;120;0;0;0
2136;120;0;0;0
2137;120;0;0;0
2138;120;0;0;0
2139;120;0;0;0
2140;120;0;0;0
2141;120;0;0;0
2142;120;0;0;0
2143;120;0;0;0
2144;120;0;0;0
2145;120;0;0;0
2146;120;0;0;0
2147;120;0;0;0
2148;120;0;0;0
2149;120;0;0;0
2150;120;0;0;0
2151;120;0;0;0
2152;120;0;0;0
2153;120;0;0;0
2154;120;0;0;0
2155;120;0;0;0
2156;120;0;0;0
2157;120;0;0;0
2158;120;0;0;0
2159;120;0;0;0
2160;120;0;0;0
2161;120;0;0;0
2162;120;0;0;0
2163;120;0;0;0
2164;120;0;0;0
2165;120;0;0;0
2166;120;0;0;0
2167;120;0;0;0
2168;120;0;0;0
2169;120;0;0;0
2170;120;0;0;0
2171;120;0;0;0
2172;120;0;0;0
2173;120;0;0;0
2174;120;0;0;0
2175;120;0;0;0
2176;120;0;0;0
2177;120;0;0;0
2178;120;0;0;0
2179;120;0;0;0
2180;120;0;0;0
2181;120;0;0;0
2182;120;0;0;0
2183;120;0;0;0
2184;120;0;0;0
2185;120;0;0;0
2186;120;0;0;0
2187;120;0;0;0
2188;120;0;0;0
2189;120;0;0;0
2190;120;0;0;0
2191;120;0;0;0
2192;120;0;0;0
2193;120;0;0;0
2194;120;0;0;0
2195;120;0;0;0
2196;120;0;0;0
2197;120;0;0;0
2198;120;0;0;0
2199;120;0;0;0
2200;120;0;0;0
2201;120;0;0;0
2202;120;0;0;0
2203;120;0;0;0
2204;120;0;0;0
2205;120;0;0;0
2206;120;0;0;0
2207;120;0;0;0
2208;120;0;0;0
2209;120;0;0;0
2210;120;0;0;0
2211;120;0;0;0
2212;120;0;0;0
2213;120;0;0;0
2214;120;0;0;0
2215;120;0;0;0
2216;120;0;0;0
2217;120;0;0;0
2218;120;0;0;0
2219;120;0;0;0
2220;120;0;0;0
2221;120;0;0;0
2222;120;0;0;0
2223;120;0;0;0
2224;120;0;0;0
2225;120;0;0;0
2226;120;0;0;0
2227;120;0;0;0
2228;120;0;0;0
2229;120;0;0;0
2230;120;0;0;0
2231;120;0;0;0
2232;120;0;0;0
2233;120;0;0;0
2234;120;0;0;0
2235;120;0;0;0
2236;120;0;0;0
2237;120;0;0;0
2238;120;0;0;0
2239;120;0;0;0
2240;120;0;0;0
2241;120;0;0;0
2242;120;0;0;0
2243;120;0;0;0
2244;120;0;0;0
2245;120;0;0;0
2246;120;0;0;0
2247;120;0;0;0
2248;120;0;0;0
2249;120;0;0;0
2250;120;0;0;0
2251;120;0;0;0
2252;120;0;0;0
2253;120;0;0;0
2254;120;0;0;0
2255;120;0;0;0
2256;120;0;0;0
2257;120;0;0;0
2258;120;0;0;0
2259;120;0;0;0
2260;120;0;0;0
2261;120;0;0;0
2262;120;0;0;0
2263;120;0;0;0
2264;120;0;0;0
2265;120;0;0;0
2266;120;0;0;0
2267;120;0;0;0
2268;120;0;0;0
2269;120;0;0;0
2270;120;0;0;0
2271;120;0;0;0
2272;120;0;0;0
2273;120;0;0;0
2274;120;0;0;0
2275;120;0;0;0
2276;120;0;0;0
2277;120;0;0;0
2278;120;0;0;0
2279;120;0;0;0
2280;120;0;0;0
2281;120;0;0;0
2282;120;0;0;0
2283;120;0;0;0
2284;120;0;0;0
2285;120;0;0;0
2286;120;0;0;0
2287;120;0;0;0
2288;120;0;0;0
2289;120;0;0;0
2290;120;0;0;0
2291;120;0;0;0
2292;120;0;0;0
2293;120;0;0;0
2294;120;0;0;0
2295;120;0;0;0
2296;120;0;0;0
2297;120;0;0;0
2298;120;0;0;0
2299;120;0;0;0
2300;120;0;0;0
2301;120;0;0;0
2302;120;0;0;0
2303;120;0;0;0
2304;120;0;0;0
2305;120;0;0;0
2306;120;0;0;0
2307;120;0;0;0
2308;120;0;0;0
2309;120;0;0;0
2310;120;0;0;0
2311;120;0;0;0
2312;120;0;0;0
2313;120;0;0;0
2314;120;0;0;0
2315;120;0;0;0
2316;120;0;0;0
2317;120;0;0;0
2318;120;0;0;0
2319;120;0;0;0
2320;120;0;0;0
2321;120;0;0;0
2322;120;0;0;0
2323;120;0;0;0
2324;120;0;0;0
2325;120;0;0;0
2326;120;0;0;0
2327;120;0;0;0
2328;120;0;0;0
2329;120;0;0;0
2330;120;0;0;0
2331;120;0;0;0
2332;120;0;0;0
2333;120;0;0;0
2334;120;0;0;0
2335;120;0;0;0
2336;120;0;0;0
2337;120;0;0;0
2338;120;0;0;0
2339;120;0;0;0
2340;120;0;0;0
2341;120;0;0;0
2342;120;0;0;0
2343;120;0;0;0
2344;120;0;0;0
2345;120;0;0;0
2346;120;0;0;0
2347;120;0;0;0
2348;120;0;0;0
2349;120;0;0;0
2350;120;0;0;0
2351;120;0;0;0
2352;120;0;0;0
2353;120;0;0;0
2354;120;0;0;0
2355;120;0;0;0
2356;120;0;0;0
2357;120;0;0;0
2358;120;0;0;0
2359;120;0;0;0
2360;120;0;0;0
2361;120;0;0;0
2362;120;0;0;0
2363;120;0;0;0
2364;120;0;0;0
2365;120;0;0;0
2366;120;0;0;0
2367;120;0;0;0
2368;120;0;0;0
2369;120;0;0;0
2370;120;0;0;0
2371;120;0;0;0
2372;120;0;0;0
2373;120;0;0;0
2374;120;0;0;0
2375;120;0;0;0
2376;120;0;0;0
2377;120;0;0;0
2378;120;0;0;0
2379;120;0;0;0
2380;120;0;0;0
2381;120;0;0;0
2382;120;0;0;0
2383;120;0;0;0
2384;120;0;0;0
2385;120;0;0;0
2386;120;0;0;0
2387;120;0;0;0
2388;120;0;0;0
2389;120;0;0;0
2390;120;0;0;0
2391;120;0;0;0
2392;120;0;0;0
2393;120;0;0;0
2394;120;0;0;0
2395;120;0;0;0
2396;120;0;0;0
2397;120;0;0;0
2398;120;0;0;0
2399;120;0;0;0
2400;120;0;0;0
2401;120;0;0;0
2402;120;0;0;0
2403;120;0;0;0
2404;120;0;0;0
2405;120;0;0;0
2406;120;0;0;0
2407;120;0;0;0
2408;120;0;0;0
2409;120;0;0;0
2410;120;0;0;0
2411;120;0;0;0
2412;120;0;0;0
2413;120;0;0;0
2414;120;0;0;0
2415;120;0;0;0
2416;120;0;0;0
2417;120;0;0;0
2418;120;0;0;0
2419;120;0;0;0
2420;120;0;0;0
2421;120;0;0;0
2422;120;0;0;0
2423;120;0;0;0
2424;120;0;0;0
2425;120;0;0;0
2426;120;0;0;0
2427;120;0;0;0
2428;120;0;0;0
2429;120;0;0;0
2430;120;0;0;0
2431;120;0;0;0
2432;120;0;0;0
2433;120;0;0;0
2434;120;0;0;0
2435;120;0;0;0
2436;120;0;0;0
2437;120;0;0;0
2438;120;0;0;0
2439;120;0;0;0
2440;120;0;0;0
2441;120;0;0;0
2442;120;0;0;0
2443;120;0;0;0
2444;120;0;0;0
2445;120;0;0;0
2446;120;0;0;0
2447;120;0;0;0
2448;120;0;0;0
2449;120;0;0;0
2450;120;0;0;0
2451;120;0;0;0
2452;120;0;0;0
2453;120;0;0;0
2454;120;0;0;0
2455;120;0;0;0
2456;120;0;0;0
2457;120;0;0;0
2458;120;0;0;0
2459;120;0;0;0
2460;120;0;0;0
2461;120;0;0;0
2462;120;0;0;0
2463;120;0;0;0
2464;120;0;0;0
2465;120;0;0;0
2466;120;0;0;0
2467;120;0;0;0
2468;120;0;0;0
2469;120;0;0;0
2470;120;0;0;0
2471;120;0;0;0
2472;120;0;0;0
2473;120;0;0;0
2474;120;0;0;0
2475;120;0;0;0
2476;120;0;0;0
2477;120;0;0;0
2478;120;0;0;0
2479;120;0;0;0
2480;120;0;0;0
2481;120;0;0;0
2482;120;0;0;0
2483;120;0;0;0
2484;120;0;0;0
2485;120;0;0;0
2486;120;0;0;0
2487;120;0;0;0
2488;120;0;0;0
2489;120;0;0;0
2490;120;0;0;0
2491;120;0;0;0
2492;120;0;0;0
2493;120;0;0;0
2494;120;0;0;0
2495;120;0;0;0
2496;120;0;0;0
2497;120;0;0;0
2498;120;0;0;0
2499;120;0;0;0
2500;120;0;0;0
2501;120;0;0;0
2502;120;0;0;0
2503;120;0;0;0
2504;120;0;0;0
2505;120;0;0;0
2506;120;0;0;0
2507;120;0;0;0
2508;120;0;0;0
2509;120;0;0;0
2510;120;0;0;0
2511;120;0;0;0
2512;120;0;0;0
2513;120;0;0;0
2514;120;0;0;0
2515;120;0;0;0
2516;120;0;0;0
2517;120;0;0;0
2518;120;0;0;0
2519;120;0;0;0
2520;120;0;0;0
2521;120;0;0;0
2522;120;0;0;0
2523;120;0;0;0
2524;120;0;0;0
2525;120;0;0;0
2526;120;0;0;0
2527;120;0;0;0
2528;120;0;0;0
2529;120;0;0;0
2530;120;0;0;0
2531;120;0;0;0
2532;120;0;0;0
2533;120;0;0;0
2534;120;0;0;0
2535;120;0;0;0
2536;120;0;0;0
2537;120;0;0;0
2538;120;0;0;0
2539;120;0;0;0
2540;120;0;0;0
2541;120;0;0;0
2542;120;0;0;0
2543;120;0;0;0
2544;120;0;0;0
2545;120;0;0;0
2546;120;0;0;0
2547;120;0;0;0
2548;120;0;0;0
2549;120;0;0;0
2550;120;0;0;0
2551;120;0;0;0
2552;120;0;0;0
2553;120;0;0;0
2554;120;0;0;0
2555;120;0;0;0
2556;120;0;0;0
2557;120;0;0;0
2558;120;0;0;0
2559;120;0;0;0
2560;120;0;0;0
2561;120;0;0;0
2562;120;0;0;0
2563;120;0;0;0
2564;120;0;0;0
2565;120;0;0;0
2566;120;0;0;0
2567;120;0;0;0
2568;120;0;0;0
2569;120;0;0;0
2570;120;0;0;0
2571;120;0;0;0
2572;120;0;0;0
2573;120;0;0;0
2574;120;0;0;0
2575;120;0;0;0
2576;120;0;0;0
2577;120;0;0;0
2578;120;0;0;0
2579;120;0;0;0
2580;120;0;0;0
2581;120;0;0;0
2582;120;0;0;0
2583;120;0;0;0
2584;120;0;0;0
2585;120;0;0;0
2586;120;0;0;0
2587;120;0;0;0
2588;120;0;0;0
2589;120;0;0;0
2590;120;0;0;0
2591;120;0;0;0
2592;120;0;0;0
2593;120;0;0;0
2594;120;0;0;0
2595;120;0;0;0
2596;120;0;0;0
2597;120;0;0;0
2598;120;0;0;0
2599;120;0;0;0
2600;120;0;0;0
2601;120;0;0;0
2602;120;0;0;0
2603;120;0;0;0
2604;120;0;0;0
2605;120;0;0;0
2606;120;0;0;0
2607;120;0;0;0
2608;120;0;0;0
2609;120;0;0;0
2610;120;0;0;0
2611;120;0;0;0
2612;120;0;0;0
2613;120;0;0;0
2614;120;0;0;0
2615;120;0;0;0
2616;120;0;0;0
2617;120;0;0;0
2618;120;0;0;0
2619;120;0;0;0
2620;120;0;0;0
2621;120;0;0;0
2622;120;0;0;0
2623;120;0;0;0
2624;120;0;0;0
2625;120;0;0;0
2626;120;0;0;0
2627;120;0;0;0
2628;120;0;0;0
2629;120;0;0;0
2630;120;0;0;0
2631;120;0;0;0
2632;120;0;0;0
2633;120;0;0;0
2634;120;0;0;0
2635;120;0;0;0
2636;120;0;0;0
2637;120;0;0;0
2638;120;0;0;0
2639;120;0;0;0
2640;120;0;0;0
2641;120;0;0;0
2642;120;0;0;0
2643;120;0;0;0
2644;120;0;0;0
2645;120;0;0;0
2646;120;0;0;0
2647;120;0;0;0
2648;120;0;0;0
2649;120;0;0;0
2650;120;0;0;0
2651;120;0;0;0
2652;120;0;0;0
2653;120;0;0;0
2654;120;0;0;0
2655;120;0;0;0
2656;120;0;0;0
2657;120;0;0;0
2658;120;0;0;0
2659;120;0;0;0
2660;120;0;0;0
2661;120;0;0;0
2662;120;0;0;0
2663;120;0;0;0
2664;120;0;0;0
2665;120;0;0;0
2666;120;0;0;0
2667;120;0;0;0
2668;120;0;0;0
2669;120;0;0;0
2670;120;0;0;0
2671;120;0;0;0
2672;120;0;0;0
2673;120;0;0;0
2674;120;0;0;0
2675;120;0;0;0
2676;120;0;0;0
2677;120;0;0;0
2678;120;0;0;0
2679;120;0;0;0
2680;120;0;0;0
2681;120;0;0;0
2682;120;0;0;0
2683;120;0;0;0
2684;120;0;0;0
2685;120;0;0;0
2686;120;0;0;0
2687;120;0;0;0
2688;120;0;0;0
2689;120;0;0;0
2690;120;0;0;0
2691;120;0;0;0
2692;120;0;0;0
2693;120;0;0;0
2694;120;0;0;0
2695;120;0;0;0
2696;120;0;0;0
2697;120;0;0;0
2698;120;0;0;0
2699;120;0;0;0
2700;120;0;0;0
2701;120;0;0;0
2702;120;0;0;0
2703;120;0;0;0
2704;120;0;0;0
2705;120;0;0;0
2706;120;0;0;0
2707;120;0;0;0
2708;120;0;0;0
2709;120;0;0;0
2710;120;0;0;0
2711;120;0;0;0
2712;120;0;0;0
2713;120;0;0;0
2714;120;0;0;0
2715;120;0;0;0
2716;120;0;0;0
2717;120;0;0;0
2718;120;0;0;0
2719;120;0;0;0
2720;120;0;0;0
2721;120;0;0;0
2722;120;0;0;0
2723;120;0;0;0
2724;120;0;0;0
2725;120;0;0;0
2726;120;0;0;0
2727;120;0;0;0
2728;120;0;0;0
2729;120;0;0;0
2730;120;0;0;0
2731;120;0;0;0
2732;120;0;0;0
2733;120;0;0;0
2734;120;0;0;0
2735;120;0;0;0
2736;120;0;0;0
2737;120;0;0;0
2738;120;0;0;0
2739;120;0;0;0
2740;120;0;0;0
2741;120;0;0;0
2742;120;0;0;0
2743;120;0;0;0
2744;120;0;0;0
2745;120;0;0;0
2746;120;0;0;0
2747;120;0;0;0
2748;120;0;0;0
2749;120;0;0;0
2750;120;0;0;0
2751;120;0;0;0
2752;120;0;0;0
2753;120;0;0;0
2754;120;0;0;0
2755;120;0;0;0
2756;120;0;0;0
2757;120;0;0;0
2758;120;0;0;0
2759;120;0;0;0
2760;120;0;0;0
2761;120;0;0;0
2762;120;0;0;0
2763;120;0;0;0
2764;120;0;0;0
2765;120;0;0;0
2766;120;0;0;0
2767;120;0;0;0
2768;120;0;0;0
2769;120;0;0;0
2770;120;0;0;0
2771;120;0;0;0
2772;120;0;0;0
2773;120;0;0;0
2774;120;0;0;0
2775;120;0;0;0
2776;120;0;0;0
2777;120;0;0;0
2778;120;0;0;0
2779;120;0;0;0
2780;120;0;0;0
2781;120;0;0;0
2782;120;0;0;0
2783;120;0;0;0
2784;120;0;0;0
2785;120;0;0;0
2786;120;0;0;0
2787;120;0;0;0
2788;120;0;0;0
2789;120;0;0;0
2790;120;0;0;0
2791;120;0;0;0
2792;120;0;0;0
2793;120;0;0;0
2794;120;0;0;0
2795;120;0;0;0
2796;120;0;0;0
2797;120;0;0;0
2798;120;0;0;0
2799;120;0;0;0
2800;120;0;0;0
2801;120;0;0;0
2802;120;0;0;0
2803;120;0;0;0
2804;120;0;0;0
2805;120;0;0;0
2806;120;0;0;0
2807;120;0;0;0
2808;120;0;0;0
2809;120;0;0;0
2810;120;0;0;0
2811;120;0;0;0
2812;120;0;0;0
2813;120;0;0;0
2814;120;0;0;0
2815;120;0;0;0
2816;120;0;0;0
2817;120;0;0;0
2818;120;0;0;0
2819;120;0;0;0
2820;120;0;0;0
2821;120;0;0;0
2822;120;0;0;0
2823;120;0;0;0
2824;120;0;0;0
2825;120;0;0;0
2826;120;0;0;0
2827;120;0;0;0
2828;120;0;0;0
2829;120;0;0;0
2830;120;0;0;0
2831;120;0;0;0
2832;120;0;0;0
2833;120;0;0;0
2834;120;0;0;0
2835;120;0;0;0
2836;120;0;0;0
2837;120;0;0;0
2838;120;0;0;0
2839;120;0;0;0
2840;120;0;0;0
2841;120;0;0;0
2842;120;0;0;0
2843;120;0;0;0
2844;120;0;0;0
2845;120;0;0;0
2846;120;0;0;0
2847;120;0;0;0
2848;120;0;0;0
2849;120;0;0;0
2850;120;0;0;0
2851;120;0;0;0
2852;120;0;0;0
2853;120;0;0;0
2854;120;0;0;0
2855;120;0;0;0
2856;120;0;0;0
2857;120;0;0;0
2858;120;0;0;0
2859;120;0;0;0
2860;120;0;0;0
2861;120;0;0;0
2862;120;0;0;0
2863;120;0;0;0
2864;120;0;0;0
2865;120;0;0;0
2866;120;0;0;0
2867;120;0;0;0
2868;120;0;0;0
2869;120;0;0;0
2870;120;0;0;0
2871;120;0;0;0
2872;120;0;0;0
2873;120;0;0;0
2874;120;0;0;0
2875;120;0;0;0
2876;120;0;0;0
2877;120;0;0;0
2878;120;0;0;0
2879;120;0;0;0
2880;120;0;0;0
2881;120;0;0;0
2882;120;0;0;0
2883;120;0;0;0
2884;120;0;0;0
2885;120;0;0;0
2886;120;0;0;0
2887;120;0;0;0
2888;120;0;0;0
2889;120;0;0;0
2890;120;0;0;0
2891;120;0;0;0
2892;120;0;0;0
2893;120;0;0;0
2894;120;0;0;0
2895;120;0;0;0
2896;120;0;0;0
2897;120;0;0;0
2898;120;0;0;0
2899;120;0;0;0
2900;120;0;0;0
2901;120;0;0;0
2902;120;0;0;0
2903;120;0;0;0
2904;120;0;0;0
2905;120;0;0;0
2906;120;0;0;0
2907;120;0;0;0
2908;120;0;0;0
2909;120;0;0;0
2910;120;0;0;0
2911;120;0;0;0
2912;120;0;0;0
2913;120;0;0;0
2914;120;0;0;0
2915;120;0;0;0
2916;120;0;0;0
2917;120;0;0;0
2918;120;0;0;0
2919;120;0;0;0
2920;120;0;0;0
2921;120;0;0;0
2922;120;0;0;0
2923;120;0;0;0
2924;120;0;0;0
2925;120;0;0;0
2926;120;0;0;0
2927;120;0;0;0
2928;120;0;0;0
2929;120;0;0;0
2930;120;0;0;0
2931;120;0;0;0
2932;120;0;0;0
2933;120;0;0;0
2934;120;0;0;0
2935;120;0;0;0
2936;120;0;0;0
2937;120;0;0;0
2938;120;0;0;0
2939;120;0;0;0
2940;120;0;0;0
2941;120;0;0;0
2942;120;0;0;0
2943;120;0;0;0
2944;120;0;0;0
2945;120;0;0;0
2946;120;0;0;0
2947;120;0;0;0
2948;120;0;0;0
2949;120;0;0;0
2950;120;0;0;0
2951;120;0;0;0
2952;120;0;0;0
2953;120;0;0;0
2954;120;0;0;0
2955;120;0;0;0
2956;120;0;0;0
2957;120;0;0;0
2958;120;0;0;0
2959;120;0;0;0
2960;120;0;0;0
2961;120;0;0;0
2962;120;0;0;0
2963;120;0;0;0
2964;120;0;0;0
2965;120;0;0;0
2966;120;0;0;0
2967;120;0;0;0
2968;120;0;0;0
2969;120;0;0;0
2970;120;0;0;0
2971;120;0;0;0
2972;120;0;0;0
2973;120;0;0;0
2974;120;0;0;0
2975;120;0;0;0
2976;120;0;0;0
2977;120;0;0;0
2978;120;0;0;0
2979;120;0;0;0
2980;120;0;0;0
2981;120;0;0;0
2982;120;0;0;0
2983;120;0;0;0
2984;120;0;0;0
2985;120;0;0;0
2986;120;0;0;0
2987;120;0;0;0
2988;120;0;0;0
2989;120;0;0;0
2990;120;0;0;0
2991;120;0;0;0
2992;120;0;0;0
2993;120;0;0;0
2994;120;0;0;0
2995;120;0;0;0
2996;120;0;0;0
2997;120;0;0;0
2998;120;0;0;0
2999;120;0;0;0
3000;120;0;0;0
3001;120;0;0;0
3002;120;0;0;0
3003;120;0;0;0
3004;120;0;0;0
3005;120;0;0;0
3006;120;0;0;0
3007;120;0;0;0
3008;120;0;0;0
3009;120;0;0;0
3010;120;0;0;0
3011;120;0;0;0
3012;120;0;0;0
3013;120;0;0;0
3014;120;0;0;0
3015;120;0;0;0
3016;120;0;0;0
3017;120;0;0;0
3018;120;0;0;0
3019;120;0;0;0
3020;120;0;0;0
3021;120;0;0;0
3022;120;0;0;0
3023;120;0;0;0
3024;120;0;0;0
3025;120;0;0;0
3026;120;0;0;0
3027;120;0;0;0
3028;120;0;0;0
3029;120;0;0;0
3030;120;0;0;0
3031;120;0;0;0
3032;120;0;0;0
3033;120;0;0;0
3034;120;0;0;0
3035;120;0;0;0
3036;120;0;0;0
3037;120;0;0;0
3038;120;0;0;0
3039;120;0;0;0
3040;120;0;0;0
3041;120;0;0;0
3042;120;0;0;0
3043;120;0;0;0
3044;120;0;0;0
3045;120;0;0;0
3046;120;0;0;0
3047;120;0;0;0
3048;120;0;0;0
3049;120;0;0;0
3050;120;0;0;0
3051;120;0;0;0
3052;120;0;0;0
3053;120;0;0;0
3054;120;0;0;0
3055;120;0;0;0
3056;120;0;0;0
3057;120;0;0;0
3058;120;0;0;0
3059;120;0;0;0
3060;120;0;0;0
3061;120;0;0;0
3062;120;0;0;0
3063;120;0;0;0
3064;120;0;0;0
3065;120;0;0;0
3066;120;0;0;0
3067;120;0;0;0
3068;120;0;0;0
3069;120;0;0;0
3070;120;0;0;0
3071;120;0;0;0
3072;120;0;0;0
3073;120;0;0;0
3074;120;0;0;0
3075;120;0;0;0
3076;120;0;0;0
3077;120;0;0;0
3078;120;0;0;0
3079;120;0;0;0
3080;120;0;0;0
3081;120;0;0;0
3082;120;0;0;0
3083;120;0;0;0
3084;120;0;0;0
3085;120;0;0;0
3086;120;0;0;0
3087;120;0;0;0
3088;120;0;0;0
3089;120;0;0;0
3090;120;0;0;0
3091;120;0;0;0
3092;120;0;0;0
3093;120;0;0;0
3094;120;0;0;0
3095;120;0;0;0
3096;120;0;0;0
3097;120;0;0;0
3098;120;0;0;0
3099;120;0;0;0
3100;120;0;0;0
3101;120;0;0;0
3102;120;0;0;0
3103;120;0;0;0
3104;120;0;0;0
3105;120;0;0;0
3106;120;0;0;0
3107;120;0;0;0
3108;120;0;0;0
3109;120;0;0;0
3110;120;0;0;0
3111;120;0;0;0
3112;120;0;0;0
3113;120;0;0;0
3114;120;0;0;0
3115;120;0;0;0
3116;120;0;0;0
3117;120;0;0;0
3118;120;0;0;0
3119;120;0;0;0
3120;120;0;0;0
3121;120;0;0;0
3122;120;0;0;0
3123;120;0;0;0
3124;120;0;0;0
3125;120;0;0;0
3126;120;0;0;0
3127;120;0;0;0
3128;120;0;0;0
3129;120;0;0;0
3130;120;0;0;0
3131;120;0;0;0
3132;120;0;0;0
3133;120;0;0;0
3134;120;0;0;0
3135;120;0;0;0
3136;120;0;0;0
3137;120;0;0;0
3138;120;0;0;0
3139;120;0;0;0
3140;120;0;0;0
3141;120;0;0;0
3142;120;0;0;0
3143;120;0;0;0
3144;120;0;0;0
3145;120;0;0;0
3146;120;0;0;0
3147;120;0;0;0
3148;120;0;0;0
3149;120;0;0;0
3150;120;0;0;0
3151;120;0;0;0
3152;120;0;0;0
3153;120;0;0;0
3154;120;0;0;0
3155;120;0;0;0
3156;120;0;0;0
3157;120;0;0;0
3158;120;0;0;0
3159;120;0;0;0
3160;120;0;0;0
3161;120;0;0;0
3162;120;0;0;0
3163;120;0;0;0
3164;120;0;0;0
3165;120;0;0;0
3166;120;0;0;0
3167;120;0;0;0
3168;120;0;0;0
3169;120;0;0;0
3170;120;0;0;0
3171;120;0;0;0
3172;120;0;0;0
3173;120;0;0;0
3174;120;0;0;0
3175;120;0;0;0
3176;120;0;0;0
3177;120;0;0;0
3178;120;0;0;0
3179;120;0;0;0
3180;120;0;0;0
3181;120;0;0;0
3182;120;0;0;0
3183;120;0;0;0
3184;120;0;0;0
3185;120;0;0;0
3186;120;0;0;0
3187;120;0;0;0
3188;120;0;0;0
3189;120;0;0;0
3190;120;0;0;0
3191;120;0;0;0
3192;120;0;0;0
3193;120;0;0;0
3194;120;0;0;0
3195;120;0;0;0
3196;120;0;0;0
3197;120;0;0;0
3198;120;0;0;0
3199;120;0;0;0
3200;120;0;0;0
3201;120;0;0;0
3202;120;0;0;0
3203;120;0;0;0
3204;120;0;0;0
3205;120;0;0;0
3206;120;0;0;0
3207;120;0;0;0
3208;120;0;0;0
3209;120;0;0;0
3210;120;0;0;0
3211;120;0;0;0
3212;120;0;0;0
3213;120;0;0;0
3214;120;0;0;0
3215;120;0;0;0
3216;120;0;0;0
3217;120;0;0;0
3218;120;0;0;0
3219;120;0;0;0
3220;120;0;0;0
3221;120;0;0;0
3222;120;0;0;0
3223;120;0;0;0
3224;120;0;0;0
3225;120;0;0;0
3226;120;0;0;0
3227;120;0;0;0
3228;120;0;0;0
3229;120;0;0;0
3230;120;0;0;0
3231;120;0;0;0
3232;120;0;0;0
3233;120;0;0;0
3234;120;0;0;0
3235;120;0;0;0
3236;120;0;0;0
3237;120;0;0;0
3238;120;0;0;0
3239;120;0;0;0
3240;120;0;0;0
3241;120;0;0;0
3242;120;0;0;0
3243;120;0;0;0
3244;120;0;0;0
3245;120;0;0;0
3246;120;0;0;0
3247;120;0;0;0
3248;120;0;0;0
3249;120;0;0;0
3250;120;0;0;0
3251;120;0;0;0
3252;120;0;0;0
3253;120;0;0;0
3254;120;0;0;0
3255;120;0;0;0
3256;120;0;0;0
3257;120;0;0;0
3258;120;0;0;0
3259;120;0;0;0
3260;120;0;0;0
3261;120;0;0;0
3262;120;0;0;0
3263;120;0;0;0
3264;120;0;0;0
3265;120;0;0;0
3266;120;0;0;0
3267;120;0;0;0
3268;120;0;0;0
3269;120;0;0;0
3270;120;0;0;0
3271;120;0;0;0
3272;120;0;0;0
3273;120;0;0;0
3274;120;0;0;0
3275;120;0;0;0
3276;120;0;0;0
3277;120;0;0;0
3278;120;0;0;0
3279;120;0;0;0
3280;120;0;0;0
3281;120;0;0;0
3282;120;0;0;0
3283;120;0;0;0
3284;120;0;0;0
3285;120;0;0;0
3286;120;0;0;0
3287;120;0;0;0
3288;120;0;0;0
3289;120;0;0;0
3290;120;0;0;0
3291;120;0;0;0
3292;120;0;0;0
3293;120;0;0;0
3294;120;0;0;0
3295;120;0;0;0
3296;120;0;0;0
3297;120;0;0;0
3298;120;0;0;0
3299;120;0;0;0
3300;120;0;0;0
3301;120;0;0;0
3302;120;0;0;0
3303;120;0;0;0
3304;120;0;0;0
3305;120;0;0;0
3306;120;0;0;0
3307;120;0;0;0
3308;120;0;0;0
3309;120;0;0;0
3310;120;0;0;0
3311;120;0;0;0
3312;120;0;0;0
3313;120;0;0;0
3314;120;0;0;0
3315;120;0;0;0
3316;120;0;0;0
3317;120;0;0;0
3318;120;0;0;0
3319;120;0;0;0
3320;120;0;0;0
3321;120;0;0;0
3322;120;0;0;0
3323;120;0;0;0
3324;120;0;0;0
3325;120;0;0;0
3326;120;0;0;0
3327;120;0;0;0
3328;120;0;0;0
3329;120;0;0;0
3330;120;0;0;0
3331;120;0;0;0
3332;120;0;0;0
3333;120;0;0;0
3334;120;0;0;0
3335;120;0;0;0
3336;120;0;0;0
3337;120;0;0;0
3338;120;0;0;0
3339;120;0;0;0
3340;120;0;0;0
3341;120;0;0;0
3342;120;0;0;0
3343;120;0;0;0
3344;120;0;0;0
3345;120;0;0;0
3346;120;0;0;0
3347;120;0;0;0
3348;120;0;0;0
3349;120;0;0;0
3350;120;0;0;0
3351;120;0;0;0
3352;120;0;0;0
3353;120;0;0;0
3354;120;0;0;0
3355;120;0;0;0
3356;120;0;0;0
3357;120;0;0;0
3358;120;0;0;0
3359;120;0;0;0
3360;120;0;0;0
3361;120;0;0;0
3362;120;0;0;0
3363;120;0;0;0
3364;120;0;0;0
3365;120;0;0;0
3366;120;0;0;0
3367;120;0;0;0
3368;120;0;0;0
3369;120;0;0;0
3370;120;0;0;0
3371;120;0;0;0
3372;120;0;0;0
3373;120;0;0;0
3374;120;0;0;0
3375;120;0;0;0
3376;120;0;0;0
3377;120;0;0;0
3378;120;0;0;0
3379;120;0;0;0
3380;120;0;0;0
3381;120;0;0;0
3382;120;0;0;0
3383;120;0;0;0
3384;120;0;0;0
3385;120;0;0;0
3386;120;0;0;0
3387;120;0;0;0
3388;120;0;0;0
3389;120;0;0;0
3390;120;0;0;0
3391;120;0;0;0
3392;120;0;0;0
3393;120;0;0;0
3394;120;0;0;0
3395;120;0;0;0
3396;120;0;0;0
3397;120;0;0;0
3398;120;0;0;0
3399;120;0;0;0
3400;120;0;0;0
3401;120;0;0;0
3402;120;0;0;0
3403;120;0;0;0
3404;120;0;0;0
3405;120;0;0;0
3406;120;0;0;0
3407;120;0;0;0
3408;120;0;0;0
3409;120;0;0;0
3410;120;0;0;0
3411;120;0;0;0
3412;120;0;0;0
3413;120;0;0;0
3414;120;0;0;0
3415;120;0;0;0
3416;120;0;0;0
3417;120;0;0;0
3418;120;0;0;0
3419;120;0;0;0
3420;120;0;0;0
3421;120;0;0;0
3422;120;0;0;0
3423;120;0;0;0
3424;120;0;0;0
3425;120;0;0;0
3426;120;0;0;0
3427;120;0;0;0
3428;120;0;0;0
3429;120;0;0;0
3430;120;0;0;0
3431;120;0;0;0
3432;120;0;0;0
3433;120;0;0;0
3434;120;0;0;0
3435;120;0;0;0
3436;120;0;0;0
3437;120;0;0;0
3438;120;0;0;0
3439;120;0;0;0
3440;120;0;0;0
3441;120;0;0;0
3442;120;0;0;0
3443;120;0;0;0
3444;120;0;0;0
3445;120;0;0;0
3446;120;0;0;0
3447;120;0;0;0
3448;120;0;0;0
3449;120;0;0;0
3450;120;0;0;0
3451;120;0;0;0
3452;120;0;0;0
3453;120;0;0;0
3454;120;0;0;0
3455;120;0;0;0
3456;120;0;0;0
3457;120;0;0;0
3458;120;0;0;0
3459;120;0;0;0
3460;120;0;0;0
3461;120;0;0;0
3462;120;0;0;0
3463;120;0;0;0
3464;120;0;0;0
3465;120;0;0;0
3466;120;0;0;0
3467;120;0;0;0
3468;120;0;0;0
3469;120;0;0;0
3470;120;0;0;0
3471;120;0;0;0
3472;120;0;0;0
3473;120;0;0;0
3474;120;0;0;0
3475;120;0;0;0
3476;120;0;0;0
3477;120;0;0;0
3478;120;0;0;0
3479;120;0;0;0
3480;120;0;0;0
3481;120;0;0;0
3482;120;0;0;0
3483;120;0;0;0
3484;120;0;0;0
3485;120;0;0;0
3486;120;0;0;0
3487;120;0;0;0
3488;120;0;0;0
3489;120;0;0;0
3490;120;0;0;0
3491;120;0;0;0
3492;120;0;0;0
3493;120;0;0;0
3494;120;0;0;0
3495;120;0;0;0
3496;120;0;0;0
3497;120;0;0;0
3498;120;0;0;0
3499;120;0;0;0
3500;120;0;0;0
3501;120;0;0;0
3502;120;0;0;0
3503;120;0;0;0
3504;120;0;0;0
3505;120;0;0;0
3506;120;0;0;0
3507;120;0;0;0
3508;120;0;0;0
3509;120;0;0;0
3510;120;0;0;0
3511;120;0;0;0
3512;120;0;0;0
3513;120;0;0;0
3514;120;0;0;0
3515;120;0;0;0
3516;120;0;0;0
3517;120;0;0;0
3518;120;0;0;0
3519;120;0;0;0
3520;120;0;0;0
3521;120;0;0;0
3522;120;0;0;0
3523;120;0;0;0
3524;120;0;0;0
3525;120;0;0;0
3526;120;0;0;0
3527;120;0;0;0
3528;120;0;0;0
3529;120;0;0;0
3530;120;0;0;0
3531;120;0;0;0
3532;120;0;0;0
3533;120;0;0;0
3534;120;0;0;0
3535;120;0;0;0
3536;120;0;0;0
3537;120;0;0;0
3538;120;0;0;0
3539;120;0;0;0
3540;120;0;0;0
3541;120;0;0;0
3542;120;0;0;0
3543;120;0;0;0
3544;120;0;0;0
3545;120;0;0;0
3546;120;0;0;0
3547;120;0;0;0
3548;120;0;0;0
3549;120;0;0;0
3550;120;0;0;0
3551;120;0;0;0
3552;120;0;0;0
3553;120;0;0;0
3554;120;0;0;0
3555;120;0;0;0
3556;120;0;0;0
3557;120;0;0;0
3558;120;0;0;0
3559;120;0;0;0
3560;120;0;0;0
3561;120;0;0;0
3562;120;0;0;0
3563;120;0;0;0
3564;120;0;0;0
3565;120;0;0;0
3566;120;0;0;0
3567;120;0;0;0
3568;120;0;0;0
3569;120;0;0;0
3570;120;0;0;0
3571;120;0;0;0
3572;120;0;0;0
3573;120;0;0;0
3574;120;0;0;0
3575;120;0;0;0
3576;120;0;0;0
3577;120;0;0;0
3578;120;0;0;0
3579;120;0;0;0
3580;120;0;0;0
3581;120;0;0;0
3582;120;0;0;0
3583;120;0;0;0
3584;120;0;0;0
3585;120;0;0;0
3586;120;0;0;0
3587;120;0;0;0
3588;120;0;0;0
3589;120;0;0;0
3590;120;0;0;0
3591;120;0;0;0
3592;120;0;0;0
3593;120;0;0;0
3594;120;0;0;0
3595;120;0;0;0
3596;120;0;0;0
3597;120;0;0;0
3598;120;0;0;0
3599;120;0;0;0
3600;120;0;0;0
3601;120;0;0;0
3602;120;0;0;0
3603;120;0;0;0
3604;120;0;0;0
3605;120;0;0;0
3606;120;0;0;0
3607;120;0;0;0
3608;120;0;0;0
3609;120;0;0;0
3610;120;0;0;0
3611;120;0;0;0
3612;120;0;0;0
3613;120;0;0;0
3614;120;0;0;0
3615;120;0;0;0
3616;120;0;0;0
3617;120;0;0;0
3618;120;0;0;0
3619;120;0;0;0
3620;120;0;0;0
3621;120;0;0;0
3622;120;0;0;0
3623;120;0;0;0
3624;120;0;0;0
3625;120;0;0;0
3626;120;0;0;0
3627;120;0;0;0
3628;120;0;0;0
3629;120;0;0;0
3630;120;0;0;0
3631;120;0;0;0
3632;120;0;0;0
3633;119;0;0;0
3634;120;0;0;0
3635;120;0;0;0
3636;120;0;0;0
3637;120;0;0;0
3638;120;0;0;0
3639;120;0;0;0
3640;120;0;0;0
3641;120;0;0;0
3642;120;0;0;0
3643;120;0;0;0
3644;120;0;0;0
3645;120;0;0;0
3646;120;0;0;0
3647;120;0;0;0
3648;120;0;0;0
3649;120;0;0;0
3650;120;0;0;0
3651;120;0;0;0
3652;119;0;0;0
3653;119;0;0;0
3654;120;0;0;0
3655;120;0;0;0
3656;120;0;0;0
3657;120;0;0;0
3658;120;0;0;0
3659;120;0;0;0
3660;120;0;0;0
3661;120;0;0;0
3662;120;0;0;0
3663;120;0;0;0
3664;120;0;0;0
3665;120;0;0;0
3666;120;0;0;0
3667;120;0;0;0
3668;120;0;0;0
3669;119;0;0;0
3670;119;0;0;0
3671;119;0;0;0
3672;118;0;0;0
3673;119;0;0;0
3674;119;0;0;0
3675;119;0;0;0
3676;118;0;0;0
3677;118;0;0;0
3678;118;0;0;0
3679;118;0;0;0
3680;118;0;0;0
3681;118;0;0;0
3682;117;0;0;0
3683;118;0;0;0
3684;118;0;0;0
3685;118;0;0;0
3686;119;0;0;0
3687;120;0;0;0
3688;120;0;0;0
3689;120;0;0;0
3690;120;0;0;0
3691;120;0;0;0
3692;120;0;0;0
3693;120;0;0;0
3694;119;0;0;0
3695;119;0;0;0
3696;118;0;0;0
3697;119;0;0;0
3698;118;0;0;0
3699;118;0;0;0
3700;117;0;0;0
3701;117;0;0;0
3702;118;0;0;0
3703;118;0;0;0
3704;119;0;0;0
3705;119;0;0;0
3706;118;0;0;0
3707;118;0;0;0
3708;117;0;0;0
3709;117;0;0;0
3710;118;0;0;0
3711;118;0;0;0
3712;118;0;0;0
3713;119;0;0;0
3714;119;0;0;0
3715;119;0;0;0
3716;120;0;0;0
3717;120;0;0;0
3718;119;0;0;0
3719;120;0;0;0
3720;120;0;0;0
3721;120;0;0;0
3722;120;0;0;0
3723;120;0;0;0
3724;120;0;0;0
3725;120;0;0;0
3726;120;0;0;0
3727;119;0;0;0
3728;120;0;0;0
3729;120;0;0;0
3730;119;0;0;0
3731;119;0;0;0
3732;120;0;0;0
3733;120;0;0;0
3734;120;0;0;0
3735;120;0;0;0
3736;119;0;0;0
3737;119;0;0;0
3738;119;0;0;0
3739;118;0;0;0
3740;117;0;0;0
3741;116;0;0;0
3742;117;0;0;0
3743;116;0;0;0
3744;116;0;0;0
3745;118;0;0;0
3746;119;0;0;0
3747;118;0;0;0
3748;119;0;0;0
3749;119;0;0;0
3750;118;0;0;0
3751;120;0;0;0
3752;120;0;0;0
3753;120;0;0;0
3754;120;0;0;0
3755;119;0;0;0
3756;119;0;0;0
3757;120;0;0;0
3758;119;0;0;0
3759;117;0;0;0
3760;119;0;0;0
3761;119;0;0;0
3762;118;0;0;0
3763;118;0;0;0
3764;119;0;0;0
3765;119;0;0;0
3766;118;0;0;0
3767;118;0;0;0
3768;118;0;0;0
3769;119;0;0;0
3770;118;0;0;0
3771;118;0;0;0
3772;119;0;0;0
3773;117;0;0;0
3774;118;0;0;0
3775;118;0;0;0
3776;120;0;0;0
3777;120;0;0;0
3778;120;0;0;0
3779;120;0;0;0
3780;119;0;0;0
3781;119;0;0;0
3782;120;0;0;0
3783;120;0;0;0
3784;120;0;0;0
3785;120;0;0;0
3786;119;0;0;0
3787;118;0;0;0
3788;118;0;0;0
3789;115;0;0;0
3790;115;0;0;0
3791;115;0;0;0
3792;114;0;0;0
3793;115;0;0;0
3794;116;0;0;0
3795;115;0;0;0
3796;114;0;0;0
3797;113;0;0;0
3798;113;0;0;0
3799;114;0;0;0
3800;113;0;0;0
3801;112;0;0;0
3802;111;0;0;0
3803;110;0;0;0
3804;113;0;0;0
3805;113;0;0;0
3806;114;0;0;0
3807;114;0;0;0
3808;113;0;0;0
3809;112;0;0;0
3810;112;0;0;0
3811;111;0;0;0
3812;112;0;0;0
3813;111;0;0;0
3814;111;0;0;0
3815;111;0;0;0
3816;110;0;0;0
3817;112;0;0;0
3818;112;0;0;0
3819;112;0;0;0
3820;112;0;0;0
3821;112;0;0;0
3822;113;0;0;0
3823;113;0;0;0
3824;113;0;0;0
3825;114;0;0;0
3826;113;0;0;0
3827;114;0;0;0
3828;114;0;0;0
3829;115;0;0;0
3830;115;0;0;0
3831;116;0;0;0
3832;116;0;0;0
3833;115;0;0;0
3834;115;0;0;0
3835;114;0;0;0
3836;115;0;0;0
3837;115;0;0;0
3838;116;0;0;0
3839;118;0;0;0
3840;117;0;0;0
3841;117;0;0;0
3842;116;0;0;0
3843;115;0;0;0
3844;113;0;0;0
3845;115;0;0;0
3846;114;0;0;0
3847;113;0;0;0
3848;115;0;0;0
3849;117;0;0;0
3850;116;0;0;0
3851;116;0;0;0
3852;117;0;0;0
3853;116;0;0;0
3854;117;0;0;0
3855;117;0;0;0
3856;115;0;0;0
3857;116;0;0;0
3858;114;0;0;0
3859;114;0;0;0
3860;115;0;0;0
3861;114;0;0;0
3862;114;0;0;0
3863;115;0;0;0
3864;115;0;0;0
3865;116;0;0;0
3866;117;0;0;0
3867;118;0;0;0
3868;117;0;0;0
3869;117;0;0;0
3870;118;0;0;0
3871;119;0;0;0
3872;120;0;0;0
3873;120;0;0;0
3874;120;0;0;0
3875;119;0;0;0
3876;119;0;0;0
3877;120;0;0;0
3878;118;0;0;0
3879;117;0;0;0
3880;117;0;0;0
3881;116;0;0;0
3882;117;0;0;0
3883;118;0;0;0
3884;118;0;0;0
3885;118;0;0;0
3886;119;0;0;0
3887;120;0;0;0
3888;120;0;0;0
3889;120;0;0;0
3890;120;0;0;0
3891;120;0;0;0
3892;120;0;0;0
3893;119;0;0;0
3894;118;0;0;0
3895;119;0;0;0
3896;119;0;0;0
3897;119;0;0;0
3898;120;0;0;0
3899;120;0;0;0
3900;120;0;0;0
3901;120;0;0;0
3902;120;0;0;0
3903;120;0;0;0
3904;120;0;0;0
3905;120;0;0;0
3906;120;0;0;0
3907;120;0;0;0
3908;120;0;0;0
3909;120;0;0;0
3910;120;0;0;0
3911;120;0;0;0
3912;119;0;0;0
3913;119;0;0;0
3914;118;0;0;0
3915;117;0;0;0
3916;115;0;0;0
3917;114;0;0;0
3918;114;0;0;0
3919;115;0;0;0
3920;113;0;0;0
3921;113;0;0;0
3922;113;0;0;0
3923;113;0;0;0
3924;116;0;0;0
3925;117;0;0;0
3926;117;0;0;0
3927;117;0;0;0
3928;118;0;0;0
3929;120;0;0;0
3930;120;0;0;0
3931;120;0;0;0
3932;120;0;0;0
3933;120;0;0;0
3934;120;0;0;0
3935;120;0;0;0
3936;120;0;0;0
3937;120;0;0;0
3938;120;0;0;0
3939;120;0;0;0
3940;120;0;0;0
3941;120;0;0;0
3942;120;0;0;0
3943;120;0;0;0
3944;120;0;0;0
3945;120;0;0;0
3946;120;0;0;0
3947;120;0;0;0
3948;120;0;0;0
3949;120;0;0;0
3950;120;0;0;0
3951;120;0;0;0
3952;120;0;0;0
3953;120;0;0;0
3954;120;0;0;0
3955;120;0;0;0
3956;120;0;0;0
3957;120;0;0;0
3958;120;0;0;0
3959;120;0;0;0
3960;120;0;0;0
3961;120;0;0;0
3962;120;0;0;0
3963;120;0;0;0
3964;120;0;0;0
3965;120;0;0;0
3966;120;0;0;0
3967;120;0;0;0
3968;120;0;0;0
3969;120;0;0;0
3970;120;0;0;0
3971;120;0;0;0
3972;120;0;0;0
3973;120;0;0;0
3974;120;0;0;0
3975;120;0;0;0
3976;120;0;0;0
3977;120;0;0;0
3978;120;0;0;0
3979;120;0;0;0
3980;120;0;0;0
3981;120;0;0;0
3982;120;0;0;0
3983;120;0;0;0
3984;120;0;0;0
3985;120;0;0;0
3986;120;0;0;0
3987;120;0;0;0
3988;120;0;0;0
3989;120;0;0;0
3990;120;0;0;0
3991;120;0;0;0
3992;120;0;0;0
3993;120;0;0;0
3994;120;0;0;0
3995;120;0;0;0
3996;120;0;0;0
3997;120;0;0;0
3998;120;0;0;0
3999;120;0;0;0
4000;120;0;0;0
4001;120;0;0;0
4002;120;0;0;0
4003;120;0;0;0
4004;120;0;0;0
4005;120;0;0;0
4006;120;0;0;0
4007;120;0;0;0
4008;120;0;0;0
4009;120;0;0;0
4010;120;0;0;0
4011;120;0;0;0
4012;120;0;0;0
4013;120;0;0;0
4014;120;0;0;0
4015;120;0;0;0
4016;120;0;0;0
4017;120;0;0;0
4018;120;0;0;0
4019;120;0;0;0
4020;120;0;0;0
4021;120;0;0;0
4022;120;0;0;0
4023;120;0;0;0
4024;120;0;0;0
4025;120;0;0;0
4026;120;0;0;0
4027;120;0;0;0
4028;120;0;0;0
4029;120;0;0;0
4030;120;0;0;0
4031;120;0;0;0
4032;120;0;0;0
4033;120;0;0;0
4034;120;0;0;0
4035;120;0;0;0
4036;120;0;0;0
4037;120;0;0;0
4038;120;0;0;0
4039;120;0;0;0
4040;120;0;0;0
4041;120;0;0;0
4042;120;0;0;0
4043;120;0;0;0
4044;120;0;0;0
4045;120;0;0;0
4046;120;0;0;0
4047;120;0;0;0
4048;120;0;0;0
4049;120;0;0;0
4050;120;0;0;0
4051;120;0;0;0
4052;120;0;0;0
4053;120;0;0;0
4054;120;0;0;0
4055;120;0;0;0
4056;120;0;0;0
4057;120;0;0;0
4058;120;0;0;0
4059;120;0;0;0
4060;120;0;0;0
4061;120;0;0;0
4062;120;0;0;0
4063;120;0;0;0
4064;120;0;0;0
4065;120;0;0;0
4066;120;0;0;0
4067;120;0;0;0
4068;120;0;0;0
4069;120;0;0;0
4070;120;0;0;0
4071;120;0;0;0
4072;120;0;0;0
4073;120;0;0;0
4074;120;0;0;0
4075;120;0;0;0
4076;120;0;0;0
4077;120;0;0;0
4078;120;0;0;0
4079;120;0;0;0
4080;120;0;0;0
4081;120;0;0;0
4082;120;0;0;0
4083;120;0;0;0
4084;120;0;0;0
4085;120;0;0;0
4086;120;0;0;0
4087;120;0;0;0
4088;120;0;0;0
4089;120;0;0;0
4090;120;0;0;0
4091;120;0;0;0
4092;120;0;0;0
4093;120;0;0;0
4094;120;0;0;0
4095;120;0;0;0
4096;120;0;0;0
4097;120;0;0;0
4098;120;0;0;0
4099;120;0;0;0
4100;120;0;0;0
4101;120;0;0;0
4102;120;0;0;0
4103;120;0;0;0
4104;120;0;0;0
4105;120;0;0;0
4106;120;0;0;0
4107;120;0;0;0
4108;120;0;0;0
4109;120;0;0;0
4110;120;0;0;0
4111;120;0;0;0
4112;120;0;0;0
4113;120;0;0;0
4114;120;0;0;0
4115;120;0;0;0
4116;120;0;0;0
4117;120;0;0;0
4118;120;0;0;0
4119;120;0;0;0
4120;120;0;0;0
4121;120;0;0;0
4122;120;0;0;0
4123;120;0;0;0
4124;120;0;0;0
4125;120;0;0;0
4126;120;0;0;0
4127;120;0;0;0
4128;120;0;0;0
4129;120;0;0;0
4130;120;0;0;0
4131;120;0;0;0
4132;120;0;0;0
4133;120;0;0;0
4134;120;0;0;0
4135;120;0;0;0
4136;120;0;0;0
4137;120;0;0;0
4138;120;0;0;0
4139;120;0;0;0
4140;120;0;0;0
4141;120;0;0;0
4142;120;0;0;0
4143;120;0;0;0
4144;120;0;0;0
4145;120;0;0;0
4146;120;0;0;0
4147;120;0;0;0
4148;120;0;0;0
4149;120;0;0;0
4150;120;0;0;0
4151;120;0;0;0
4152;120;0;0;0
4153;120;0;0;0
4154;120;0;0;0
4155;120;0;0;0
4156;120;0;0;0
4157;120;0;0;0
4158;120;0;0;0
4159;120;0;0;0
4160;120;0;0;0
4161;120;0;0;0
4162;120;0;0;0
4163;120;0;0;0
4164;120;0;0;0
4165;120;0;0;0
4166;120;0;0;0
4167;120;0;0;0
4168;120;0;0;0
4169;120;0;0;0
4170;120;0;0;0
4171;120;0;0;0
4172;120;0;0;0
4173;120;0;0;0
4174;120;0;0;0
4175;120;0;0;0
4176;120;0;0;0
4177;120;0;0;0
4178;120;0;0;0
4179;120;0;0;0
4180;120;0;0;0
4181;120;0;0;0
4182;120;0;0;0
4183;120;0;0;0
4184;120;0;0;0
4185;120;0;0;0
4186;120;0;0;0
4187;120;0;0;0
4188;120;0;0;0
4189;120;0;0;0
4190;120;0;0;0
4191;120;0;0;0
4192;120;0;0;0
4193;120;0;0;0
4194;120;0;0;0
4195;120;0;0;0
4196;120;0;0;0
4197;120;0;0;0
4198;120;0;0;0
4199;120;0;0;0
4200;120;0;0;0
4201;120;0;0;0
4202;120;0;0;0
4203;120;0;0;0
4204;120;0;0;0
4205;120;0;0;0
4206;120;0;0;0
4207;120;0;0;0
4208;120;0;0;0
4209;120;0;0;0
4210;120;0;0;0
4211;120;0;0;0
4212;120;0;0;0
4213;120;0;0;0
4214;120;0;0;0
4215;120;0;0;0
4216;120;0;0;0
4217;120;0;0;0
4218;120;0;0;0
4219;120;0;0;0
4220;120;0;0;0
4221;120;0;0;0
4222;120;0;0;0
4223;120;0;0;0
4224;120;0;0;0
4225;120;0;0;0
4226;120;0;0;0
4227;120;0;0;0
4228;120;0;0;0
4229;120;0;0;0
4230;120;0;0;0
4231;120;0;0;0
4232;120;0;0;0
4233;120;0;0;0
4234;120;0;0;0
4235;120;0;0;0
4236;120;0;0;0
4237;120;0;0;0
4238;120;0;0;0
4239;120;0;0;0
4240;120;0;0;0
4241;120;0;0;0
4242;120;0;0;0
4243;120;0;0;0
4244;120;0;0;0
4245;120;0;0;0
4246;120;0;0;0
4247;120;0;0;0
4248;120;0;0;0
4249;120;0;0;0
4250;120;0;0;0
4251;120;0;0;0
4252;120;0;0;0
4253;120;0;0;0
4254;120;0;0;0
4255;120;0;0;0
4256;120;0;0;0
4257;120;0;0;0
4258;120;0;0;0
4259;120;0;0;0
4260;120;0;0;0
4261;120;0;0;0
4262;120;0;0;0
4263;120;0;0;0
4264;120;0;0;0
4265;120;0;0;0
4266;120;0;0;0
4267;120;0;0;0
4268;120;0;0;0
4269;120;0;0;0
4270;120;0;0;0
4271;120;0;0;0
4272;120;0;0;0
4273;120;0;0;0
4274;120;0;0;0
4275;120;0;0;0
4276;120;0;0;0
4277;120;0;0;0
4278;120;0;0;0
4279;120;0;0;0
4280;120;0;0;0
4281;120;0;0;0
4282;120;0;0;0
4283;120;0;0;0
4284;120;0;0;0
4285;120;0;0;0
4286;120;0;0;0
4287;120;0;0;0
4288;120;0;0;0
4289;120;0;0;0
4290;120;0;0;0
4291;120;0;0;0
4292;120;0;0;0
4293;120;0;0;0
4294;120;0;0;0
4295;120;0;0;0
4296;120;0;0;0
4297;120;0;0;0
4298;120;0;0;0
4299;120;0;0;0
4300;120;0;0;0
4301;120;0;0;0
4302;120;0;0;0
4303;120;0;0;0
4304;120;0;0;0
4305;120;0;0;0
4306;120;0;0;0
4307;120;0;0;0
4308;120;0;0;0
4309;120;0;0;0
4310;120;0;0;0
4311;120;0;0;0
4312;120;0;0;0
4313;120;0;0;0
4314;120;0;0;0
4315;120;0;0;0
4316;120;0;0;0
4317;120;0;0;0
4318;120;0;0;0
4319;120;0;0;0
4320;120;0;0;0
4321;120;0;0;0
4322;120;0;0;0
4323;120;0;0;0
4324;120;0;0;0
4325;120;0;0;0
4326;120;0;0;0
4327;120;0;0;0
4328;120;0;0;0
4329;120;0;0;0
4330;120;0;0;0
4331;120;0;0;0
4332;120;0;0;0
4333;120;0;0;0
4334;120;0;0;0
4335;120;0;0;0
4336;120;0;0;0
4337;120;0;0;0
4338;120;0;0;0
4339;120;0;0;0
4340;120;0;0;0
4341;120;0;0;0
4342;120;0;0;0
4343;120;0;0;0
4344;120;0;0;0
4345;120;0;0;0
4346;120;0;0;0
4347;120;0;0;0
4348;120;0;0;0
4349;120;0;0;0
4350;120;0;0;0
4351;120;0;0;0
4352;120;0;0;0
4353;120;0;0;0
4354;120;0;0;0
4355;120;0;0;0
4356;120;0;0;0
4357;120;0;0;0
4358;120;0;0;0
4359;120;0;0;0
4360;120;0;0;0
4361;120;0;0;0
4362;120;0;0;0
4363;120;0;0;0
4364;120;0;0;0
4365;120;0;0;0
4366;120;0;0;0
4367;120;0;0;0
4368;120;0;0;0
4369;120;0;0;0
4370;120;0;0;0
4371;120;0;0;0
4372;120;0;0;0
4373;120;0;0;0
4374;120;0;0;0
4375;120;0;0;0
4376;120;0;0;0
4377;120;0;0;0
4378;120;0;0;0
4379;120;0;0;0
4380;120;0;0;0
4381;120;0;0;0
4382;120;0;0;0
4383;120;0;0;0
4384;120;0;0;0
4385;120;0;0;0
4386;120;0;0;0
4387;120;0;0;0
4388;120;0;0;0
4389;120;0;0;0
4390;120;0;0;0
4391;120;0;0;0
4392;120;0;0;0
4393;120;0;0;0
4394;120;0;0;0
4395;120;0;0;0
4396;120;0;0;0
4397;120;0;0;0
4398;120;0;0;0
4399;120;0;0;0
4400;120;0;0;0
4401;120;0;0;0
4402;120;0;0;0
4403;120;0;0;0
4404;120;0;0;0
4405;120;0;0;0
4406;120;0;0;0
4407;120;0;0;0
4408;120;0;0;0
4409;120;0;0;0
4410;120;0;0;0
4411;120;0;0;0
4412;120;0;0;0
4413;120;0;0;0
4414;120;0;0;0
4415;120;0;0;0
4416;120;0;0;0
4417;120;0;0;0
4418;120;0;0;0
4419;120;0;0;0
4420;120;0;0;0
4421;120;0;0;0
4422;120;0;0;0
4423;120;0;0;0
4424;120;0;0;0
4425;120;0;0;0
4426;120;0;0;0
4427;120;0;0;0
4428;120;0;0;0
4429;120;0;0;0
4430;120;0;0;0
4431;120;0;0;0
4432;120;0;0;0
4433;120;0;0;0
4434;120;0;0;0
4435;120;0;0;0
4436;120;0;0;0
4437;120;0;0;0
4438;120;0;0;0
4439;120;0;0;0
4440;120;0;0;0
4441;120;0;0;0
4442;120;0;0;0
4443;120;0;0;0
4444;120;0;0;0
4445;120;0;0;0
4446;120;0;0;0
4447;120;0;0;0
4448;120;0;0;0
4449;120;0;0;0
4450;120;0;0;0
4451;120;0;0;0
4452;120;0;0;0
4453;120;0;0;0
4454;120;0;0;0
4455;120;0;0;0
4456;120;0;0;0
4457;120;0;0;0
4458;120;0;0;0
4459;120;0;0;0
4460;120;0;0;0
4461;120;0;0;0
4462;120;0;0;0
4463;120;0;0;0
4464;120;0;0;0
4465;120;0;0;0
4466;120;0;0;0
4467;120;0;0;0
4468;120;0;0;0
4469;120;0;0;0
4470;120;0;0;0
4471;120;0;0;0
4472;120;0;0;0
4473;120;0;0;0
4474;120;0;0;0
4475;120;0;0;0
4476;120;0;0;0
4477;120;0;0;0
4478;120;0;0;0
4479;120;0;0;0
4480;120;0;0;0
4481;120;0;0;0
4482;120;0;0;0
4483;120;0;0;0
4484;120;0;0;0
4485;120;0;0;0
4486;120;0;0;0
4487;120;0;0;0
4488;120;0;0;0
4489;120;0;0;0
4490;120;0;0;0
4491;120;0;0;0
4492;120;0;0;0
4493;120;0;0;0
4494;120;0;0;0
4495;120;0;0;0
4496;120;0;0;0
4497;120;0;0;0
4498;120;0;0;0
4499;120;0;0;0
4500;120;0;0;0
4501;120;0;0;0
4502;120;0;0;0
4503;120;0;0;0
4504;120;0;0;0
4505;120;0;0;0
4506;120;0;0;0
4507;120;0;0;0
4508;120;0;0;0
4509;120;0;0;0
4510;120;0;0;0
4511;120;0;0;0
4512;120;0;0;0
4513;120;0;0;0
4514;120;0;0;0
4515;120;0;0;0
4516;120;0;0;0
4517;120;0;0;0
4518;120;0;0;0
4519;120;0;0;0
4520;120;0;0;0
4521;120;0;0;0
4522;120;0;0;0
4523;120;0;0;0
4524;120;0;0;0
4525;120;0;0;0
4526;120;0;0;0
4527;120;0;0;0
4528;120;0;0;0
4529;120;0;0;0
4530;120;0;0;0
4531;120;0;0;0
4532;120;0;0;0
4533;120;0;0;0
4534;120;0;0;0
4535;120;0;0;0
4536;120;0;0;0
4537;120;0;0;0
4538;120;0;0;0
4539;120;0;0;0
4540;120;0;0;0
4541;120;0;0;0
4542;120;0;0;0
4543;120;0;0;0
4544;120;0;0;0
4545;120;0;0;0
4546;120;0;0;0
4547;120;0;0;0
4548;120;0;0;0
4549;120;0;0;0
4550;120;0;0;0
4551;120;0;0;0
4552;120;0;0;0
4553;120;0;0;0
4554;120;0;0;0
4555;120;0;0;0
4556;120;0;0;0
4557;120;0;0;0
4558;120;0;0;0
4559;120;0;0;0
4560;120;0;0;0
4561;120;0;0;0
4562;120;0;0;0
4563;120;0;0;0
4564;120;0;0;0
4565;120;0;0;0
4566;120;0;0;0
4567;120;0;0;0
4568;120;0;0;0
4569;120;0;0;0
4570;120;0;0;0
4571;120;0;0;0
4572;120;0;0;0
4573;120;0;0;0
4574;120;0;0;0
4575;120;0;0;0
4576;120;0;0;0
4577;120;0;0;0
4578;120;0;0;0
4579;120;0;0;0
4580;120;0;0;0
4581;120;0;0;0
4582;120;0;0;0
4583;120;0;0;0
4584;120;0;0;0
4585;120;0;0;0
4586;120;0;0;0
4587;120;0;0;0
4588;120;0;0;0
4589;120;0;0;0
4590;120;0;0;0
4591;120;0;0;0
4592;120;0;0;0
4593;120;0;0;0
4594;120;0;0;0
4595;120;0;0;0
4596;120;0;0;0
4597;120;0;0;0
4598;120;0;0;0
4599;120;0;0;0
4600;120;0;0;0
4601;120;0;0;0
4602;120;0;0;0
4603;120;0;0;0
4604;120;0;0;0
4605;120;0;0;0
4606;120;0;0;0
4607;120;0;0;0
4608;120;0;0;0
4609;120;0;0;0
4610;120;0;0;0
4611;120;0;0;0
4612;120;0;0;0
4613;120;0;0;0
4614;120;0;0;0
4615;120;0;0;0
4616;120;0;0;0
4617;120;0;0;0
4618;120;0;0;0
4619;120;0;0;0
4620;120;0;0;0
4621;120;0;0;0
4622;120;0;0;0
4623;120;0;0;0
4624;120;0;0;0
4625;120;0;0;0
4626;120;0;0;0
4627;120;0;0;0
4628;120;0;0;0
4629;120;0;0;0
4630;120;0;0;0
4631;120;0;0;0
4632;120;0;0;0
4633;120;0;0;0
4634;120;0;0;0
4635;120;0;0;0
4636;120;0;0;0
4637;120;0;0;0
4638;120;0;0;0
4639;120;0;0;0
4640;120;0;0;0
4641;120;0;0;0
4642;120;0;0;0
4643;120;0;0;0
4644;120;0;0;0
4645;120;0;0;0
4646;120;0;0;0
4647;120;0;0;0
4648;120;0;0;0
4649;120;0;0;0
4650;120;0;0;0
4651;120;0;0;0
4652;120;0;0;0
4653;120;0;0;0
4654;120;0;0;0
4655;120;0;0;0
4656;120;0;0;0
4657;120;0;0;0
4658;120;0;0;0
4659;120;0;0;0
4660;120;0;0;0
4661;120;0;0;0
4662;120;0;0;0
4663;120;0;0;0
4664;120;0;0;0
4665;120;0;0;0
4666;120;0;0;0
4667;120;0;0;0
4668;120;0;0;0
4669;120;0;0;0
4670;120;0;0;0
4671;120;0;0;0
4672;120;0;0;0
4673;120;0;0;0
4674;120;0;0;0
4675;120;0;0;0
4676;120;0;0;0
4677;120;0;0;0
4678;120;0;0;0
4679;120;0;0;0
4680;120;0;0;0
4681;120;0;0;0
4682;120;0;0;0
4683;120;0;0;0
4684;120;0;0;0
4685;120;0;0;0
4686;120;0;0;0
4687;120;0;0;0
4688;120;0;0;0
4689;120;0;0;0
4690;120;0;0;0
4691;120;0;0;0
4692;120;0;0;0
4693;120;0;0;0
4694;120;0;0;0
4695;120;0;0;0
4696;120;0;0;0
4697;120;0;0;0
4698;120;0;0;0
4699;120;0;0;0
4700;120;0;0;0
4701;120;0;0;0
4702;120;0;0;0
4703;120;0;0;0
4704;120;0;0;0
4705;120;0;0;0
4706;120;0;0;0
4707;120;0;0;0
4708;120;0;0;0
4709;120;0;0;0
4710;120;0;0;0
4711;120;0;0;0
4712;120;0;0;0
4713;120;0;0;0
4714;120;0;0;0
4715;120;0;0;0
4716;120;0;0;0
4717;120;0;0;0
4718;120;0;0;0
4719;120;0;0;0
4720;120;0;0;0
4721;120;0;0;0
4722;120;0;0;0
4723;120;0;0;0
4724;120;0;0;0
4725;120;0;0;0
4726;120;0;0;0
4727;120;0;0;0
4728;120;0;0;0
4729;120;0;0;0
4730;120;0;0;0
4731;120;0;0;0
4732;120;0;0;0
4733;120;0;0;0
4734;120;0;0;0
4735;120;0;0;0
4736;120;0;0;0
4737;120;0;0;0
4738;120;0;0;0
4739;120;0;0;0
4740;120;0;0;0
4741;120;0;0;0
4742;120;0;0;0
4743;120;0;0;0
4744;120;0;0;0
4745;120;0;0;0
4746;120;0;0;0
4747;120;0;0;0
4748;120;0;0;0
4749;120;0;0;0
4750;120;0;0;0
4751;120;0;0;0
4752;120;0;0;0
4753;120;0;0;0
4754;120;0;0;0
4755;120;0;0;0
4756;120;0;0;0
4757;120;0;0;0
4758;120;0;0;0
4759;120;0;0;0
4760;120;0;0;0
4761;120;0;0;0
4762;120;0;0;0
4763;120;0;0;0
4764;120;0;0;0
4765;120;0;0;0
4766;120;0;0;0
4767;120;0;0;0
4768;120;0;0;0
4769;120;0;0;0
4770;120;0;0;0
4771;120;0;0;0
4772;120;0;0;0
4773;120;0;0;0
4774;120;0;0;0
4775;120;0;0;0
4776;120;0;0;0
4777;120;0;0;0
4778;120;0;0;0
4779;120;0;0;0
4780;120;0;0;0
4781;120;0;0;0
4782;120;0;0;0
4783;120;0;0;0
4784;120;0;0;0
4785;120;0;0;0
4786;120;0;0;0
4787;120;0;0;0
4788;120;0;0;0
4789;120;0;0;0
4790;120;0;0;0
4791;120;0;0;0
4792;120;0;0;0
4793;120;0;0;0
4794;120;0;0;0
4795;120;0;0;0
4796;120;0;0;0
4797;120;0;0;0
4798;120;0;0;0
4799;120;0;0;0
4800;120;0;0;0
4801;120;0;0;0
4802;120;0;0;0
4803;120;0;0;0
4804;120;0;0;0
4805;120;0;0;0
4806;120;0;0;0
4807;120;0;0;0
4808;120;0;0;0
4809;120;0;0;0
4810;120;0;0;0
4811;120;0;0;0
4812;120;0;0;0
4813;120;0;0;0
4814;120;0;0;0
4815;120;0;0;0
4816;120;0;0;0
4817;120;0;0;0
4818;120;0;0;0
4819;120;0;0;0
4820;120;0;0;0
4821;120;0;0;0
4822;120;0;0;0
4823;120;0;0;0
4824;120;0;0;0
4825;120;0;0;0
4826;120;0;0;0
4827;120;0;0;0
4828;120;0;0;0
4829;120;0;0;0
4830;120;0;0;0
4831;120;0;0;0
4832;120;0;0;0
4833;120;0;0;0
4834;120;0;0;0
4835;120;0;0;0
4836;120;0;0;0
4837;120;0;0;0
4838;120;0;0;0
4839;120;0;0;0
4840;120;0;0;0
4841;120;0;0;0
4842;120;0;0;0
4843;120;0;0;0
4844;120;0;0;0
4845;120;0;0;0
4846;120;0;0;0
4847;120;0;0;0
4848;120;0;0;0
4849;120;0;0;0
4850;120;0;0;0
4851;120;0;0;0
4852;120;0;0;0
4853;120;0;0;0
4854;120;0;0;0
4855;120;0;0;0
4856;120;0;0;0
4857;120;0;0;0
4858;120;0;0;0
4859;120;0;0;0
4860;120;0;0;0
4861;120;0;0;0
4862;120;0;0;0
4863;120;0;0;0
4864;120;0;0;0
4865;120;0;0;0
4866;120;0;0;0
4867;120;0;0;0
4868;120;0;0;0
4869;120;0;0;0
4870;120;0;0;0
4871;120;0;0;0
4872;120;0;0;0
4873;120;0;0;0
4874;120;0;0;0
4875;120;0;0;0
4876;120;0;0;0
4877;120;0;0;0
4878;120;0;0;0
4879;120;0;0;0
4880;120;0;0;0
4881;120;0;0;0
4882;120;0;0;0
4883;120;0;0;0
4884;120;0;0;0
4885;120;0;0;0
4886;120;0;0;0
4887;120;0;0;0
4888;120;0;0;0
4889;120;0;0;0
4890;120;0;0;0
4891;120;0;0;0
4892;120;0;0;0
4893;120;0;0;0
4894;120;0;0;0
4895;120;0;0;0
4896;120;0;0;0
4897;120;0;0;0
4898;120;0;0;0
4899;120;0;0;0
4900;120;0;0;0
4901;120;0;0;0
4902;120;0;0;0
4903;120;0;0;0
4904;120;0;0;0
4905;120;0;0;0
4906;120;0;0;0
4907;120;0;0;0
4908;120;0;0;0
4909;120;0;0;0
4910;120;0;0;0
4911;120;0;0;0
4912;120;0;0;0
4913;120;0;0;0
4914;120;0;0;0
4915;120;0;0;0
4916;120;0;0;0
4917;120;0;0;0
4918;120;0;0;0
4919;120;0;0;0
4920;120;0;0;0
4921;120;0;0;0
4922;120;0;0;0
4923;120;0;0;0
4924;120;0;0;0
4925;120;0;0;0
4926;120;0;0;0
4927;120;0;0;0
4928;120;0;0;0
4929;120;0;0;0
4930;120;0;0;0
4931;120;0;0;0
4932;120;0;0;0
4933;120;0;0;0
4934;120;0;0;0
4935;120;0;0;0
4936;120;0;0;0
4937;120;0;0;0
4938;120;0;0;0
4939;120;0;0;0
4940;120;0;0;0
4941;120;0;0;0
4942;120;0;0;0
4943;120;0;0;0
4944;120;0;0;0
4945;120;0;0;0
4946;120;0;0;0
4947;120;0;0;0
4948;120;0;0;0
4949;120;0;0;0
4950;120;0;0;0
4951;120;0;0;0
4952;120;0;0;0
4953;120;0;0;0
4954;120;0;0;0
4955;120;0;0;0
4956;120;0;0;0
4957;120;0;0;0
4958;120;0;0;0
4959;120;0;0;0
4960;120;0;0;0
4961;120;0;0;0
4962;120;0;0;0
4963;120;0;0;0
4964;120;0;0;0
4965;120;0;0;0
4966;120;0;0;0
4967;120;0;0;0
4968;120;0;0;0
4969;120;0;0;0
4970;120;0;0;0
4971;120;0;0;0
4972;120;0;0;0
4973;120;0;0;0
4974;120;0;0;0
4975;120;0;0;0
4976;120;0;0;0
4977;120;0;0;0
4978;120;0;0;0
4979;120;0;0;0
4980;120;0;0;0
4981;120;0;0;0
4982;120;0;0;0
4983;120;0;0;0
4984;120;0;0;0
4985;120;0;0;0
4986;120;0;0;0
4987;120;0;0;0
4988;120;0;0;0
4989;120;0;0;0
4990;120;0;0;0
4991;120;0;0;0
4992;120;0;0;0
4993;120;0;0;0
4994;120;0;0;0
4995;120;0;0;0
4996;120;0;0;0
4997;120;0;0;0
4998;120;0;0;0
4999;120;0;0;0
5000;120;0;0;0
5001;120;0;0;0
5002;120;0;0;0
5003;120;0;0;0
5004;120;0;0;0
5005;120;0;0;0
5006;120;0;0;0
5007;120;0;0;0
5008;120;0;0;0
5009;120;0;0;0
5010;120;0;0;0
5011;120;0;0;0
5012;120;0;0;0
5013;120;0;0;0
5014;120;0;0;0
5015;120;0;0;0
5016;120;0;0;0
5017;120;0;0;0
5018;120;0;0;0
5019;120;0;0;0
5020;120;0;0;0
5021;120;0;0;0
5022;120;0;0;0
5023;120;0;0;0
5024;120;0;0;0
5025;120;0;0;0
5026;120;0;0;0
5027;120;0;0;0
5028;120;0;0;0
5029;120;0;0;0
5030;120;0;0;0
5031;120;0;0;0
5032;120;0;0;0
5033;120;0;0;0
5034;120;0;0;0
5035;120;0;0;0
5036;120;0;0;0
5037;120;0;0;0
5038;120;0;0;0
5039;120;0;0;0
5040;120;0;0;0
5041;120;0;0;0
5042;120;0;0;0
5043;120;0;0;0
5044;120;0;0;0
5045;120;0;0;0
5046;120;0;0;0
5047;120;0;0;0
5048;120;0;0;0
5049;120;0;0;0
5050;120;0;0;0
5051;120;0;0;0
5052;120;0;0;0
5053;120;0;0;0
5054;120;0;0;0
5055;120;0;0;0
5056;120;0;0;0
5057;120;0;0;0
5058;120;0;0;0
5059;120;0;0;0
5060;120;0;0;0
5061;120;0;0;0
5062;120;0;0;0
5063;120;0;0;0
5064;120;0;0;0
5065;120;0;0;0
5066;120;0;0;0
5067;120;0;0;0
5068;120;0;0;0
5069;120;0;0;0
5070;120;0;0;0
5071;120;0;0;0
5072;120;0;0;0
5073;120;0;0;0
5074;120;0;0;0
5075;120;0;0;0
5076;120;0;0;0
5077;120;0;0;0
5078;120;0;0;0
5079;120;0;0;0
5080;120;0;0;0
5081;120;0;0;0
5082;120;0;0;0
5083;120;0;0;0
5084;120;0;0;0
5085;120;0;0;0
5086;120;0;0;0
5087;120;0;0;0
5088;120;0;0;0
5089;120;0;0;0
5090;120;0;0;0
5091;120;0;0;0
5092;120;0;0;0
5093;120;0;0;0
5094;120;0;0;0
5095;120;0;0;0
5096;120;0;0;0
5097;120;0;0;0
5098;120;0;0;0
5099;120;0;0;0
5100;120;0;0;0
5101;120;0;0;0
5102;120;0;0;0
5103;120;0;0;0
5104;120;0;0;0
5105;120;0;0;0
5106;120;0;0;0
5107;120;0;0;0
5108;120;0;0;0
5109;120;0;0;0
5110;120;0;0;0
5111;120;0;0;0
5112;120;0;0;0
5113;120;0;0;0
5114;120;0;0;0
5115;120;0;0;0
5116;120;0;0;0
5117;120;0;0;0
5118;120;0;0;0
5119;120;0;0;0
5120;120;0;0;0
5121;120;0;0;0
5122;120;0;0;0
5123;120;0;0;0
5124;120;0;0;0
5125;120;0;0;0
5126;120;0;0;0
5127;120;0;0;0
5128;120;0;0;0
5129;120;0;0;0
5130;120;0;0;0
5131;120;0;0;0
5132;120;0;0;0
5133;120;0;0;0
5134;120;0;0;0
5135;120;0;0;0
5136;120;0;0;0
5137;120;0;0;0
5138;120;0;0;0
5139;120;0;0;0
5140;120;0;0;0
5141;120;0;0;0
5142;120;0;0;0
5143;120;0;0;0
5144;120;0;0;0
5145;120;0;0;0
5146;120;0;0;0
5147;120;0;0;0
5148;120;0;0;0
5149;120;0;0;0
5150;120;0;0;0
5151;120;0;0;0
5152;120;0;0;0
5153;120;0;0;0
5154;120;0;0;0
5155;120;0;0;0
5156;120;0;0;0
5157;120;0;0;0
5158;120;0;0;0
5159;120;0;0;0
5160;120;0;0;0
5161;120;0;0;0
5162;120;0;0;0
5163;120;0;0;0
5164;120;0;0;0
5165;120;0;0;0
5166;120;0;0;0
5167;120;0;0;0
5168;120;0;0;0
5169;120;0;0;0
5170;120;0;0;0
5171;120;0;0;0
5172;120;0;0;0
5173;120;0;0;0
5174;120;0;0;0
5175;120;0;0;0
5176;120;0;0;0
5177;120;0;0;0
5178;120;0;0;0
5179;120;0;0;0
5180;120;0;0;0
5181;120;0;0;0
5182;120;0;0;0
5183;120;0;0;0
5184;120;0;0;0
5185;120;0;0;0
5186;120;0;0;0
5187;120;0;0;0
5188;120;0;0;0
5189;120;0;0;0
5190;120;0;0;0
5191;120;0;0;0
5192;120;0;0;0
5193;120;0;0;0
5194;120;0;0;0
5195;120;0;0;0
5196;120;0;0;0
5197;120;0;0;0
5198;120;0;0;0
5199;120;0;0;0
5200;120;0;0;0
5201;120;0;0;0
5202;120;0;0;0
5203;120;0;0;0
5204;120;0;0;0
5205;120;0;0;0
5206;120;0;0;0
5207;120;0;0;0
5208;120;0;0;0
5209;120;0;0;0
5210;120;0;0;0
5211;120;0;0;0
5212;120;0;0;0
5213;120;0;0;0
5214;120;0;0;0
5215;120;0;0;0
5216;120;0;0;0
5217;120;0;0;0
5218;120;0;0;0
5219;120;0;0;0
5220;120;0;0;0
5221;120;0;0;0
5222;120;0;0;0
5223;120;0;0;0
5224;120;0;0;0
5225;120;0;0;0
5226;120;0;0;0
5227;120;0;0;0
5228;120;0;0;0
5229;120;0;0;0
5230;120;0;0;0
5231;120;0;0;0
5232;120;0;0;0
5233;120;0;0;0
5234;120;0;0;0
5235;120;0;0;0
5236;120;0;0;0
5237;120;0;0;0
5238;120;0;0;0
5239;120;0;0;0
5240;120;0;0;0
5241;120;0;0;0
5242;120;0;0;0
5243;120;0;0;0
5244;120;0;0;0
5245;120;0;0;0
5246;120;0;0;0
5247;120;0;0;0
5248;120;0;0;0
5249;120;0;0;0
5250;120;0;0;0
5251;120;0;0;0
5252;120;0;0;0
5253;120;0;0;0
5254;120;0;0;0
5255;120;0;0;0
5256;120;0;0;0
5257;120;0;0;0
5258;120;0;0;0
5259;120;0;0;0
5260;120;0;0;0
5261;120;0;0;0
5262;120;0;0;0
5263;120;0;0;0
5264;120;0;0;0
5265;120;0;0;0
5266;120;0;0;0
5267;120;0;0;0
5268;120;0;0;0
5269;120;0;0;0
5270;120;0;0;0
5271;120;0;0;0
5272;120;0;0;0
5273;120;0;0;0
5274;120;0;0;0
5275;120;0;0;0
5276;120;0;0;0
5277;120;0;0;0
5278;120;0;0;0
5279;120;0;0;0
5280;120;0;0;0
5281;120;0;0;0
5282;120;0;0;0
5283;120;0;0;0
5284;120;0;0;0
5285;120;0;0;0
5286;120;0;0;0
5287;120;0;0;0
5288;120;0;0;0
5289;120;0;0;0
5290;120;0;0;0
5291;120;0;0;0
5292;120;0;0;0
5293;120;0;0;0
5294;120;0;0;0
5295;120;0;0;0
5296;120;0;0;0
5297;120;0;0;0
5298;120;0;0;0
5299;120;0;0;0
5300;120;0;0;0
5301;120;0;0;0
5302;120;0;0;0
5303;120;0;0;0
5304;120;0;0;0
5305;120;0;0;0
5306;120;0;0;0
5307;120;0;0;0
5308;120;0;0;0
5309;120;0;0;0
5310;120;0;0;0
5311;120;0;0;0
5312;120;0;0;0
5313;120;0;0;0
5314;120;0;0;0
5315;120;0;0;0
5316;120;0;0;0
5317;120;0;0;0
5318;120;0;0;0
5319;120;0;0;0
5320;120;0;0;0
5321;120;0;0;0
5322;120;0;0;0
5323;120;0;0;0
5324;120;0;0;0
5325;120;0;0;0
5326;120;0;0;0
5327;120;0;0;0
5328;120;0;0;0
5329;120;0;0;0
5330;120;0;0;0
5331;120;0;0;0
5332;120;0;0;0
5333;120;0;0;0
5334;120;0;0;0
5335;120;0;0;0
5336;120;0;0;0
5337;120;0;0;0
5338;120;0;0;0
5339;120;0;0;0
5340;120;0;0;0
5341;120;0;0;0
5342;120;0;0;0
5343;120;0;0;0
5344;120;0;0;0
5345;120;0;0;0
5346;120;0;0;0
5347;120;0;0;0
5348;120;0;0;0
5349;120;0;0;0
5350;120;0;0;0
5351;120;0;0;0
5352;120;0;0;0
5353;120;0;0;0
5354;120;0;0;0
5355;120;0;0;0
5356;120;0;0;0
5357;120;0;0;0
5358;120;0;0;0
5359;120;0;0;0
5360;120;0;0;0
5361;120;0;0;0
5362;120;0;0;0
5363;120;0;0;0
5364;120;0;0;0
5365;120;0;0;0
5366;120;0;0;0
5367;120;0;0;0
5368;120;0;0;0
5369;120;0;0;0
5370;120;0;0;0
5371;120;0;0;0
5372;120;0;0;0
5373;120;0;0;0
5374;120;0;0;0
5375;120;0;0;0
5376;120;0;0;0
5377;120;0;0;0
5378;120;0;0;0
5379;120;0;0;0
5380;120;0;0;0
5381;120;0;0;0
5382;120;0;0;0
5383;120;0;0;0
5384;120;0;0;0
5385;120;0;0;0
5386;120;0;0;0
5387;120;0;0;0
5388;120;0;0;0
5389;120;0;0;0
5390;120;0;0;0
5391;120;0;0;0
5392;120;0;0;0
5393;120;0;0;0
5394;120;0;0;0
5395;120;0;0;0
5396;120;0;0;0
5397;120;0;0;0
5398;120;0;0;0
5399;120;0;0;0
5400;120;0;0;0
5401;120;0;0;0
5402;120;0;0;0
5403;120;0;0;0
5404;120;0;0;0
5405;120;0;0;0
5406;120;0;0;0
5407;120;0;0;0
5408;120;0;0;0
5409;120;0;0;0
5410;120;0;0;0
5411;120;0;0;0
5412;120;0;0;0
5413;120;0;0;0
5414;120;0;0;0
5415;120;0;0;0
5416;120;0;0;0
5417;120;0;0;0
5418;120;0;0;0
5419;120;0;0;0
5420;120;0;0;0
5421;120;0;0;0
5422;120;0;0;0
5423;120;0;0;0
5424;120;0;0;0
5425;120;0;0;0
5426;120;0;0;0
5427;120;0;0;0
5428;120;0;0;0
5429;120;0;0;0
5430;120;0;0;0
5431;120;0;0;0
5432;120;0;0;0
5433;120;0;0;0
5434;120;0;0;0
5435;119;0;0;0
5436;119;0;0;0
5437;119;0;0;0
5438;119;0;0;0
5439;120;0;0;0
5440;120;0;0;0
5441;120;0;0;0
5442;120;0;0;0
5443;120;0;0;0
5444;119;0;0;0
5445;120;0;0;0
5446;120;0;0;0
5447;120;0;0;0
5448;120;0;0;0
5449;120;0;0;0
5450;120;0;0;0
5451;120;0;0;0
5452;120;0;0;0
5453;120;0;0;0
5454;120;0;0;0
5455;119;0;0;0
5456;119;0;0;0
5457;119;0;0;0
5458;119;0;0;0
5459;119;0;0;0
5460;120;0;0;0
5461;120;0;0;0
5462;120;0;0;0
5463;120;0;0;0
5464;119;0;0;0
5465;120;0;0;0
5466;120;0;0;0
5467;120;0;0;0
5468;120;0;0;0
5469;120;0;0;0
5470;120;0;0;0
5471;120;0;0;0
5472;120;0;0;0
5473;120;0;0;0
5474;119;0;0;0
5475;119;0;0;0
5476;120;0;0;0
5477;120;0;0;0
5478;120;0;0;0
5479;119;0;0;0
5480;119;0;0;0
5481;119;0;0;0
5482;120;0;0;0
5483;120;0;0;0
5484;120;0;0;0
5485;120;0;0;0
5486;120;0;0;0
5487;120;0;0;0
5488;119;0;0;0
5489;120;0;0;0
5490;120;0;0;0
5491;119;0;0;0
5492;119;0;0;0
5493;119;0;0;0
5494;120;0;0;0
5495;120;0;0;0
5496;120;0;0;0
5497;120;0;0;0
5498;120;0;0;0
5499;120;0;0;0
5500;120;0;0;0
5501;120;0;0;0
5502;120;0;0;0
5503;119;0;0;0
5504;119;0;0;0
5505;120;0;0;0
5506;120;0;0;0
5507;120;0;0;0
5508;120;0;0;0
5509;120;0;0;0
5510;120;0;0;0
5511;119;0;0;0
5512;119;0;0;0
5513;120;0;0;0
5514;119;0;0;0
5515;119;0;0;0
5516;120;0;0;0
5517;119;0;0;0
5518;119;0;0;0
5519;119;0;0;0
5520;118;0;0;0
5521;119;0;0;0
5522;120;0;0;0
5523;120;0;0;0
5524;120;0;0;0
5525;120;0;0;0
5526;119;0;0;0
5527;120;0;0;0
5528;120;0;0;0
5529;119;0;0;0
5530;119;0;0;0
5531;120;0;0;0
5532;120;0;0;0
5533;120;0;0;0
5534;120;0;0;0
5535;120;0;0;0
5536;120;0;0;0
5537;120;0;0;0
5538;118;0;0;0
5539;119;0;0;0
5540;120;0;0;0
5541;120;0;0;0
5542;120;0;0;0
5543;120;0;0;0
5544;120;0;0;0
5545;120;0;0;0
5546;118;0;0;0
5547;117;0;0;0
5548;117;0;0;0
5549;116;0;0;0
5550;116;0;0;0
5551;116;0;0;0
5552;114;0;0;0
5553;115;0;0;0
5554;114;0;0;0
5555;113;0;0;0
5556;114;0;0;0
5557;115;0;0;0
5558;114;0;0;0
5559;112;0;0;0
5560;112;0;0;0
5561;111;0;0;0
5562;111;0;0;0
5563;111;0;0;0
5564;111;0;0;0
5565;110;0;0;0
5566;110;0;0;0
5567;110;0;0;0
5568;110;0;0;0
5569;110;0;0;0
5570;109;0;0;0
5571;110;0;0;0
5572;110;0;0;0
5573;110;0;0;0
5574;110;0;0;0
5575;109;0;0;0
5576;109;0;0;0
5577;107;0;0;0
5578;107;0;0;0
5579;107;0;0;0
5580;107;0;0;0
5581;107;0;0;0
5582;107;0;0;0
5583;107;0;0;0
5584;107;0;0;0
5585;107;0;0;0
5586;107;0;0;0
5587;108;0;0;0
5588;108;0;0;0
5589;107;0;0;0
5590;107;0;0;0
5591;107;0;0;0
5592;107;0;0;0
5593;108;0;0;0
5594;107;0;0;0
5595;106;0;0;0
5596;106;0;0;0
5597;106;0;0;0
5598;107;0;0;0
5599;107;0;0;0
5600;107;0;0;0
5601;107;0;0;0
5602;107;0;0;0
5603;107;0;0;0
5604;107;0;0;0
5605;105;0;0;0
5606;104;0;0;0
5607;103;0;0;0
5608;103;0;0;0
5609;103;0;0;0
5610;103;0;0;0
5611;104;0;0;0
5612;106;0;0;0
5613;105;0;0;0
5614;106;0;0;0
5615;106;0;0;0
5616;108;0;0;0
5617;109;0;0;0
5618;107;0;0;0
5619;108;0;0;0
5620;110;0;0;0
5621;110;0;0;0
5622;110;0;0;0
5623;110;0;0;0
5624;110;0;0;0
5625;110;0;0;0
5626;110;0;0;0
5627;110;0;0;0
5628;110;0;0;0
5629;111;0;0;0
5630;110;0;0;0
5631;111;0;0;0
5632;111;0;0;0
5633;111;0;0;0
5634;111;0;0;0
5635;112;0;0;0
5636;113;0;0;0
5637;113;0;0;0
5638;113;0;0;0
5639;111;0;0;0
5640;110;0;0;0
5641;109;0;0;0
5642;109;0;0;0
5643;110;0;0;0
5644;110;0;0;0
5645;110;0;0;0
5646;109;0;0;0
5647;110;0;0;0
5648;110;0;0;0
5649;109;0;0;0
5650;109;0;0;0
5651;110;0;0;0
5652;110;0;0;0
5653;110;0;0;0
5654;111;0;0;0
5655;110;0;0;0
5656;111;0;0;0
5657;113;0;0;0
5658;112;0;0;0
5659;112;0;0;0
5660;113;0;0;0
5661;113;0;0;0
5662;114;0;0;0
5663;114;0;0;0
5664;115;0;0;0
5665;113;0;0;0
5666;113;0;0;0
5667;113;0;0;0
5668;111;0;0;0
5669;112;0;0;0
5670;112;0;0;0
5671;111;0;0;0
5672;111;0;0;0
5673;110;0;0;0
5674;113;0;0;0
5675;113;0;0;0
5676;115;0;0;0
5677;115;0;0;0
5678;114;0;0;0
5679;116;0;0;0
5680;116;0;0;0
5681;117;0;0;0
5682;118;0;0;0
5683;117;0;0;0
5684;116;0;0;0
5685;116;0;0;0
5686;118;0;0;0
5687;117;0;0;0
5688;117;0;0;0
5689;117;0;0;0
5690;119;0;0;0
5691;119;0;0;0
5692;120;0;0;0
5693;120;0;0;0
5694;120;0;0;0
5695;120;0;0;0
5696;118;0;0;0
5697;119;0;0;0
5698;118;0;0;0
5699;118;0;0;0
5700;118;0;0;0
5701;120;0;0;0
5702;120;0;0;0
5703;120;0;0;0
5704;120;0;0;0
5705;119;0;0;0
5706;119;0;0;0
5707;119;0;0;0
5708;119;0;0;0
5709;119;0;0;0
5710;120;0;0;0
5711;120;0;0;0
5712;120;0;0;0
5713;120;0;0;0
5714;120;0;0;0
5715;120;0;0;0
5716;120;0;0;0
5717;120;0;0;0
5718;120;0;0;0
5719;120;0;0;0
5720;119;0;0;0
5721;119;0;0;0
5722;120;0;0;0
5723;120;0;0;0
5724;120;0;0;0
5725;118;0;0;0
5726;118;0;0;0
5727;119;0;0;0
5728;120;0;0;0
5729;120;0;0;0
5730;118;0;0;0
5731;118;0;0;0
5732;120;0;0;0
5733;120;0;0;0
5734;120;0;0;0
5735;120;0;0;0
5736;120;0;0;0
5737;120;0;0;0
5738;120;0;0;0
5739;120;0;0;0
5740;120;0;0;0
5741;120;0;0;0
5742;120;0;0;0
5743;120;0;0;0
5744;120;0;0;0
5745;120;0;0;0
5746;120;0;0;0
5747;120;0;0;0
5748;120;0;0;0
5749;120;0;0;0
5750;120;0;0;0
5751;120;0;0;0
5752;120;0;0;0
5753;120;0;0;0
5754;120;0;0;0
5755;120;0;0;0
5756;120;0;0;0
5757;120;0;0;0
5758;120;0;0;0
5759;120;0;0;0
5760;120;0;0;0
5761;120;0;0;0
5762;120;0;0;0
5763;120;0;0;0
5764;120;0;0;0
5765;120;0;0;0
5766;120;0;0;0
5767;120;0;0;0
5768;120;0;0;0
5769;120;0;0;0
5770;120;0;0;0
5771;120;0;0;0
5772;120;0;0;0
5773;120;0;0;0
5774;120;0;0;0
5775;120;0;0;0
5776;120;0;0;0
5777;120;0;0;0
5778;120;0;0;0
5779;120;0;0;0
5780;120;0;0;0
5781;120;0;0;0
5782;120;0;0;0
5783;120;0;0;0
5784;120;0;0;0
5785;120;0;0;0
5786;120;0;0;0
5787;120;0;0;0
5788;120;0;0;0
5789;120;0;0;0
5790;120;0;0;0
5791;120;0;0;0
5792;120;0;0;0
5793;120;0;0;0
5794;120;0;0;0
5795;120;0;0;0
5796;120;0;0;0
5797;120;0;0;0
5798;120;0;0;0
5799;120;0;0;0
5800;120;0;0;0
5801;120;0;0;0
5802;120;0;0;0
5803;120;0;0;0
5804;120;0;0;0
5805;120;0;0;0
5806;120;0;0;0
5807;120;0;0;0
5808;120;0;0;0
5809;120;0;0;0
5810;120;0;0;0
5811;120;0;0;0
5812;120;0;0;0
5813;120;0;0;0
5814;120;0;0;0
5815;120;0;0;0
5816;120;0;0;0
5817;120;0;0;0
5818;120;0;0;0
5819;120;0;0;0
5820;120;0;0;0
5821;120;0;0;0
5822;120;0;0;0
5823;120;0;0;0
5824;120;0;0;0
5825;120;0;0;0
5826;120;0;0;0
5827;120;0;0;0
5828;120;0;0;0
5829;120;0;0;0
5830;120;0;0;0
5831;120;0;0;0
5832;120;0;0;0
5833;120;0;0;0
5834;120;0;0;0
5835;120;0;0;0
5836;120;0;0;0
5837;120;0;0;0
5838;120;0;0;0
5839;120;0;0;0
5840;120;0;0;0
5841;120;0;0;0
5842;120;0;0;0
5843;120;0;0;0
5844;120;0;0;0
5845;120;0;0;0
5846;120;0;0;0
5847;120;0;0;0
5848;120;0;0;0
5849;120;0;0;0
5850;120;0;0;0
5851;120;0;0;0
5852;120;0;0;0
5853;120;0;0;0
5854;120;0;0;0
5855;120;0;0;0
5856;120;0;0;0
5857;120;0;0;0
5858;120;0;0;0
5859;120;0;0;0
5860;120;0;0;0
5861;120;0;0;0
5862;120;0;0;0
5863;120;0;0;0
5864;120;0;0;0
5865;120;0;0;0
5866;120;0;0;0
5867;120;0;0;0
5868;120;0;0;0
5869;120;0;0;0
5870;120;0;0;0
5871;120;0;0;0
5872;120;0;0;0
5873;120;0;0;0
5874;120;0;0;0
5875;120;0;0;0
5876;120;0;0;0
5877;120;0;0;0
5878;120;0;0;0
5879;120;0;0;0
5880;120;0;0;0
5881;120;0;0;0
5882;120;0;0;0
5883;120;0;0;0
5884;120;0;0;0
5885;120;0;0;0
5886;120;0;0;0
5887;120;0;0;0
5888;120;0;0;0
5889;120;0;0;0
5890;120;0;0;0
5891;120;0;0;0
5892;120;0;0;0
5893;120;0;0;0
5894;120;0;0;0
5895;120;0;0;0
5896;120;0;0;0
5897;120;0;0;0
5898;120;0;0;0
5899;120;0;0;0
5900;120;0;0;0
5901;120;0;0;0
5902;120;0;0;0
5903;120;0;0;0
5904;120;0;0;0
5905;120;0;0;0
5906;120;0;0;0
5907;120;0;0;0
5908;120;0;0;0
5909;120;0;0;0
5910;120;0;0;0
5911;120;0;0;0
5912;120;0;0;0
5913;120;0;0;0
5914;120;0;0;0
5915;120;0;0;0
5916;120;0;0;0
5917;120;0;0;0
5918;120;0;0;0
5919;120;0;0;0
5920;120;0;0;0
5921;120;0;0;0
5922;120;0;0;0
5923;120;0;0;0
5924;120;0;0;0
5925;120;0;0;0
5926;120;0;0;0
5927;120;0;0;0
5928;120;0;0;0
5929;120;0;0;0
5930;120;0;0;0
5931;120;0;0;0
5932;120;0;0;0
5933;120;0;0;0
5934;120;0;0;0
5935;120;0;0;0
5936;120;0;0;0
5937;120;0;0;0
5938;120;0;0;0
5939;120;0;0;0
5940;120;0;0;0
5941;120;0;0;0
5942;120;0;0;0
5943;120;0;0;0
5944;120;0;0;0
5945;120;0;0;0
5946;120;0;0;0
5947;120;0;0;0
5948;120;0;0;0
5949;120;0;0;0
5950;120;0;0;0
5951;120;0;0;0
5952;120;0;0;0
5953;120;0;0;0
5954;120;0;0;0
5955;120;0;0;0
5956;120;0;0;0
5957;120;0;0;0
5958;120;0;0;0
5959;120;0;0;0
5960;120;0;0;0
5961;120;0;0;0
5962;120;0;0;0
5963;120;0;0;0
5964;120;0;0;0
5965;120;0;0;0
5966;120;0;0;0
5967;120;0;0;0
5968;120;0;0;0
5969;120;0;0;0
5970;120;0;0;0
5971;120;0;0;0
5972;120;0;0;0
5973;120;0;0;0
5974;120;0;0;0
5975;120;0;0;0
5976;120;0;0;0
5977;120;0;0;0
5978;120;0;0;0
5979;120;0;0;0
5980;120;0;0;0
5981;120;0;0;0
5982;120;0;0;0
5983;120;0;0;0
5984;120;0;0;0
5985;120;0;0;0
5986;120;0;0;0
5987;120;0;0;0
5988;120;0;0;0
5989;120;0;0;0
5990;120;0;0;0
5991;120;0;0;0
5992;120;0;0;0
5993;120;0;0;0
5994;120;0;0;0
5995;120;0;0;0
5996;120;0;0;0
5997;120;0;0;0
5998;120;0;0;0
5999;120;0;0;0
6000;120;0;0;0
6001;120;0;0;0
6002;120;0;0;0
6003;120;0;0;0
6004;120;0;0;0
6005;120;0;0;0
6006;120;0;0;0
6007;120;0;0;0
6008;120;0;0;0
6009;120;0;0;0
6010;120;0;0;0
6011;120;0;0;0
6012;120;0;0;0
6013;120;0;0;0
6014;120;0;0;0
6015;120;0;0;0
6016;120;0;0;0
6017;120;0;0;0
6018;120;0;0;0
6019;120;0;0;0
6020;120;0;0;0
6021;120;0;0;0
6022;120;0;0;0
6023;120;0;0;0
6024;120;0;0;0
6025;120;0;0;0
6026;120;0;0;0
6027;120;0;0;0
6028;120;0;0;0
6029;120;0;0;0
6030;120;0;0;0
6031;120;0;0;0
6032;120;0;0;0
6033;120;0;0;0
6034;120;0;0;0
6035;120;0;0;0
6036;120;0;0;0
6037;120;0;0;0
6038;120;0;0;0
6039;120;0;0;0
6040;120;0;0;0
6041;120;0;0;0
6042;120;0;0;0
6043;120;0;0;0
6044;120;0;0;0
6045;120;0;0;0
6046;120;0;0;0
6047;120;0;0;0
6048;120;0;0;0
6049;120;0;0;0
6050;120;0;0;0
6051;120;0;0;0
6052;120;0;0;0
6053;120;0;0;0
6054;120;0;0;0
6055;120;0;0;0
6056;120;0;0;0
6057;120;0;0;0
6058;120;0;0;0
6059;120;0;0;0
6060;120;0;0;0
6061;120;0;0;0
6062;120;0;0;0
6063;120;0;0;0
6064;120;0;0;0
6065;120;0;0;0
6066;120;0;0;0
6067;120;0;0;0
6068;120;0;0;0
6069;120;0;0;0
6070;120;0;0;0
6071;120;0;0;0
6072;120;0;0;0
6073;120;0;0;0
6074;120;0;0;0
6075;120;0;0;0
6076;120;0;0;0
6077;120;0;0;0
6078;120;0;0;0
6079;120;0;0;0
6080;120;0;0;0
6081;120;0;0;0
6082;120;0;0;0
6083;120;0;0;0
6084;120;0;0;0
6085;120;0;0;0
6086;120;0;0;0
6087;120;0;0;0
6088;120;0;0;0
6089;120;0;0;0
6090;120;0;0;0
6091;120;0;0;0
6092;120;0;0;0
6093;120;0;0;0
6094;120;0;0;0
6095;120;0;0;0
6096;120;0;0;0
6097;120;0;0;0
6098;120;0;0;0
6099;120;0;0;0
6100;120;0;0;0
6101;120;0;0;0
6102;120;0;0;0
6103;120;0;0;0
6104;120;0;0;0
6105;120;0;0;0
6106;120;0;0;0
6107;120;0;0;0
6108;120;0;0;0
6109;120;0;0;0
6110;120;0;0;0
6111;120;0;0;0
6112;120;0;0;0
6113;120;0;0;0
6114;120;0;0;0
6115;120;0;0;0
6116;120;0;0;0
6117;120;0;0;0
6118;120;0;0;0
6119;120;0;0;0
6120;120;0;0;0
6121;120;0;0;0
6122;120;0;0;0
6123;120;0;0;0
6124;120;0;0;0
6125;120;0;0;0
6126;120;0;0;0
6127;120;0;0;0
6128;120;0;0;0
6129;120;0;0;0
6130;120;0;0;0
6131;120;0;0;0
6132;120;0;0;0
6133;120;0;0;0
6134;120;0;0;0
6135;120;0;0;0
6136;120;0;0;0
6137;120;0;0;0
6138;120;0;0;0
6139;120;0;0;0
6140;120;0;0;0
6141;120;0;0;0
6142;120;0;0;0
6143;120;0;0;0
6144;120;0;0;0
6145;120;0;0;0
6146;120;0;0;0
6147;120;0;0;0
6148;120;0;0;0
6149;120;0;0;0
6150;120;0;0;0
6151;120;0;0;0
6152;120;0;0;0
6153;120;0;0;0
6154;120;0;0;0
6155;120;0;0;0
6156;120;0;0;0
6157;120;0;0;0
6158;120;0;0;0
6159;120;0;0;0
6160;120;0;0;0
6161;120;0;0;0
6162;120;0;0;0
6163;120;0;0;0
6164;120;0;0;0
6165;120;0;0;0
6166;120;0;0;0
6167;120;0;0;0
6168;120;0;0;0
6169;120;0;0;0
6170;120;0;0;0
6171;120;0;0;0
6172;120;0;0;0
6173;120;0;0;0
6174;120;0;0;0
6175;120;0;0;0
6176;120;0;0;0
6177;120;0;0;0
6178;120;0;0;0
6179;120;0;0;0
6180;120;0;0;0
6181;120;0;0;0
6182;120;0;0;0
6183;120;0;0;0
6184;120;0;0;0
6185;120;0;0;0
6186;120;0;0;0
6187;120;0;0;0
6188;120;0;0;0
6189;120;0;0;0
6190;120;0;0;0
6191;120;0;0;0
6192;120;0;0;0
6193;120;0;0;0
6194;120;0;0;0
6195;120;0;0;0
6196;120;0;0;0
6197;120;0;0;0
6198;120;0;0;0
6199;120;0;0;0
6200;120;0;0;0
6201;120;0;0;0
6202;120;0;0;0
6203;120;0;0;0
6204;120;0;0;0
6205;120;0;0;0
6206;120;0;0;0
6207;120;0;0;0
6208;120;0;0;0
6209;120;0;0;0
6210;120;0;0;0
6211;120;0;0;0
6212;120;0;0;0
6213;120;0;0;0
6214;120;0;0;0
6215;120;0;0;0
6216;120;0;0;0
6217;120;0;0;0
6218;120;0;0;0
6219;120;0;0;0
6220;120;0;0;0
6221;120;0;0;0
6222;120;0;0;0
6223;120;0;0;0
6224;120;0;0;0
6225;120;0;0;0
6226;120;0;0;0
6227;120;0;0;0
6228;120;0;0;0
6229;120;0;0;0
6230;120;0;0;0
6231;120;0;0;0
6232;120;0;0;0
6233;120;0;0;0
6234;120;0;0;0
6235;120;0;0;0
6236;120;0;0;0
6237;120;0;0;0
6238;120;0;0;0
6239;120;0;0;0
6240;120;0;0;0
6241;120;0;0;0
6242;120;0;0;0
6243;120;0;0;0
6244;120;0;0;0
6245;120;0;0;0
6246;120;0;0;0
6247;120;0;0;0
6248;120;0;0;0
6249;120;0;0;0
6250;120;0;0;0
6251;120;0;0;0
6252;120;0;0;0
6253;120;0;0;0
6254;120;0;0;0
6255;120;0;0;0
6256;120;0;0;0
6257;120;0;0;0
6258;120;0;0;0
6259;120;0;0;0
6260;120;0;0;0
6261;120;0;0;0
6262;120;0;0;0
6263;120;0;0;0
6264;120;0;0;0
6265;120;0;0;0
6266;120;0;0;0
6267;120;0;0;0
6268;120;0;0;0
6269;120;0;0;0
6270;120;0;0;0
6271;120;0;0;0
6272;120;0;0;0
6273;120;0;0;0
6274;120;0;0;0
6275;120;0;0;0
6276;120;0;0;0
6277;120;0;0;0
6278;120;0;0;0
6279;120;0;0;0
6280;120;0;0;0
6281;120;0;0;0
6282;120;0;0;0
6283;120;0;0;0
6284;120;0;0;0
6285;120;0;0;0
6286;120;0;0;0
6287;120;0;0;0
6288;120;0;0;0
6289;120;0;0;0
6290;120;0;0;0
6291;120;0;0;0
6292;120;0;0;0
6293;120;0;0;0
6294;120;0;0;0
6295;120;0;0;0
6296;120;0;0;0
6297;120;0;0;0
6298;120;0;0;0
6299;120;0;0;0
6300;120;0;0;0
6301;120;0;0;0
6302;120;0;0;0
6303;120;0;0;0
6304;120;0;0;0
6305;120;0;0;0
6306;120;0;0;0
6307;120;0;0;0
6308;120;0;0;0
6309;120;0;0;0
6310;120;0;0;0
6311;120;0;0;0
6312;120;0;0;0
6313;120;0;0;0
6314;120;0;0;0
6315;120;0;0;0
6316;120;0;0;0
6317;120;0;0;0
6318;120;0;0;0
6319;120;0;0;0
6320;120;0;0;0
6321;120;0;0;0
6322;120;0;0;0
6323;120;0;0;0
6324;120;0;0;0
6325;120;0;0;0
6326;120;0;0;0
6327;120;0;0;0
6328;120;0;0;0
6329;120;0;0;0
6330;120;0;0;0
6331;120;0;0;0
6332;120;0;0;0
6333;120;0;0;0
6334;120;0;0;0
6335;120;0;0;0
6336;120;0;0;0
6337;120;0;0;0
6338;120;0;0;0
6339;120;0;0;0
6340;120;0;0;0
6341;120;0;0;0
6342;120;0;0;0
6343;120;0;0;0
6344;120;0;0;0
6345;120;0;0;0
6346;120;0;0;0
6347;120;0;0;0
6348;120;0;0;0
6349;120;0;0;0
6350;120;0;0;0
6351;120;0;0;0
6352;120;0;0;0
6353;120;0;0;0
6354;120;0;0;0
6355;120;0;0;0
6356;120;0;0;0
6357;120;0;0;0
6358;120;0;0;0
6359;120;0;0;0
6360;120;0;0;0
6361;120;0;0;0
6362;120;0;0;0
6363;120;0;0;0
6364;120;0;0;0
6365;120;0;0;0
6366;120;0;0;0
6367;120;0;0;0
6368;120;0;0;0
6369;120;0;0;0
6370;120;0;0;0
6371;120;0;0;0
6372;120;0;0;0
6373;120;0;0;0
6374;120;0;0;0
6375;120;0;0;0
6376;120;0;0;0
6377;120;0;0;0
6378;120;0;0;0
6379;120;0;0;0
6380;120;0;0;0
6381;120;0;0;0
6382;120;0;0;0
6383;120;0;0;0
6384;120;0;0;0
6385;120;0;0;0
6386;120;0;0;0
6387;120;0;0;0
6388;120;0;0;0
6389;120;0;0;0
6390;120;0;0;0
6391;120;0;0;0
6392;120;0;0;0
6393;120;0;0;0
6394;120;0;0;0
6395;120;0;0;0
6396;120;0;0;0
6397;120;0;0;0
6398;120;0;0;0
6399;120;0;0;0
6400;120;0;0;0
6401;120;0;0;0
6402;120;0;0;0
6403;120;0;0;0
6404;120;0;0;0
6405;120;0;0;0
6406;120;0;0;0
6407;120;0;0;0
6408;120;0;0;0
6409;120;0;0;0
6410;120;0;0;0
6411;120;0;0;0
6412;120;0;0;0
6413;120;0;0;0
6414;120;0;0;0
6415;120;0;0;0
6416;120;0;0;0
6417;120;0;0;0
6418;120;0;0;0
6419;120;0;0;0
6420;120;0;0;0
6421;120;0;0;0
6422;120;0;0;0
6423;120;0;0;0
6424;120;0;0;0
6425;120;0;0;0
6426;120;0;0;0
6427;120;0;0;0
6428;120;0;0;0
6429;120;0;0;0
6430;120;0;0;0
6431;120;0;0;0
6432;120;0;0;0
6433;120;0;0;0
6434;120;0;0;0
6435;120;0;0;0
6436;120;0;0;0
6437;120;0;0;0
6438;120;0;0;0
6439;120;0;0;0
6440;120;0;0;0
6441;120;0;0;0
6442;120;0;0;0
6443;120;0;0;0
6444;120;0;0;0
6445;120;0;0;0
6446;120;0;0;0
6447;120;0;0;0
6448;120;0;0;0
6449;120;0;0;0
6450;120;0;0;0
6451;120;0;0;0
6452;120;0;0;0
6453;120;0;0;0
6454;120;0;0;0
6455;120;0;0;0
6456;120;0;0;0
6457;120;0;0;0
6458;120;0;0;0
6459;120;0;0;0
6460;120;0;0;0
6461;120;0;0;0
6462;120;0;0;0
6463;120;0;0;0
6464;120;0;0;0
6465;120;0;0;0
6466;120;0;0;0
6467;120;0;0;0
6468;120;0;0;0
6469;120;0;0;0
6470;120;0;0;0
6471;120;0;0;0
6472;120;0;0;0
6473;120;0;0;0
6474;120;0;0;0
6475;120;0;0;0
6476;120;0;0;0
6477;120;0;0;0
6478;120;0;0;0
6479;120;0;0;0
6480;120;0;0;0
6481;120;0;0;0
6482;120;0;0;0
6483;120;0;0;0
6484;120;0;0;0
6485;120;0;0;0
6486;120;0;0;0
6487;120;0;0;0
6488;120;0;0;0
6489;120;0;0;0
6490;120;0;0;0
6491;120;0;0;0
6492;120;0;0;0
6493;120;0;0;0
6494;120;0;0;0
6495;120;0;0;0
6496;120;0;0;0
6497;120;0;0;0
6498;120;0;0;0
6499;120;0;0;0
6500;120;0;0;0
6501;120;0;0;0
6502;120;0;0;0
6503;120;0;0;0
6504;120;0;0;0
6505;120;0;0;0
6506;120;0;0;0
6507;120;0;0;0
6508;120;0;0;0
6509;120;0;0;0
6510;120;0;0;0
6511;120;0;0;0
6512;120;0;0;0
6513;120;0;0;0
6514;120;0;0;0
6515;120;0;0;0
6516;120;0;0;0
6517;120;0;0;0
6518;120;0;0;0
6519;120;0;0;0
6520;120;0;0;0
6521;120;0;0;0
6522;120;0;0;0
6523;120;0;0;0
6524;120;0;0;0
6525;120;0;0;0
6526;120;0;0;0
6527;120;0;0;0
6528;120;0;0;0
6529;120;0;0;0
6530;120;0;0;0
6531;120;0;0;0
6532;120;0;0;0
6533;120;0;0;0
6534;120;0;0;0
6535;120;0;0;0
6536;120;0;0;0
6537;120;0;0;0
6538;120;0;0;0
6539;120;0;0;0
6540;120;0;0;0
6541;120;0;0;0
6542;120;0;0;0
6543;120;0;0;0
6544;120;0;0;0
6545;120;0;0;0
6546;120;0;0;0
6547;120;0;0;0
6548;120;0;0;0
6549;120;0;0;0
6550;120;0;0;0
6551;120;0;0;0
6552;120;0;0;0
6553;120;0;0;0
6554;120;0;0;0
6555;120;0;0;0
6556;120;0;0;0
6557;120;0;0;0
6558;120;0;0;0
6559;120;0;0;0
6560;120;0;0;0
6561;120;0;0;0
6562;120;0;0;0
6563;120;0;0;0
6564;120;0;0;0
6565;120;0;0;0
6566;120;0;0;0
6567;120;0;0;0
6568;120;0;0;0
6569;120;0;0;0
6570;120;0;0;0
6571;120;0;0;0
6572;120;0;0;0
6573;120;0;0;0
6574;120;0;0;0
6575;120;0;0;0
6576;120;0;0;0
6577;120;0;0;0
6578;120;0;0;0
6579;120;0;0;0
6580;120;0;0;0
6581;120;0;0;0
6582;120;0;0;0
6583;120;0;0;0
6584;120;0;0;0
6585;120;0;0;0
6586;120;0;0;0
6587;120;0;0;0
6588;120;0;0;0
6589;120;0;0;0
6590;120;0;0;0
6591;120;0;0;0
6592;120;0;0;0
6593;120;0;0;0
6594;120;0;0;0
6595;120;0;0;0
6596;120;0;0;0
6597;120;0;0;0
6598;120;0;0;0
6599;120;0;0;0
6600;120;0;0;0
6601;120;0;0;0
6602;120;0;0;0
6603;120;0;0;0
6604;120;0;0;0
6605;120;0;0;0
6606;120;0;0;0
6607;120;0;0;0
6608;120;0;0;0
6609;120;0;0;0
6610;120;0;0;0
6611;120;0;0;0
6612;120;0;0;0
6613;120;0;0;0
6614;120;0;0;0
6615;120;0;0;0
6616;120;0;0;0
6617;120;0;0;0
6618;120;0;0;0
6619;120;0;0;0
6620;120;0;0;0
6621;120;0;0;0
6622;120;0;0;0
6623;120;0;0;0
6624;120;0;0;0
6625;120;0;0;0
6626;120;0;0;0
6627;120;0;0;0
6628;120;0;0;0
6629;120;0;0;0
6630;120;0;0;0
6631;120;0;0;0
6632;120;0;0;0
6633;120;0;0;0
6634;120;0;0;0
6635;120;0;0;0
6636;120;0;0;0
6637;120;0;0;0
6638;120;0;0;0
6639;120;0;0;0
6640;120;0;0;0
6641;120;0;0;0
6642;120;0;0;0
6643;120;0;0;0
6644;120;0;0;0
6645;120;0;0;0
6646;120;0;0;0
6647;120;0;0;0
6648;120;0;0;0
6649;120;0;0;0
6650;120;0;0;0
6651;120;0;0;0
6652;120;0;0;0
6653;120;0;0;0
6654;120;0;0;0
6655;120;0;0;0
6656;120;0;0;0
6657;120;0;0;0
6658;120;0;0;0
6659;120;0;0;0
6660;120;0;0;0
6661;120;0;0;0
6662;120;0;0;0
6663;120;0;0;0
6664;120;0;0;0
6665;120;0;0;0
6666;120;0;0;0
6667;120;0;0;0
6668;120;0;0;0
6669;120;0;0;0
6670;120;0;0;0
6671;120;0;0;0
6672;120;0;0;0
6673;120;0;0;0
6674;120;0;0;0
6675;120;0;0;0
6676;120;0;0;0
6677;120;0;0;0
6678;120;0;0;0
6679;120;0;0;0
6680;120;0;0;0
6681;120;0;0;0
6682;120;0;0;0
6683;120;0;0;0
6684;120;0;0;0
6685;120;0;0;0
6686;120;0;0;0
6687;120;0;0;0
6688;120;0;0;0
6689;120;0;0;0
6690;120;0;0;0
6691;120;0;0;0
6692;120;0;0;0
6693;120;0;0;0
6694;120;0;0;0
6695;120;0;0;0
6696;120;0;0;0
6697;120;0;0;0
6698;120;0;0;0
6699;120;0;0;0
6700;120;0;0;0
6701;120;0;0;0
6702;120;0;0;0
6703;120;0;0;0
6704;120;0;0;0
6705;120;0;0;0
6706;120;0;0;0
6707;120;0;0;0
6708;120;0;0;0
6709;120;0;0;0
6710;120;0;0;0
6711;120;0;0;0
6712;120;0;0;0
6713;120;0;0;0
6714;120;0;0;0
6715;120;0;0;0
6716;120;0;0;0
6717;120;0;0;0
6718;120;0;0;0
6719;120;0;0;0
6720;120;0;0;0
6721;120;0;0;0
6722;120;0;0;0
6723;120;0;0;0
6724;120;0;0;0
6725;120;0;0;0
6726;120;0;0;0
6727;120;0;0;0
6728;120;0;0;0
6729;120;0;0;0
6730;120;0;0;0
6731;120;0;0;0
6732;120;0;0;0
6733;120;0;0;0
6734;120;0;0;0
6735;120;0;0;0
6736;120;0;0;0
6737;120;0;0;0
6738;120;0;0;0
6739;120;0;0;0
6740;120;0;0;0
6741;120;0;0;0
6742;120;0;0;0
6743;120;0;0;0
6744;120;0;0;0
6745;120;0;0;0
6746;120;0;0;0
6747;120;0;0;0
6748;120;0;0;0
6749;120;0;0;0
6750;120;0;0;0
6751;120;0;0;0
6752;120;0;0;0
6753;120;0;0;0
6754;120;0;0;0
6755;120;0;0;0
6756;120;0;0;0
6757;120;0;0;0
6758;120;0;0;0
6759;120;0;0;0
6760;120;0;0;0
6761;120;0;0;0
6762;120;0;0;0
6763;120;0;0;0
6764;120;0;0;0
6765;120;0;0;0
6766;120;0;0;0
6767;120;0;0;0
6768;120;0;0;0
6769;120;0;0;0
6770;120;0;0;0
6771;120;0;0;0
6772;120;0;0;0
6773;120;0;0;0
6774;120;0;0;0
6775;120;0;0;0
6776;120;0;0;0
6777;120;0;0;0
6778;120;0;0;0
6779;120;0;0;0
6780;120;0;0;0
6781;120;0;0;0
6782;120;0;0;0
6783;120;0;0;0
6784;120;0;0;0
6785;120;0;0;0
6786;120;0;0;0
6787;120;0;0;0
6788;120;0;0;0
6789;120;0;0;0
6790;120;0;0;0
6791;120;0;0;0
6792;120;0;0;0
6793;120;0;0;0
6794;120;0;0;0
6795;120;0;0;0
6796;120;0;0;0
6797;120;0;0;0
6798;120;0;0;0
6799;120;0;0;0
6800;120;0;0;0
6801;120;0;0;0
6802;120;0;0;0
6803;120;0;0;0
6804;120;0;0;0
6805;120;0;0;0
6806;120;0;0;0
6807;120;0;0;0
6808;120;0;0;0
6809;120;0;0;0
6810;120;0;0;0
6811;120;0;0;0
6812;120;0;0;0
6813;120;0;0;0
6814;120;0;0;0
6815;120;0;0;0
6816;120;0;0;0
6817;120;0;0;0
6818;120;0;0;0
6819;120;0;0;0
6820;120;0;0;0
6821;120;0;0;0
6822;120;0;0;0
6823;120;0;0;0
6824;120;0;0;0
6825;120;0;0;0
6826;120;0;0;0
6827;120;0;0;0
6828;120;0;0;0
6829;120;0;0;0
6830;120;0;0;0
6831;120;0;0;0
6832;120;0;0;0
6833;120;0;0;0
6834;120;0;0;0
6835;120;0;0;0
6836;120;0;0;0
6837;120;0;0;0
6838;120;0;0;0
6839;120;0;0;0
6840;120;0;0;0
6841;120;0;0;0
6842;120;0;0;0
6843;120;0;0;0
6844;120;0;0;0
6845;120;0;0;0
6846;120;0;0;0
6847;120;0;0;0
6848;120;0;0;0
6849;120;0;0;0
6850;120;0;0;0
6851;120;0;0;0
6852;120;0;0;0
6853;120;0;0;0
6854;120;0;0;0
6855;120;0;0;0
6856;120;0;0;0
6857;120;0;0;0
6858;120;0;0;0
6859;120;0;0;0
6860;120;0;0;0
6861;120;0;0;0
6862;120;0;0;0
6863;120;0;0;0
6864;120;0;0;0
6865;120;0;0;0
6866;120;0;0;0
6867;120;0;0;0
6868;120;0;0;0
6869;120;0;0;0
6870;120;0;0;0
6871;120;0;0;0
6872;120;0;0;0
6873;120;0;0;0
6874;120;0;0;0
6875;120;0;0;0
6876;120;0;0;0
6877;120;0;0;0
6878;120;0;0;0
6879;120;0;0;0
6880;120;0;0;0
6881;120;0;0;0
6882;120;0;0;0
6883;120;0;0;0
6884;120;0;0;0
6885;120;0;0;0
6886;120;0;0;0
6887;120;0;0;0
6888;120;0;0;0
6889;120;0;0;0
6890;120;0;0;0
6891;120;0;0;0
6892;120;0;0;0
6893;120;0;0;0
6894;120;0;0;0
6895;120;0;0;0
6896;120;0;0;0
6897;120;0;0;0
6898;120;0;0;0
6899;120;0;0;0
6900;120;0;0;0
6901;120;0;0;0
6902;120;0;0;0
6903;120;0;0;0
6904;120;0;0;0
6905;120;0;0;0
6906;120;0;0;0
6907;120;0;0;0
6908;120;0;0;0
6909;120;0;0;0
6910;120;0;0;0
6911;120;0;0;0
6912;120;0;0;0
6913;120;0;0;0
6914;120;0;0;0
6915;120;0;0;0
6916;120;0;0;0
6917;120;0;0;0
6918;120;0;0;0
6919;120;0;0;0
6920;120;0;0;0
6921;120;0;0;0
6922;120;0;0;0
6923;120;0;0;0
6924;120;0;0;0
6925;120;0;0;0
6926;120;0;0;0
6927;120;0;0;0
6928;120;0;0;0
6929;120;0;0;0
6930;120;0;0;0
6931;120;0;0;0
6932;120;0;0;0
6933;120;0;0;0
6934;120;0;0;0
6935;120;0;0;0
6936;120;0;0;0
6937;120;0;0;0
6938;120;0;0;0
6939;120;0;0;0
6940;120;0;0;0
6941;120;0;0;0
6942;120;0;0;0
6943;120;0;0;0
6944;120;0;0;0
6945;120;0;0;0
6946;120;0;0;0
6947;120;0;0;0
6948;120;0;0;0
6949;120;0;0;0
6950;120;0;0;0
6951;120;0;0;0
6952;120;0;0;0
6953;120;0;0;0
6954;120;0;0;0
6955;120;0;0;0
6956;120;0;0;0
6957;120;0;0;0
6958;120;0;0;0
6959;120;0;0;0
6960;120;0;0;0
6961;120;0;0;0
6962;120;0;0;0
6963;120;0;0;0
6964;120;0;0;0
6965;120;0;0;0
6966;120;0;0;0
6967;120;0;0;0
6968;120;0;0;0
6969;120;0;0;0
6970;120;0;0;0
6971;120;0;0;0
6972;120;0;0;0
6973;120;0;0;0
6974;120;0;0;0
6975;120;0;0;0
6976;120;0;0;0
6977;120;0;0;0
6978;120;0;0;0
6979;120;0;0;0
6980;120;0;0;0
6981;120;0;0;0
6982;120;0;0;0
6983;120;0;0;0
6984;120;0;0;0
6985;120;0;0;0
6986;120;0;0;0
6987;120;0;0;0
6988;120;0;0;0
6989;120;0;0;0
6990;120;0;0;0
6991;120;0;0;0
6992;120;0;0;0
6993;120;0;0;0
6994;120;0;0;0
6995;120;0;0;0
6996;120;0;0;0
6997;120;0;0;0
6998;120;0;0;0
6999;120;0;0;0
7000;120;0;0;0
7001;120;0;0;0
7002;120;0;0;0
7003;120;0;0;0
7004;120;0;0;0
7005;120;0;0;0
7006;120;0;0;0
7007;120;0;0;0
7008;120;0;0;0
7009;120;0;0;0
7010;120;0;0;0
7011;120;0;0;0
7012;120;0;0;0
7013;120;0;0;0
7014;120;0;0;0
7015;120;0;0;0
7016;120;0;0;0
7017;120;0;0;0
7018;120;0;0;0
7019;120;0;0;0
7020;120;0;0;0
7021;120;0;0;0
7022;120;0;0;0
7023;120;0;0;0
7024;120;0;0;0
7025;120;0;0;0
7026;120;0;0;0
7027;120;0;0;0
7028;120;0;0;0
7029;120;0;0;0
7030;120;0;0;0
7031;120;0;0;0
7032;120;0;0;0
7033;120;0;0;0
7034;120;0;0;0
7035;120;0;0;0
7036;120;0;0;0
7037;120;0;0;0
7038;120;0;0;0
7039;120;0;0;0
7040;120;0;0;0
7041;120;0;0;0
7042;120;0;0;0
7043;120;0;0;0
7044;120;0;0;0
7045;120;0;0;0
7046;120;0;0;0
7047;120;0;0;0
7048;120;0;0;0
7049;120;0;0;0
7050;120;0;0;0
7051;120;0;0;0
7052;120;0;0;0
7053;120;0;0;0
7054;120;0;0;0
7055;120;0;0;0
7056;120;0;0;0
7057;120;0;0;0
7058;120;0;0;0
7059;120;0;0;0
7060;120;0;0;0
7061;120;0;0;0
7062;120;0;0;0
7063;120;0;0;0
7064;120;0;0;0
7065;120;0;0;0
7066;120;0;0;0
7067;120;0;0;0
7068;120;0;0;0
7069;120;0;0;0
7070;120;0;0;0
7071;120;0;0;0
7072;120;0;0;0
7073;120;0;0;0
7074;120;0;0;0
7075;120;0;0;0
7076;120;0;0;0
7077;120;0;0;0
7078;120;0;0;0
7079;120;0;0;0
7080;120;0;0;0
7081;120;0;0;0
7082;120;0;0;0
7083;120;0;0;0
7084;120;0;0;0
7085;120;0;0;0
7086;120;0;0;0
7087;120;0;0;0
7088;120;0;0;0
7089;120;0;0;0
7090;120;0;0;0
7091;120;0;0;0
7092;120;0;0;0
7093;120;0;0;0
7094;120;0;0;0
7095;120;0;0;0
7096;120;0;0;0
7097;120;0;0;0
7098;120;0;0;0
7099;120;0;0;0
7100;120;0;0;0
7101;120;0;0;0
7102;120;0;0;0
7103;120;0;0;0
7104;120;0;0;0
7105;120;0;0;0
7106;120;0;0;0
7107;120;0;0;0
7108;120;0;0;0
7109;120;0;0;0
7110;120;0;0;0
7111;120;0;0;0
7112;120;0;0;0
7113;120;0;0;0
7114;120;0;0;0
7115;120;0;0;0
7116;120;0;0;0
7117;120;0;0;0
7118;120;0;0;0
7119;120;0;0;0
7120;120;0;0;0
7121;120;0;0;0
7122;120;0;0;0
7123;120;0;0;0
7124;120;0;0;0
7125;120;0;0;0
7126;120;0;0;0
7127;120;0;0;0
7128;120;0;0;0
7129;120;0;0;0
7130;120;0;0;0
7131;120;0;0;0
7132;120;0;0;0
7133;120;0;0;0
7134;120;0;0;0
7135;120;0;0;0
7136;120;0;0;0
7137;120;0;0;0
7138;120;0;0;0
7139;120;0;0;0
7140;120;0;0;0
7141;120;0;0;0
7142;120;0;0;0
7143;120;0;0;0
7144;120;0;0;0
7145;120;0;0;0
7146;120;0;0;0
7147;120;0;0;0
7148;120;0;0;0
7149;120;0;0;0
7150;120;0;0;0
7151;120;0;0;0
7152;120;0;0;0
7153;120;0;0;0
7154;120;0;0;0
7155;120;0;0;0
7156;120;0;0;0
7157;120;0;0;0
7158;120;0;0;0
7159;120;0;0;0
7160;120;0;0;0
7161;120;0;0;0
7162;120;0;0;0
7163;120;0;0;0
7164;120;0;0;0
7165;120;0;0;0
7166;120;0;0;0
7167;120;0;0;0
7168;120;0;0;0
7169;120;0;0;0
7170;120;0;0;0
7171;120;0;0;0
7172;120;0;0;0
7173;120;0;0;0
7174;120;0;0;0
7175;120;0;0;0
7176;120;0;0;0
7177;120;0;0;0
7178;120;0;0;0
7179;120;0;0;0
7180;120;0;0;0
7181;120;0;0;0
7182;120;0;0;0
7183;120;0;0;0
7184;120;0;0;0
7185;120;0;0;0
7186;120;0;0;0
7187;120;0;0;0
7188;120;0;0;0
7189;120;0;0;0
7190;120;0;0;0
7191;120;0;0;0
7192;120;0;0;0
7193;120;0;0;0
7194;120;0;0;0
7195;120;0;0;0
7196;120;0;0;0
7197;120;0;0;0
7198;120;0;0;0
7199;120;0;0;0
7200;120;0;0;0
7201;120;0;0;0
7202;120;0;0;0
7203;120;0;0;0
7204;120;0;0;0
7205;120;0;0;0
7206;120;0;0;0
7207;120;0;0;0
7208;120;0;0;0
7209;120;0;0;0
7210;120;0;0;0
7211;120;0;0;0
7212;120;0;0;0
7213;120;0;0;0
7214;120;0;0;0
7215;120;0;0;0
7216;120;0;0;0
7217;120;0;0;0
7218;120;0;0;0
7219;120;0;0;0
7220;120;0;0;0
7221;120;0;0;0
7222;120;0;0;0
7223;120;0;0;0
7224;120;0;0;0
7225;120;0;0;0
7226;120;0;0;0
7227;120;0;0;0
7228;120;0;0;0
7229;120;0;0;0
7230;120;0;0;0
7231;120;0;0;0
7232;120;0;0;0
7233;120;0;0;0
7234;120;0;0;0
7235;120;0;0;0
7236;120;0;0;0
7237;120;0;0;0
7238;120;0;0;0
7239;120;0;0;0
7240;119;0;0;0
7241;120;0;0;0
7242;120;0;0;0
7243;120;0;0;0
7244;120;0;0;0
7245;120;0;0;0
7246;120;0;0;0
7247;120;0;0;0
7248;120;0;0;0
7249;120;0;0;0
7250;120;0;0;0
7251;120;0;0;0
7252;120;0;0;0
7253;120;0;0;0
7254;120;0;0;0
7255;120;0;0;0
7256;120;0;0;0
7257;120;0;0;0
7258;120;0;0;0
7259;120;0;0;0
7260;120;0;0;0
7261;119;0;0;0
7262;119;0;0;0
7263;119;0;0;0
7264;119;0;0;0
7265;119;0;0;0
7266;118;0;0;0
7267;119;0;0;0
7268;120;0;0;0
7269;120;0;0;0
7270;120;0;0;0
7271;120;0;0;0
7272;120;0;0;0
7273;120;0;0;0
7274;120;0;0;0
7275;120;0;0;0
7276;120;0;0;0
7277;120;0;0;0
7278;120;0;0;0
7279;120;0;0;0
7280;120;0;0;0
7281;120;0;0;0
7282;120;0;0;0
7283;119;0;0;0
7284;119;0;0;0
7285;118;0;0;0
7286;118;0;0;0
7287;118;0;0;0
7288;117;0;0;0
7289;117;0;0;0
7290;116;0;0;0
7291;117;0;0;0
7292;117;0;0;0
7293;117;0;0;0
7294;117;0;0;0
7295;116;0;0;0
7296;116;0;0;0
7297;117;0;0;0
7298;118;0;0;0
7299;117;0;0;0
7300;119;0;0;0
7301;119;0;0;0
7302;119;0;0;0
7303;120;0;0;0
7304;120;0;0;0
7305;120;0;0;0
7306;118;0;0;0
7307;119;0;0;0
7308;119;0;0;0
7309;118;0;0;0
7310;119;0;0;0
7311;120;0;0;0
7312;120;0;0;0
7313;120;0;0;0
7314;119;0;0;0
7315;119;0;0;0
7316;120;0;0;0
7317;120;0;0;0
7318;120;0;0;0
7319;120;0;0;0
7320;120;0;0;0
7321;120;0;0;0
7322;119;0;0;0
7323;120;0;0;0
7324;120;0;0;0
7325;120;0;0;0
7326;120;0;0;0
7327;120;0;0;0
7328;119;0;0;0
7329;120;0;0;0
7330;120;0;0;0
7331;120;0;0;0
7332;119;0;0;0
7333;119;0;0;0
7334;118;0;0;0
7335;117;0;0;0
7336;117;0;0;0
7337;119;0;0;0
7338;120;0;0;0
7339;120;0;0;0
7340;119;0;0;0
7341;118;0;0;0
7342;119;0;0;0
7343;119;0;0;0
7344;120;0;0;0
7345;120;0;0;0
7346;120;0;0;0
7347;120;0;0;0
7348;120;0;0;0
7349;120;0;0;0
7350;120;0;0;0
7351;120;0;0;0
7352;120;0;0;0
7353;120;0;0;0
7354;119;0;0;0
7355;119;0;0;0
7356;120;0;0;0
7357;119;0;0;0
7358;120;0;0;0
7359;120;0;0;0
7360;120;0;0;0
7361;120;0;0;0
7362;120;0;0;0
7363;120;0;0;0
7364;120;0;0;0
7365;120;0;0;0
7366;120;0;0;0
7367;120;0;0;0
7368;120;0;0;0
7369;120;0;0;0
7370;120;0;0;0
7371;119;0;0;0
7372;118;0;0;0
7373;118;0;0;0
7374;117;0;0;0
7375;117;0;0;0
7376;117;0;0;0
7377;117;0;0;0
7378;117;0;0;0
7379;116;0;0;0
7380;117;0;0;0
7381;118;0;0;0
7382;118;0;0;0
7383;119;0;0;0
7384;120;0;0;0
7385;120;0;0;0
7386;120;0;0;0
7387;119;0;0;0
7388;118;0;0;0
7389;118;0;0;0
7390;118;0;0;0
7391;118;0;0;0
7392;118;0;0;0
7393;120;0;0;0
7394;119;0;0;0
7395;119;0;0;0
7396;119;0;0;0
7397;120;0;0;0
7398;120;0;0;0
7399;120;0;0;0
7400;120;0;0;0
7401;119;0;0;0
7402;119;0;0;0
7403;120;0;0;0
7404;120;0;0;0
7405;120;0;0;0
7406;119;0;0;0
7407;119;0;0;0
7408;120;0;0;0
7409;120;0;0;0
7410;120;0;0;0
7411;120;0;0;0
7412;120;0;0;0
7413;119;0;0;0
7414;120;0;0;0
7415;120;0;0;0
7416;120;0;0;0
7417;118;0;0;0
7418;118;0;0;0
7419;119;0;0;0
7420;118;0;0;0
7421;117;0;0;0
7422;118;0;0;0
7423;118;0;0;0
7424;117;0;0;0
7425;117;0;0;0
7426;117;0;0;0
7427;117;0;0;0
7428;118;0;0;0
7429;117;0;0;0
7430;116;0;0;0
7431;118;0;0;0
7432;118;0;0;0
7433;117;0;0;0
7434;118;0;0;0
7435;118;0;0;0
7436;119;0;0;0
7437;119;0;0;0
7438;118;0;0;0
7439;117;0;0;0
7440;118;0;0;0
7441;117;0;0;0
7442;118;0;0;0
7443;118;0;0;0
7444;119;0;0;0
7445;120;0;0;0
7446;120;0;0;0
7447;120;0;0;0
7448;118;0;0;0
7449;119;0;0;0
7450;119;0;0;0
7451;117;0;0;0
7452;116;0;0;0
7453;116;0;0;0
7454;115;0;0;0
7455;114;0;0;0
7456;114;0;0;0
7457;113;0;0;0
7458;111;0;0;0
7459;111;0;0;0
7460;112;0;0;0
7461;112;0;0;0
7462;112;0;0;0
7463;111;0;0;0
7464;112;0;0;0
7465;112;0;0;0
7466;113;0;0;0
7467;113;0;0;0
7468;112;0;0;0
7469;112;0;0;0
7470;111;0;0;0
7471;112;0;0;0
7472;113;0;0;0
7473;112;0;0;0
7474;112;0;0;0
7475;111;0;0;0
7476;111;0;0;0
7477;109;0;0;0
7478;109;0;0;0
7479;109;0;0;0
7480;107;0;0;0
7481;108;0;0;0
7482;107;0;0;0
7483;107;0;0;0
7484;107;0;0;0
7485;107;0;0;0
7486;108;0;0;0
7487;106;0;0;0
7488;105;0;0;0
7489;106;0;0;0
7490;107;0;0;0
7491;106;0;0;0
7492;106;0;0;0
7493;106;0;0;0
7494;106;0;0;0
7495;107;0;0;0
7496;107;0;0;0
7497;107;0;0;0
7498;106;0;0;0
7499;107;0;0;0
7500;106;0;0;0
7501;109;0;0;0
7502;107;0;0;0
7503;108;0;0;0
7504;110;0;0;0
7505;110;0;0;0
7506;110;0;0;0
7507;111;0;0;0
7508;112;0;0;0
7509;113;0;0;0
7510;113;0;0;0
7511;113;0;0;0
7512;114;0;0;0
7513;115;0;0;0
7514;114;0;0;0
7515;114;0;0;0
7516;115;0;0;0
7517;115;0;0;0
7518;116;0;0;0
7519;116;0;0;0
7520;117;0;0;0
7521;117;0;0;0
7522;117;0;0;0
7523;118;0;0;0
7524;118;0;0;0
7525;118;0;0;0
7526;118;0;0;0
7527;119;0;0;0
7528;119;0;0;0
7529;119;0;0;0
7530;118;0;0;0
7531;118;0;0;0
7532;119;0;0;0
7533;117;0;0;0
7534;117;0;0;0
7535;117;0;0;0
7536;117;0;0;0
7537;117;0;0;0
7538;117;0;0;0
7539;120;0;0;0
7540;120;0;0;0
7541;120;0;0;0
7542;120;0;0;0
7543;120;0;0;0
7544;120;0;0;0
7545;120;0;0;0
7546;120;0;0;0
7547;120;0;0;0
7548;120;0;0;0
7549;120;0;0;0
7550;120;0;0;0
7551;120;0;0;0
7552;120;0;0;0
7553;120;0;0;0
7554;120;0;0;0
7555;120;0;0;0
7556;120;0;0;0
7557;120;0;0;0
7558;120;0;0;0
7559;120;0;0;0
7560;120;0;0;0
7561;120;0;0;0
7562;120;0;0;0
7563;120;0;0;0
7564;120;0;0;0
7565;120;0;0;0
7566;120;0;0;0
7567;120;0;0;0
7568;120;0;0;0
7569;120;0;0;0
7570;120;0;0;0
7571;120;0;0;0
7572;120;0;0;0
7573;120;0;0;0
7574;120;0;0;0
7575;120;0;0;0
7576;120;0;0;0
7577;120;0;0;0
7578;120;0;0;0
7579;120;0;0;0
7580;120;0;0;0
7581;120;0;0;0
7582;120;0;0;0
7583;120;0;0;0
7584;120;0;0;0
7585;120;0;0;0
7586;120;0;0;0
7587;120;0;0;0
7588;120;0;0;0
7589;120;0;0;0
7590;120;0;0;0
7591;120;0;0;0
7592;120;0;0;0
7593;120;0;0;0
7594;120;0;0;0
7595;120;0;0;0
7596;120;0;0;0
7597;120;0;0;0
7598;120;0;0;0
7599;120;0;0;0
7600;120;0;0;0
7601;120;0;0;0
7602;120;0;0;0
7603;120;0;0;0
7604;120;0;0;0
7605;120;0;0;0
7606;120;0;0;0
7607;120;0;0;0
7608;120;0;0;0
7609;120;0;0;0
7610;120;0;0;0
7611;120;0;0;0
7612;120;0;0;0
7613;120;0;0;0
7614;120;0;0;0
7615;120;0;0;0
7616;120;0;0;0
7617;120;0;0;0
7618;120;0;0;0
7619;120;0;0;0
7620;120;0;0;0
7621;120;0;0;0
7622;120;0;0;0
7623;120;0;0;0
7624;120;0;0;0
7625;120;0;0;0
7626;120;0;0;0
7627;120;0;0;0
7628;120;0;0;0
7629;120;0;0;0
7630;120;0;0;0
7631;120;0;0;0
7632;120;0;0;0
7633;120;0;0;0
7634;120;0;0;0
7635;120;0;0;0
7636;120;0;0;0
7637;120;0;0;0
7638;120;0;0;0
7639;120;0;0;0
7640;120;0;0;0
7641;120;0;0;0
7642;120;0;0;0
7643;120;0;0;0
7644;120;0;0;0
7645;120;0;0;0
7646;120;0;0;0
7647;120;0;0;0
7648;120;0;0;0
7649;120;0;0;0
7650;120;0;0;0
7651;120;0;0;0
7652;120;0;0;0
7653;120;0;0;0
7654;120;0;0;0
7655;120;0;0;0
7656;120;0;0;0
7657;120;0;0;0
7658;120;0;0;0
7659;120;0;0;0
7660;120;0;0;0
7661;120;0;0;0
7662;120;0;0;0
7663;120;0;0;0
7664;120;0;0;0
7665;120;0;0;0
7666;120;0;0;0
7667;120;0;0;0
7668;120;0;0;0
7669;120;0;0;0
7670;120;0;0;0
7671;120;0;0;0
7672;120;0;0;0
7673;120;0;0;0
7674;120;0;0;0
7675;120;0;0;0
7676;120;0;0;0
7677;120;0;0;0
7678;120;0;0;0
7679;120;0;0;0
7680;120;0;0;0
7681;120;0;0;0
7682;120;0;0;0
7683;120;0;0;0
7684;120;0;0;0
7685;120;0;0;0
7686;120;0;0;0
7687;120;0;0;0
7688;120;0;0;0
7689;120;0;0;0
7690;120;0;0;0
7691;120;0;0;0
7692;120;0;0;0
7693;120;0;0;0
7694;120;0;0;0
7695;120;0;0;0
7696;120;0;0;0
7697;120;0;0;0
7698;120;0;0;0
7699;120;0;0;0
7700;120;0;0;0
7701;120;0;0;0
7702;120;0;0;0
7703;120;0;0;0
7704;120;0;0;0
7705;120;0;0;0
7706;120;0;0;0
7707;120;0;0;0
7708;120;0;0;0
7709;120;0;0;0
7710;120;0;0;0
7711;120;0;0;0
7712;120;0;0;0
7713;120;0;0;0
7714;120;0;0;0
7715;120;0;0;0
7716;120;0;0;0
7717;120;0;0;0
7718;120;0;0;0
7719;120;0;0;0
7720;120;0;0;0
7721;120;0;0;0
7722;120;0;0;0
7723;120;0;0;0
7724;120;0;0;0
7725;120;0;0;0
7726;120;0;0;0
7727;120;0;0;0
7728;120;0;0;0
7729;120;0;0;0
7730;120;0;0;0
7731;120;0;0;0
7732;120;0;0;0
7733;120;0;0;0
7734;120;0;0;0
7735;120;0;0;0
7736;120;0;0;0
7737;120;0;0;0
7738;120;0;0;0
7739;120;0;0;0
7740;120;0;0;0
7741;120;0;0;0
7742;120;0;0;0
7743;120;0;0;0
7744;120;0;0;0
7745;120;0;0;0
7746;120;0;0;0
7747;120;0;0;0
7748;120;0;0;0
7749;120;0;0;0
7750;120;0;0;0
7751;120;0;0;0
7752;120;0;0;0
7753;120;0;0;0
7754;120;0;0;0
7755;120;0;0;0
7756;120;0;0;0
7757;120;0;0;0
7758;120;0;0;0
7759;120;0;0;0
7760;120;0;0;0
7761;120;0;0;0
7762;120;0;0;0
7763;120;0;0;0
7764;120;0;0;0
7765;120;0;0;0
7766;120;0;0;0
7767;120;0;0;0
7768;120;0;0;0
7769;120;0;0;0
7770;120;0;0;0
7771;120;0;0;0
7772;120;0;0;0
7773;120;0;0;0
7774;120;0;0;0
7775;120;0;0;0
7776;120;0;0;0
7777;120;0;0;0
7778;120;0;0;0
7779;120;0;0;0
7780;120;0;0;0
7781;120;0;0;0
7782;120;0;0;0
7783;120;0;0;0
7784;120;0;0;0
7785;120;0;0;0
7786;120;0;0;0
7787;120;0;0;0
7788;120;0;0;0
7789;120;0;0;0
7790;120;0;0;0
7791;120;0;0;0
7792;120;0;0;0
7793;120;0;0;0
7794;120;0;0;0
7795;120;0;0;0
7796;120;0;0;0
7797;120;0;0;0
7798;120;0;0;0
7799;120;0;0;0
7800;120;0;0;0
7801;120;0;0;0
7802;120;0;0;0
7803;120;0;0;0
7804;120;0;0;0
7805;120;0;0;0
7806;120;0;0;0
7807;120;0;0;0
7808;120;0;0;0
7809;120;0;0;0
7810;120;0;0;0
7811;120;0;0;0
7812;120;0;0;0
7813;120;0;0;0
7814;120;0;0;0
7815;120;0;0;0
7816;120;0;0;0
7817;120;0;0;0
7818;120;0;0;0
7819;120;0;0;0
7820;120;0;0;0
7821;120;0;0;0
7822;120;0;0;0
7823;120;0;0;0
7824;120;0;0;0
7825;120;0;0;0
7826;120;0;0;0
7827;120;0;0;0
7828;120;0;0;0
7829;120;0;0;0
7830;120;0;0;0
7831;120;0;0;0
7832;120;0;0;0
7833;120;0;0;0
7834;120;0;0;0
7835;120;0;0;0
7836;120;0;0;0
7837;120;0;0;0
7838;120;0;0;0
7839;120;0;0;0
7840;120;0;0;0
7841;120;0;0;0
7842;120;0;0;0
7843;120;0;0;0
7844;120;0;0;0
7845;120;0;0;0
7846;120;0;0;0
7847;120;0;0;0
7848;120;0;0;0
7849;120;0;0;0
7850;120;0;0;0
7851;120;0;0;0
7852;120;0;0;0
7853;120;0;0;0
7854;120;0;0;0
7855;120;0;0;0
7856;120;0;0;0
7857;120;0;0;0
7858;120;0;0;0
7859;120;0;0;0
7860;120;0;0;0
7861;120;0;0;0
7862;120;0;0;0
7863;120;0;0;0
7864;120;0;0;0
7865;120;0;0;0
7866;120;0;0;0
7867;120;0;0;0
7868;120;0;0;0
7869;120;0;0;0
7870;120;0;0;0
7871;120;0;0;0
7872;120;0;0;0
7873;120;0;0;0
7874;120;0;0;0
7875;120;0;0;0
7876;120;0;0;0
7877;120;0;0;0
7878;120;0;0;0
7879;120;0;0;0
7880;120;0;0;0
7881;120;0;0;0
7882;120;0;0;0
7883;120;0;0;0
7884;120;0;0;0
7885;120;0;0;0
7886;120;0;0;0
7887;120;0;0;0
7888;120;0;0;0
7889;120;0;0;0
7890;120;0;0;0
7891;120;0;0;0
7892;120;0;0;0
7893;120;0;0;0
7894;120;0;0;0
7895;120;0;0;0
7896;120;0;0;0
7897;120;0;0;0
7898;120;0;0;0
7899;120;0;0;0
7900;120;0;0;0
7901;120;0;0;0
7902;120;0;0;0
7903;120;0;0;0
7904;120;0;0;0
7905;120;0;0;0
7906;120;0;0;0
7907;120;0;0;0
7908;120;0;0;0
7909;120;0;0;0
7910;120;0;0;0
7911;120;0;0;0
7912;120;0;0;0
7913;120;0;0;0
7914;120;0;0;0
7915;120;0;0;0
7916;120;0;0;0
7917;120;0;0;0
7918;120;0;0;0
7919;120;0;0;0
7920;120;0;0;0
7921;120;0;0;0
7922;120;0;0;0
7923;120;0;0;0
7924;120;0;0;0
7925;120;0;0;0
7926;120;0;0;0
7927;120;0;0;0
7928;120;0;0;0
7929;120;0;0;0
7930;120;0;0;0
7931;120;0;0;0
7932;120;0;0;0
7933;120;0;0;0
7934;120;0;0;0
7935;120;0;0;0
7936;120;0;0;0
7937;120;0;0;0
7938;120;0;0;0
7939;120;0;0;0
7940;120;0;0;0
7941;120;0;0;0
7942;120;0;0;0
7943;120;0;0;0
7944;120;0;0;0
7945;120;0;0;0
7946;120;0;0;0
7947;120;0;0;0
7948;120;0;0;0
7949;120;0;0;0
7950;120;0;0;0
7951;120;0;0;0
7952;120;0;0;0
7953;120;0;0;0
7954;120;0;0;0
7955;120;0;0;0
7956;120;0;0;0
7957;120;0;0;0
7958;120;0;0;0
7959;120;0;0;0
7960;120;0;0;0
7961;120;0;0;0
7962;120;0;0;0
7963;120;0;0;0
7964;120;0;0;0
7965;120;0;0;0
7966;120;0;0;0
7967;120;0;0;0
7968;120;0;0;0
7969;120;0;0;0
7970;120;0;0;0
7971;120;0;0;0
7972;120;0;0;0
7973;120;0;0;0
7974;120;0;0;0
7975;120;0;0;0
7976;120;0;0;0
7977;120;0;0;0
7978;120;0;0;0
7979;120;0;0;0
7980;120;0;0;0
7981;120;0;0;0
7982;120;0;0;0
7983;120;0;0;0
7984;120;0;0;0
7985;120;0;0;0
7986;120;0;0;0
7987;120;0;0;0
7988;120;0;0;0
7989;120;0;0;0
7990;120;0;0;0
7991;120;0;0;0
7992;120;0;0;0
7993;120;0;0;0
7994;120;0;0;0
7995;120;0;0;0
7996;120;0;0;0
7997;120;0;0;0
7998;120;0;0;0
7999;120;0;0;0
8000;120;0;0;0
8001;120;0;0;0
8002;120;0;0;0
8003;120;0;0;0
8004;120;0;0;0
8005;120;0;0;0
8006;120;0;0;0
8007;120;0;0;0
8008;120;0;0;0
8009;120;0;0;0
8010;120;0;0;0
8011;120;0;0;0
8012;120;0;0;0
8013;120;0;0;0
8014;120;0;0;0
8015;120;0;0;0
8016;120;0;0;0
8017;120;0;0;0
8018;120;0;0;0
8019;120;0;0;0
8020;120;0;0;0
8021;120;0;0;0
8022;120;0;0;0
8023;120;0;0;0
8024;120;0;0;0
8025;120;0;0;0
8026;120;0;0;0
8027;120;0;0;0
8028;120;0;0;0
8029;120;0;0;0
8030;120;0;0;0
8031;120;0;0;0
8032;120;0;0;0
8033;120;0;0;0
8034;120;0;0;0
8035;120;0;0;0
8036;120;0;0;0
8037;120;0;0;0
8038;120;0;0;0
8039;120;0;0;0
8040;120;0;0;0
8041;120;0;0;0
8042;120;0;0;0
8043;120;0;0;0
8044;120;0;0;0
8045;120;0;0;0
8046;120;0;0;0
8047;120;0;0;0
8048;120;0;0;0
8049;120;0;0;0
8050;120;0;0;0
8051;120;0;0;0
8052;120;0;0;0
8053;120;0;0;0
8054;120;0;0;0
8055;120;0;0;0
8056;120;0;0;0
8057;120;0;0;0
8058;120;0;0;0
8059;120;0;0;0
8060;120;0;0;0
8061;120;0;0;0
8062;120;0;0;0
8063;120;0;0;0
8064;120;0;0;0
8065;120;0;0;0
8066;120;0;0;0
8067;120;0;0;0
8068;120;0;0;0
8069;120;0;0;0
8070;120;0;0;0
8071;120;0;0;0
8072;120;0;0;0
8073;120;0;0;0
8074;120;0;0;0
8075;120;0;0;0
8076;120;0;0;0
8077;120;0;0;0
8078;120;0;0;0
8079;120;0;0;0
8080;120;0;0;0
8081;120;0;0;0
8082;120;0;0;0
8083;120;0;0;0
8084;120;0;0;0
8085;120;0;0;0
8086;120;0;0;0
8087;120;0;0;0
8088;120;0;0;0
8089;120;0;0;0
8090;120;0;0;0
8091;120;0;0;0
8092;120;0;0;0
8093;120;0;0;0
8094;120;0;0;0
8095;120;0;0;0
8096;120;0;0;0
8097;120;0;0;0
8098;120;0;0;0
8099;120;0;0;0
8100;120;0;0;0
8101;120;0;0;0
8102;120;0;0;0
8103;120;0;0;0
8104;120;0;0;0
8105;120;0;0;0
8106;120;0;0;0
8107;120;0;0;0
8108;120;0;0;0
8109;120;0;0;0
8110;120;0;0;0
8111;120;0;0;0
8112;120;0;0;0
8113;120;0;0;0
8114;120;0;0;0
8115;120;0;0;0
8116;120;0;0;0
8117;120;0;0;0
8118;120;0;0;0
8119;120;0;0;0
8120;120;0;0;0
8121;120;0;0;0
8122;120;0;0;0
8123;120;0;0;0
8124;120;0;0;0
8125;120;0;0;0
8126;120;0;0;0
8127;120;0;0;0
8128;120;0;0;0
8129;120;0;0;0
8130;120;0;0;0
8131;120;0;0;0
8132;120;0;0;0
8133;120;0;0;0
8134;120;0;0;0
8135;120;0;0;0
8136;120;0;0;0
8137;120;0;0;0
8138;120;0;0;0
8139;120;0;0;0
8140;120;0;0;0
8141;120;0;0;0
8142;120;0;0;0
8143;120;0;0;0
8144;120;0;0;0
8145;120;0;0;0
8146;120;0;0;0
8147;120;0;0;0
8148;120;0;0;0
8149;120;0;0;0
8150;120;0;0;0
8151;120;0;0;0
8152;120;0;0;0
8153;120;0;0;0
8154;120;0;0;0
8155;120;0;0;0
8156;120;0;0;0
8157;120;0;0;0
8158;120;0;0;0
8159;120;0;0;0
8160;120;0;0;0
8161;120;0;0;0
8162;120;0;0;0
8163;120;0;0;0
8164;120;0;0;0
8165;120;0;0;0
8166;120;0;0;0
8167;120;0;0;0
8168;120;0;0;0
8169;120;0;0;0
8170;120;0;0;0
8171;120;0;0;0
8172;120;0;0;0
8173;120;0;0;0
8174;120;0;0;0
8175;120;0;0;0
8176;120;0;0;0
8177;120;0;0;0
8178;120;0;0;0
8179;120;0;0;0
8180;120;0;0;0
8181;120;0;0;0
8182;120;0;0;0
8183;120;0;0;0
8184;120;0;0;0
8185;120;0;0;0
8186;120;0;0;0
8187;120;0;0;0
8188;120;0;0;0
8189;120;0;0;0
8190;120;0;0;0
8191;120;0;0;0
8192;120;0;0;0
8193;120;0;0;0
8194;120;0;0;0
8195;120;0;0;0
8196;120;0;0;0
8197;120;0;0;0
8198;120;0;0;0
8199;120;0;0;0
8200;120;0;0;0
8201;120;0;0;0
8202;120;0;0;0
8203;120;0;0;0
8204;120;0;0;0
8205;120;0;0;0
8206;120;0;0;0
8207;120;0;0;0
8208;120;0;0;0
8209;120;0;0;0
8210;120;0;0;0
8211;120;0;0;0
8212;120;0;0;0
8213;120;0;0;0
8214;120;0;0;0
8215;120;0;0;0
8216;120;0;0;0
8217;120;0;0;0
8218;120;0;0;0
8219;120;0;0;0
8220;120;0;0;0
8221;120;0;0;0
8222;120;0;0;0
8223;120;0;0;0
8224;120;0;0;0
8225;120;0;0;0
8226;120;0;0;0
8227;120;0;0;0
8228;120;0;0;0
8229;120;0;0;0
8230;120;0;0;0
8231;120;0;0;0
8232;120;0;0;0
8233;120;0;0;0
8234;120;0;0;0
8235;120;0;0;0
8236;120;0;0;0
8237;120;0;0;0
8238;120;0;0;0
8239;120;0;0;0
8240;120;0;0;0
8241;120;0;0;0
8242;120;0;0;0
8243;120;0;0;0
8244;120;0;0;0
8245;120;0;0;0
8246;120;0;0;0
8247;120;0;0;0
8248;120;0;0;0
8249;120;0;0;0
8250;120;0;0;0
8251;120;0;0;0
8252;120;0;0;0
8253;120;0;0;0
8254;120;0;0;0
8255;120;0;0;0
8256;120;0;0;0
8257;120;0;0;0
8258;120;0;0;0
8259;120;0;0;0
8260;120;0;0;0
8261;120;0;0;0
8262;120;0;0;0
8263;120;0;0;0
8264;120;0;0;0
8265;120;0;0;0
8266;120;0;0;0
8267;120;0;0;0
8268;120;0;0;0
8269;120;0;0;0
8270;120;0;0;0
8271;120;0;0;0
8272;120;0;0;0
8273;120;0;0;0
8274;120;0;0;0
8275;120;0;0;0
8276;120;0;0;0
8277;120;0;0;0
8278;120;0;0;0
8279;120;0;0;0
8280;120;0;0;0
8281;120;0;0;0
8282;120;0;0;0
8283;120;0;0;0
8284;120;0;0;0
8285;120;0;0;0
8286;120;0;0;0
8287;120;0;0;0
8288;120;0;0;0
8289;120;0;0;0
8290;120;0;0;0
8291;120;0;0;0
8292;120;0;0;0
8293;120;0;0;0
8294;120;0;0;0
8295;120;0;0;0
8296;120;0;0;0
8297;120;0;0;0
8298;120;0;0;0
8299;120;0;0;0
8300;120;0;0;0
8301;120;0;0;0
8302;120;0;0;0
8303;120;0;0;0
8304;120;0;0;0
8305;120;0;0;0
8306;120;0;0;0
8307;120;0;0;0
8308;120;0;0;0
8309;120;0;0;0
8310;120;0;0;0
8311;120;0;0;0
8312;120;0;0;0
8313;120;0;0;0
8314;120;0;0;0
8315;120;0;0;0
8316;120;0;0;0
8317;120;0;0;0
8318;120;0;0;0
8319;120;0;0;0
8320;120;0;0;0
8321;120;0;0;0
8322;120;0;0;0
8323;120;0;0;0
8324;120;0;0;0
8325;120;0;0;0
8326;120;0;0;0
8327;120;0;0;0
8328;120;0;0;0
8329;120;0;0;0
8330;120;0;0;0
8331;120;0;0;0
8332;120;0;0;0
8333;120;0;0;0
8334;120;0;0;0
8335;120;0;0;0
8336;120;0;0;0
8337;120;0;0;0
8338;120;0;0;0
8339;120;0;0;0
8340;120;0;0;0
8341;120;0;0;0
8342;120;0;0;0
8343;120;0;0;0
8344;120;0;0;0
8345;120;0;0;0
8346;120;0;0;0
8347;120;0;0;0
8348;120;0;0;0
8349;120;0;0;0
8350;120;0;0;0
8351;120;0;0;0
8352;120;0;0;0
8353;120;0;0;0
8354;120;0;0;0
8355;120;0;0;0
8356;120;0;0;0
8357;120;0;0;0
8358;120;0;0;0
8359;120;0;0;0
8360;120;0;0;0
8361;120;0;0;0
8362;120;0;0;0
8363;120;0;0;0
8364;120;0;0;0
8365;120;0;0;0
8366;120;0;0;0
8367;120;0;0;0
8368;120;0;0;0
8369;120;0;0;0
8370;120;0;0;0
8371;120;0;0;0
8372;120;0;0;0
8373;120;0;0;0
8374;120;0;0;0
8375;120;0;0;0
8376;120;0;0;0
8377;120;0;0;0
8378;120;0;0;0
8379;120;0;0;0
8380;120;0;0;0
8381;120;0;0;0
8382;120;0;0;0
8383;120;0;0;0
8384;120;0;0;0
8385;120;0;0;0
8386;120;0;0;0
8387;120;0;0;0
8388;120;0;0;0
8389;120;0;0;0
8390;120;0;0;0
8391;120;0;0;0
8392;120;0;0;0
8393;120;0;0;0
8394;120;0;0;0
8395;120;0;0;0
8396;120;0;0;0
8397;120;0;0;0
8398;120;0;0;0
8399;120;0;0;0
8400;120;0;0;0
8401;120;0;0;0
8402;120;0;0;0
8403;120;0;0;0
8404;120;0;0;0
8405;120;0;0;0
8406;120;0;0;0
8407;120;0;0;0
8408;120;0;0;0
8409;120;0;0;0
8410;120;0;0;0
8411;120;0;0;0
8412;120;0;0;0
8413;120;0;0;0
8414;120;0;0;0
8415;120;0;0;0
8416;120;0;0;0
8417;120;0;0;0
8418;120;0;0;0
8419;120;0;0;0
8420;120;0;0;0
8421;120;0;0;0
8422;120;0;0;0
8423;120;0;0;0
8424;120;0;0;0
8425;120;0;0;0
8426;120;0;0;0
8427;120;0;0;0
8428;120;0;0;0
8429;120;0;0;0
8430;120;0;0;0
8431;120;0;0;0
8432;120;0;0;0
8433;120;0;0;0
8434;120;0;0;0
8435;120;0;0;0
8436;120;0;0;0
8437;120;0;0;0
8438;120;0;0;0
8439;120;0;0;0
8440;120;0;0;0
8441;120;0;0;0
8442;120;0;0;0
8443;120;0;0;0
8444;120;0;0;0
8445;120;0;0;0
8446;120;0;0;0
8447;120;0;0;0
8448;120;0;0;0
8449;120;0;0;0
8450;120;0;0;0
8451;120;0;0;0
8452;120;0;0;0
8453;120;0;0;0
8454;120;0;0;0
8455;120;0;0;0
8456;120;0;0;0
8457;120;0;0;0
8458;120;0;0;0
8459;120;0;0;0
8460;120;0;0;0
8461;120;0;0;0
8462;120;0;0;0
8463;120;0;0;0
8464;120;0;0;0
8465;120;0;0;0
8466;120;0;0;0
8467;120;0;0;0
8468;120;0;0;0
8469;120;0;0;0
8470;120;0;0;0
8471;120;0;0;0
8472;120;0;0;0
8473;120;0;0;0
8474;120;0;0;0
8475;120;0;0;0
8476;120;0;0;0
8477;120;0;0;0
8478;120;0;0;0
8479;120;0;0;0
8480;120;0;0;0
8481;120;0;0;0
8482;120;0;0;0
8483;120;0;0;0
8484;120;0;0;0
8485;120;0;0;0
8486;120;0;0;0
8487;120;0;0;0
8488;120;0;0;0
8489;120;0;0;0
8490;120;0;0;0
8491;120;0;0;0
8492;120;0;0;0
8493;120;0;0;0
8494;120;0;0;0
8495;120;0;0;0
8496;120;0;0;0
8497;120;0;0;0
8498;120;0;0;0
8499;120;0;0;0
8500;120;0;0;0
8501;120;0;0;0
8502;120;0;0;0
8503;120;0;0;0
8504;120;0;0;0
8505;120;0;0;0
8506;120;0;0;0
8507;120;0;0;0
8508;120;0;0;0
8509;120;0;0;0
8510;120;0;0;0
8511;120;0;0;0
8512;120;0;0;0
8513;120;0;0;0
8514;120;0;0;0
8515;120;0;0;0
8516;120;0;0;0
8517;120;0;0;0
8518;120;0;0;0
8519;120;0;0;0
8520;120;0;0;0
8521;120;0;0;0
8522;120;0;0;0
8523;120;0;0;0
8524;120;0;0;0
8525;120;0;0;0
8526;120;0;0;0
8527;120;0;0;0
8528;120;0;0;0
8529;120;0;0;0
8530;120;0;0;0
8531;120;0;0;0
8532;120;0;0;0
8533;120;0;0;0
8534;120;0;0;0
8535;120;0;0;0
8536;120;0;0;0
8537;120;0;0;0
8538;120;0;0;0
8539;120;0;0;0
8540;120;0;0;0
8541;120;0;0;0
8542;120;0;0;0
8543;120;0;0;0
8544;120;0;0;0
8545;120;0;0;0
8546;120;0;0;0
8547;120;0;0;0
8548;120;0;0;0
8549;120;0;0;0
8550;120;0;0;0
8551;120;0;0;0
8552;120;0;0;0
8553;120;0;0;0
8554;120;0;0;0
8555;120;0;0;0
8556;120;0;0;0
8557;120;0;0;0
8558;120;0;0;0
8559;120;0;0;0
8560;120;0;0;0
8561;120;0;0;0
8562;120;0;0;0
8563;120;0;0;0
8564;120;0;0;0
8565;120;0;0;0
8566;120;0;0;0
8567;120;0;0;0
8568;120;0;0;0
8569;120;0;0;0
8570;120;0;0;0
8571;120;0;0;0
8572;120;0;0;0
8573;120;0;0;0
8574;120;0;0;0
8575;120;0;0;0
8576;120;0;0;0
8577;120;0;0;0
8578;120;0;0;0
8579;120;0;0;0
8580;120;0;0;0
8581;120;0;0;0
8582;120;0;0;0
8583;120;0;0;0
8584;120;0;0;0
8585;120;0;0;0
8586;120;0;0;0
8587;120;0;0;0
8588;120;0;0;0
8589;120;0;0;0
8590;120;0;0;0
8591;120;0;0;0
8592;120;0;0;0
8593;120;0;0;0
8594;120;0;0;0
8595;120;0;0;0
8596;120;0;0;0
8597;120;0;0;0
8598;120;0;0;0
8599;120;0;0;0
8600;120;0;0;0
8601;120;0;0;0
8602;120;0;0;0
8603;120;0;0;0
8604;120;0;0;0
8605;120;0;0;0
8606;120;0;0;0
8607;120;0;0;0
8608;120;0;0;0
8609;120;0;0;0
8610;120;0;0;0
8611;120;0;0;0
8612;120;0;0;0
8613;120;0;0;0
8614;120;0;0;0
8615;120;0;0;0
8616;120;0;0;0
8617;120;0;0;0
8618;120;0;0;0
8619;120;0;0;0
8620;120;0;0;0
8621;120;0;0;0
8622;120;0;0;0
8623;120;0;0;0
8624;120;0;0;0
8625;120;0;0;0
8626;120;0;0;0
8627;120;0;0;0
8628;120;0;0;0
8629;120;0;0;0
8630;120;0;0;0
8631;120;0;0;0
8632;120;0;0;0
8633;120;0;0;0
8634;120;0;0;0
8635;120;0;0;0
8636;120;0;0;0
8637;120;0;0;0
8638;120;0;0;0
8639;120;0;0;0
8640;120;0;0;0
8641;120;0;0;0
8642;120;0;0;0
8643;120;0;0;0
8644;120;0;0;0
8645;120;0;0;0
8646;120;0;0;0
8647;120;0;0;0
8648;120;0;0;0
8649;120;0;0;0
8650;120;0;0;0
8651;120;0;0;0
8652;120;0;0;0
8653;120;0;0;0
8654;120;0;0;0
8655;120;0;0;0
8656;120;0;0;0
8657;120;0;0;0
8658;120;0;0;0
8659;120;0;0;0
8660;120;0;0;0
8661;120;0;0;0
8662;120;0;0;0
8663;120;0;0;0
8664;120;0;0;0
8665;120;0;0;0
8666;120;0;0;0
8667;120;0;0;0
8668;120;0;0;0
8669;120;0;0;0
8670;120;0;0;0
8671;120;0;0;0
8672;120;0;0;0
8673;120;0;0;0
8674;120;0;0;0
8675;120;0;0;0
8676;120;0;0;0
8677;120;0;0;0
8678;120;0;0;0
8679;120;0;0;0
8680;120;0;0;0
8681;120;0;0;0
8682;120;0;0;0
8683;120;0;0;0
8684;120;0;0;0
8685;120;0;0;0
8686;120;0;0;0
8687;120;0;0;0
8688;120;0;0;0
8689;120;0;0;0
8690;120;0;0;0
8691;120;0;0;0
8692;120;0;0;0
8693;120;0;0;0
8694;120;0;0;0
8695;120;0;0;0
8696;120;0;0;0
8697;120;0;0;0
8698;120;0;0;0
8699;120;0;0;0
8700;120;0;0;0
8701;120;0;0;0
8702;120;0;0;0
8703;120;0;0;0
8704;120;0;0;0
8705;120;0;0;0
8706;120;0;0;0
8707;120;0;0;0
8708;120;0;0;0
8709;120;0;0;0
8710;120;0;0;0
8711;120;0;0;0
8712;120;0;0;0
8713;120;0;0;0
8714;120;0;0;0
8715;120;0;0;0
8716;120;0;0;0
8717;120;0;0;0
8718;120;0;0;0
8719;120;0;0;0
8720;120;0;0;0
8721;120;0;0;0
8722;120;0;0;0
8723;120;0;0;0
8724;120;0;0;0
8725;120;0;0;0
8726;120;0;0;0
8727;120;0;0;0
8728;120;0;0;0
8729;120;0;0;0
8730;120;0;0;0
8731;120;0;0;0
8732;120;0;0;0
8733;120;0;0;0
8734;120;0;0;0
8735;120;0;0;0
8736;120;0;0;0
8737;120;0;0;0
8738;120;0;0;0
8739;120;0;0;0
8740;120;0;0;0
8741;120;0;0;0
8742;120;0;0;0
8743;120;0;0;0
8744;120;0;0;0
8745;120;0;0;0
8746;120;0;0;0
8747;120;0;0;0
8748;120;0;0;0
8749;120;0;0;0
8750;120;0;0;0
8751;120;0;0;0
8752;120;0;0;0
8753;120;0;0;0
8754;120;0;0;0
8755;120;0;0;0
8756;120;0;0;0
8757;120;0;0;0
8758;120;0;0;0
8759;120;0;0;0
8760;120;0;0;0
8761;120;0;0;0
8762;120;0;0;0
8763;120;0;0;0
8764;120;0;0;0
8765;120;0;0;0
8766;120;0;0;0
8767;120;0;0;0
8768;120;0;0;0
8769;120;0;0;0
8770;120;0;0;0
8771;120;0;0;0
8772;120;0;0;0
8773;120;0;0;0
8774;120;0;0;0
8775;120;0;0;0
8776;120;0;0;0
8777;120;0;0;0
8778;120;0;0;0
8779;120;0;0;0
8780;120;0;0;0
8781;120;0;0;0
8782;120;0;0;0
8783;120;0;0;0
8784;120;0;0;0
8785;120;0;0;0
8786;120;0;0;0
8787;120;0;0;0
8788;120;0;0;0
8789;120;0;0;0
8790;120;0;0;0
8791;120;0;0;0
8792;120;0;0;0
8793;120;0;0;0
8794;120;0;0;0
8795;120;0;0;0
8796;120;0;0;0
8797;120;0;0;0
8798;120;0;0;0
8799;120;0;0;0
8800;120;0;0;0
8801;120;0;0;0
8802;120;0;0;0
8803;120;0;0;0
8804;120;0;0;0
8805;120;0;0;0
8806;120;0;0;0
8807;120;0;0;0
8808;120;0;0;0
8809;120;0;0;0
8810;120;0;0;0
8811;120;0;0;0
8812;120;0;0;0
8813;120;0;0;0
8814;120;0;0;0
8815;120;0;0;0
8816;120;0;0;0
8817;120;0;0;0
8818;120;0;0;0
8819;120;0;0;0
8820;120;0;0;0
8821;120;0;0;0
8822;120;0;0;0
8823;120;0;0;0
8824;120;0;0;0
8825;120;0;0;0
8826;120;0;0;0
8827;120;0;0;0
8828;120;0;0;0
8829;120;0;0;0
8830;120;0;0;0
8831;120;0;0;0
8832;120;0;0;0
8833;120;0;0;0
8834;120;0;0;0
8835;120;0;0;0
8836;120;0;0;0
8837;120;0;0;0
8838;120;0;0;0
8839;120;0;0;0
8840;120;0;0;0
8841;120;0;0;0
8842;120;0;0;0
8843;120;0;0;0
8844;120;0;0;0
8845;120;0;0;0
8846;120;0;0;0
8847;120;0;0;0
8848;120;0;0;0
8849;120;0;0;0
8850;120;0;0;0
8851;120;0;0;0
8852;120;0;0;0
8853;120;0;0;0
8854;120;0;0;0
8855;120;0;0;0
8856;120;0;0;0
8857;120;0;0;0
8858;120;0;0;0
8859;120;0;0;0
8860;120;0;0;0
8861;120;0;0;0
8862;120;0;0;0
8863;120;0;0;0
8864;120;0;0;0
8865;120;0;0;0
8866;120;0;0;0
8867;120;0;0;0
8868;120;0;0;0
8869;120;0;0;0
8870;120;0;0;0
8871;120;0;0;0
8872;120;0;0;0
8873;120;0;0;0
8874;120;0;0;0
8875;120;0;0;0
8876;120;0;0;0
8877;120;0;0;0
8878;120;0;0;0
8879;120;0;0;0
8880;120;0;0;0
8881;120;0;0;0
8882;120;0;0;0
8883;120;0;0;0
8884;120;0;0;0
8885;120;0;0;0
8886;120;0;0;0
8887;120;0;0;0
8888;120;0;0;0
8889;120;0;0;0
8890;120;0;0;0
8891;120;0;0;0
8892;120;0;0;0
8893;120;0;0;0
8894;120;0;0;0
8895;120;0;0;0
8896;120;0;0;0
8897;120;0;0;0
8898;120;0;0;0
8899;120;0;0;0
8900;120;0;0;0
8901;120;0;0;0
8902;120;0;0;0
8903;120;0;0;0
8904;120;0;0;0
8905;120;0;0;0
8906;120;0;0;0
8907;120;0;0;0
8908;120;0;0;0
8909;120;0;0;0
8910;120;0;0;0
8911;120;0;0;0
8912;120;0;0;0
8913;120;0;0;0
8914;120;0;0;0
8915;120;0;0;0
8916;120;0;0;0
8917;120;0;0;0
8918;120;0;0;0
8919;120;0;0;0
8920;120;0;0;0
8921;120;0;0;0
8922;120;0;0;0
8923;120;0;0;0
8924;120;0;0;0
8925;120;0;0;0
8926;120;0;0;0
8927;120;0;0;0
8928;120;0;0;0
8929;120;0;0;0
8930;120;0;0;0
8931;120;0;0;0
8932;120;0;0;0
8933;120;0;0;0
8934;120;0;0;0
8935;120;0;0;0
8936;120;0;0;0
8937;120;0;0;0
8938;120;0;0;0
8939;120;0;0;0
8940;120;0;0;0
8941;120;0;0;0
8942;120;0;0;0
8943;120;0;0;0
8944;120;0;0;0
8945;120;0;0;0
8946;120;0;0;0
8947;120;0;0;0
8948;120;0;0;0
8949;120;0;0;0
8950;120;0;0;0
8951;120;0;0;0
8952;120;0;0;0
8953;120;0;0;0
8954;120;0;0;0
8955;120;0;0;0
8956;120;0;0;0
8957;120;0;0;0
8958;120;0;0;0
8959;120;0;0;0
8960;120;0;0;0
8961;120;0;0;0
8962;120;0;0;0
8963;120;0;0;0
8964;120;0;0;0
8965;120;0;0;0
8966;120;0;0;0
8967;120;0;0;0
8968;120;0;0;0
8969;120;0;0;0
8970;120;0;0;0
8971;120;0;0;0
8972;120;0;0;0
8973;120;0;0;0
8974;120;0;0;0
8975;120;0;0;0
8976;120;0;0;0
8977;120;0;0;0
8978;120;0;0;0
8979;120;0;0;0
8980;120;0;0;0
8981;120;0;0;0
8982;120;0;0;0
8983;120;0;0;0
8984;120;0;0;0
8985;120;0;0;0
8986;120;0;0;0
8987;120;0;0;0
8988;120;0;0;0
8989;120;0;0;0
8990;120;0;0;0
8991;120;0;0;0
8992;120;0;0;0
8993;120;0;0;0
8994;120;0;0;0
8995;120;0;0;0
8996;120;0;0;0
8997;120;0;0;0
8998;120;0;0;0
8999;120;0;0;0
9000;120;0;0;0
9001;120;0;0;0
9002;120;0;0;0
9003;120;0;0;0
9004;120;0;0;0
9005;120;0;0;0
9006;120;0;0;0
9007;120;0;0;0
9008;120;0;0;0
9009;120;0;0;0
9010;120;0;0;0
9011;120;0;0;0
9012;120;0;0;0
9013;120;0;0;0
9014;120;0;0;0
9015;120;0;0;0
9016;120;0;0;0
9017;120;0;0;0
9018;120;0;0;0
9019;120;0;0;0
9020;120;0;0;0
9021;120;0;0;0
9022;120;0;0;0
9023;120;0;0;0
9024;120;0;0;0
9025;120;0;0;0
9026;120;0;0;0
9027;120;0;0;0
9028;120;0;0;0
9029;120;0;0;0
9030;120;0;0;0
9031;120;0;0;0
9032;120;0;0;0
9033;120;0;0;0
9034;120;0;0;0
9035;120;0;0;0
9036;120;0;0;0
9037;120;0;0;0
9038;120;0;0;0
9039;120;0;0;0
9040;120;0;0;0
9041;120;0;0;0
9042;119;0;0;0
9043;120;0;0;0
9044;120;0;0;0
9045;120;0;0;0
9046;120;0;0;0
9047;119;0;0;0
9048;119;0;0;0
9049;120;0;0;0
9050;120;0;0;0
9051;120;0;0;0
9052;120;0;0;0
9053;120;0;0;0
9054;120;0;0;0
9055;120;0;0;0
9056;120;0;0;0
9057;120;0;0;0
9058;120;0;0;0
9059;120;0;0;0
9060;120;0;0;0
9061;120;0;0;0
9062;120;0;0;0
9063;120;0;0;0
9064;120;0;0;0
9065;120;0;0;0
9066;120;0;0;0
9067;120;0;0;0
9068;120;0;0;0
9069;119;0;0;0
9070;120;0;0;0
9071;120;0;0;0
9072;120;0;0;0
9073;120;0;0;0
9074;120;0;0;0
9075;120;0;0;0
9076;120;0;0;0
9077;120;0;0;0
9078;119;0;0;0
9079;119;0;0;0
9080;119;0;0;0
9081;120;0;0;0
9082;120;0;0;0
9083;120;0;0;0
9084;119;0;0;0
9085;119;0;0;0
9086;120;0;0;0
9087;120;0;0;0
9088;120;0;0;0
9089;120;0;0;0
9090;120;0;0;0
9091;120;0;0;0
9092;120;0;0;0
9093;120;0;0;0
9094;120;0;0;0
9095;120;0;0;0
9096;120;0;0;0
9097;120;0;0;0
9098;119;0;0;0
9099;119;0;0;0
9100;119;0;0;0
9101;117;0;0;0
9102;117;0;0;0
9103;117;0;0;0
9104;116;0;0;0
9105;116;0;0;0
9106;116;0;0;0
9107;116;0;0;0
9108;115;0;0;0
9109;115;0;0;0
9110;115;0;0;0
9111;115;0;0;0
9112;115;0;0;0
9113;116;0;0;0
9114;116;0;0;0
9115;116;0;0;0
9116;116;0;0;0
9117;115;0;0;0
9118;114;0;0;0
9119;114;0;0;0
9120;114;0;0;0
9121;116;0;0;0
9122;116;0;0;0
9123;118;0;0;0
9124;118;0;0;0
9125;118;0;0;0
9126;119;0;0;0
9127;119;0;0;0
9128;120;0;0;0
9129;120;0;0;0
9130;120;0;0;0
9131;120;0;0;0
9132;120;0;0;0
9133;120;0;0;0
9134;120;0;0;0
9135;120;0;0;0
9136;120;0;0;0
9137;120;0;0;0
9138;119;0;0;0
9139;119;0;0;0
9140;120;0;0;0
9141;120;0;0;0
9142;120;0;0;0
9143;119;0;0;0
9144;120;0;0;0
9145;118;0;0;0
9146;118;0;0;0
9147;118;0;0;0
9148;120;0;0;0
9149;120;0;0;0
9150;120;0;0;0
9151;120;0;0;0
9152;120;0;0;0
9153;120;0;0;0
9154;120;0;0;0
9155;120;0;0;0
9156;120;0;0;0
9157;119;0;0;0
9158;120;0;0;0
9159;118;0;0;0
9160;119;0;0;0
9161;119;0;0;0
9162;119;0;0;0
9163;118;0;0;0
9164;118;0;0;0
9165;119;0;0;0
9166;119;0;0;0
9167;120;0;0;0
9168;120;0;0;0
9169;120;0;0;0
9170;120;0;0;0
9171;120;0;0;0
9172;120;0;0;0
9173;120;0;0;0
9174;120;0;0;0
9175;120;0;0;0
9176;120;0;0;0
9177;120;0;0;0
9178;120;0;0;0
9179;120;0;0;0
9180;120;0;0;0
9181;120;0;0;0
9182;120;0;0;0
9183;120;0;0;0
9184;120;0;0;0
9185;119;0;0;0
9186;120;0;0;0
9187;120;0;0;0
9188;120;0;0;0
9189;120;0;0;0
9190;120;0;0;0
9191;120;0;0;0
9192;120;0;0;0
9193;119;0;0;0
9194;117;0;0;0
9195;118;0;0;0
9196;118;0;0;0
9197;118;0;0;0
9198;117;0;0;0
9199;118;0;0;0
9200;120;0;0;0
9201;120;0;0;0
9202;120;0;0;0
9203;120;0;0;0
9204;120;0;0;0
9205;120;0;0;0
9206;120;0;0;0
9207;120;0;0;0
9208;120;0;0;0
9209;120;0;0;0
9210;120;0;0;0
9211;120;0;0;0
9212;120;0;0;0
9213;120;0;0;0
9214;120;0;0;0
9215;120;0;0;0
9216;119;0;0;0
9217;120;0;0;0
9218;120;0;0;0
9219;119;0;0;0
9220;120;0;0;0
9221;120;0;0;0
9222;120;0;0;0
9223;119;0;0;0
9224;119;0;0;0
9225;119;0;0;0
9226;119;0;0;0
9227;119;0;0;0
9228;119;0;0;0
9229;117;0;0;0
9230;118;0;0;0
9231;119;0;0;0
9232;118;0;0;0
9233;117;0;0;0
9234;117;0;0;0
9235;116;0;0;0
9236;117;0;0;0
9237;115;0;0;0
9238;114;0;0;0
9239;114;0;0;0
9240;115;0;0;0
9241;114;0;0;0
9242;114;0;0;0
9243;113;0;0;0
9244;115;0;0;0
9245;114;0;0;0
9246;114;0;0;0
9247;114;0;0;0
9248;114;0;0;0
9249;114;0;0;0
9250;115;0;0;0
9251;114;0;0;0
9252;115;0;0;0
9253;115;0;0;0
9254;115;0;0;0
9255;115;0;0;0
9256;116;0;0;0
9257;116;0;0;0
9258;116;0;0;0
9259;117;0;0;0
9260;117;0;0;0
9261;116;0;0;0
9262;115;0;0;0
9263;115;0;0;0
9264;116;0;0;0
9265;116;0;0;0
9266;114;0;0;0
9267;113;0;0;0
9268;114;0;0;0
9269;114;0;0;0
9270;117;0;0;0
9271;117;0;0;0
9272;116;0;0;0
9273;115;0;0;0
9274;117;0;0;0
9275;117;0;0;0
9276;116;0;0;0
9277;117;0;0;0
9278;117;0;0;0
9279;118;0;0;0
9280;118;0;0;0
9281;119;0;0;0
9282;119;0;0;0
9283;120;0;0;0
9284;119;0;0;0
9285;120;0;0;0
9286;120;0;0;0
9287;120;0;0;0
9288;120;0;0;0
9289;120;0;0;0
9290;118;0;0;0
9291;117;0;0;0
9292;117;0;0;0
9293;117;0;0;0
9294;116;0;0;0
9295;116;0;0;0
9296;115;0;0;0
9297;116;0;0;0
9298;116;0;0;0
9299;116;0;0;0
9300;115;0;0;0
9301;116;0;0;0
9302;113;0;0;0
9303;114;0;0;0
9304;114;0;0;0
9305;114;0;0;0
9306;114;0;0;0
9307;115;0;0;0
9308;114;0;0;0
9309;114;0;0;0
9310;114;0;0;0
9311;114;0;0;0
9312;113;0;0;0
9313;112;0;0;0
9314;112;0;0;0
9315;112;0;0;0
9316;112;0;0;0
9317;111;0;0;0
9318;111;0;0;0
9319;111;0;0;0
9320;111;0;0;0
9321;111;0;0;0
9322;113;0;0;0
9323;115;0;0;0
9324;113;0;0;0
9325;117;0;0;0
9326;119;0;0;0
9327;119;0;0;0
9328;117;0;0;0
9329;118;0;0;0
9330;119;0;0;0
9331;119;0;0;0
9332;119;0;0;0
9333;119;0;0;0
9334;120;0;0;0
9335;120;0;0;0
9336;120;0;0;0
9337;120;0;0;0
9338;120;0;0;0
9339;120;0;0;0
9340;118;0;0;0
9341;119;0;0;0
9342;120;0;0;0
9343;120;0;0;0
9344;120;0;0;0
9345;120;0;0;0
9346;120;0;0;0
9347;120;0;0;0
9348;120;0;0;0
9349;120;0;0;0
9350;120;0;0;0
9351;120;0;0;0
9352;120;0;0;0
9353;120;0;0;0
9354;120;0;0;0
9355;120;0;0;0
9356;120;0;0;0
9357;120;0;0;0
9358;120;0;0;0
9359;120;0;0;0
9360;120;0;0;0
9361;120;0;0;0
9362;120;0;0;0
9363;120;0;0;0
9364;120;0;0;0
9365;120;0;0;0
9366;120;0;0;0
9367;120;0;0;0
9368;120;0;0;0
9369;120;0;0;0
9370;120;0;0;0
9371;120;0;0;0
9372;120;0;0;0
9373;120;0;0;0
9374;120;0;0;0
9375;120;0;0;0
9376;120;0;0;0
9377;120;0;0;0
9378;120;0;0;0
9379;120;0;0;0
9380;120;0;0;0
9381;120;0;0;0
9382;120;0;0;0
9383;120;0;0;0
9384;120;0;0;0
9385;120;0;0;0
9386;120;0;0;0
9387;120;0;0;0
9388;120;0;0;0
9389;120;0;0;0
9390;120;0;0;0
9391;120;0;0;0
9392;120;0;0;0
9393;120;0;0;0
9394;120;0;0;0
9395;120;0;0;0
9396;120;0;0;0
9397;120;0;0;0
9398;120;0;0;0
9399;120;0;0;0
9400;120;0;0;0
9401;120;0;0;0
9402;120;0;0;0
9403;120;0;0;0
9404;120;0;0;0
9405;120;0;0;0
9406;120;0;0;0
9407;120;0;0;0
9408;120;0;0;0
9409;120;0;0;0
9410;120;0;0;0
9411;120;0;0;0
9412;120;0;0;0
9413;120;0;0;0
9414;120;0;0;0
9415;120;0;0;0
9416;120;0;0;0
9417;120;0;0;0
9418;120;0;0;0
9419;120;0;0;0
9420;120;0;0;0
9421;120;0;0;0
9422;120;0;0;0
9423;120;0;0;0
9424;120;0;0;0
9425;120;0;0;0
9426;120;0;0;0
9427;120;0;0;0
9428;120;0;0;0
9429;120;0;0;0
9430;120;0;0;0
9431;120;0;0;0
9432;120;0;0;0
9433;120;0;0;0
9434;120;0;0;0
9435;120;0;0;0
9436;120;0;0;0
9437;120;0;0;0
9438;120;0;0;0
9439;120;0;0;0
9440;120;0;0;0
9441;120;0;0;0
9442;120;0;0;0
9443;120;0;0;0
9444;120;0;0;0
9445;120;0;0;0
9446;120;0;0;0
9447;120;0;0;0
9448;120;0;0;0
9449;120;0;0;0
9450;120;0;0;0
9451;120;0;0;0
9452;120;0;0;0
9453;120;0;0;0
9454;120;0;0;0
9455;120;0;0;0
9456;120;0;0;0
9457;120;0;0;0
9458;120;0;0;0
9459;120;0;0;0
9460;120;0;0;0
9461;120;0;0;0
9462;120;0;0;0
9463;120;0;0;0
9464;120;0;0;0
9465;120;0;0;0
9466;120;0;0;0
9467;120;0;0;0
9468;120;0;0;0
9469;120;0;0;0
9470;120;0;0;0
9471;120;0;0;0
9472;120;0;0;0
9473;120;0;0;0
9474;120;0;0;0
9475;120;0;0;0
9476;120;0;0;0
9477;120;0;0;0
9478;120;0;0;0
9479;120;0;0;0
9480;120;0;0;0
9481;120;0;0;0
9482;120;0;0;0
9483;120;0;0;0
9484;120;0;0;0
9485;120;0;0;0
9486;120;0;0;0
9487;120;0;0;0
9488;120;0;0;0
9489;120;0;0;0
9490;120;0;0;0
9491;120;0;0;0
9492;120;0;0;0
9493;120;0;0;0
9494;120;0;0;0
9495;120;0;0;0
9496;120;0;0;0
9497;120;0;0;0
9498;120;0;0;0
9499;120;0;0;0
9500;120;0;0;0
9501;120;0;0;0
9502;120;0;0;0
9503;120;0;0;0
9504;120;0;0;0
9505;120;0;0;0
9506;120;0;0;0
9507;120;0;0;0
9508;120;0;0;0
9509;120;0;0;0
9510;120;0;0;0
9511;120;0;0;0
9512;120;0;0;0
9513;120;0;0;0
9514;120;0;0;0
9515;120;0;0;0
9516;120;0;0;0
9517;120;0;0;0
9518;120;0;0;0
9519;120;0;0;0
9520;120;0;0;0
9521;120;0;0;0
9522;120;0;0;0
9523;120;0;0;0
9524;120;0;0;0
9525;120;0;0;0
9526;120;0;0;0
9527;120;0;0;0
9528;120;0;0;0
9529;120;0;0;0
9530;120;0;0;0
9531;120;0;0;0
9532;120;0;0;0
9533;120;0;0;0
9534;120;0;0;0
9535;120;0;0;0
9536;120;0;0;0
9537;120;0;0;0
9538;120;0;0;0
9539;120;0;0;0
9540;120;0;0;0
9541;120;0;0;0
9542;120;0;0;0
9543;120;0;0;0
9544;120;0;0;0
9545;120;0;0;0
9546;120;0;0;0
9547;120;0;0;0
9548;120;0;0;0
9549;120;0;0;0
9550;120;0;0;0
9551;120;0;0;0
9552;120;0;0;0
9553;120;0;0;0
9554;120;0;0;0
9555;120;0;0;0
9556;120;0;0;0
9557;120;0;0;0
9558;120;0;0;0
9559;120;0;0;0
9560;120;0;0;0
9561;120;0;0;0
9562;120;0;0;0
9563;120;0;0;0
9564;120;0;0;0
9565;120;0;0;0
9566;120;0;0;0
9567;120;0;0;0
9568;120;0;0;0
9569;120;0;0;0
9570;120;0;0;0
9571;120;0;0;0
9572;120;0;0;0
9573;120;0;0;0
9574;120;0;0;0
9575;120;0;0;0
9576;120;0;0;0
9577;120;0;0;0
9578;120;0;0;0
9579;120;0;0;0
9580;120;0;0;0
9581;120;0;0;0
9582;120;0;0;0
9583;120;0;0;0
9584;120;0;0;0
9585;120;0;0;0
9586;120;0;0;0
9587;120;0;0;0
9588;120;0;0;0
9589;120;0;0;0
9590;120;0;0;0
9591;120;0;0;0
9592;120;0;0;0
9593;120;0;0;0
9594;120;0;0;0
9595;120;0;0;0
9596;120;0;0;0
9597;120;0;0;0
9598;120;0;0;0
9599;120;0;0;0
9600;120;0;0;0
9601;120;0;0;0
9602;120;0;0;0
9603;120;0;0;0
9604;120;0;0;0
9605;120;0;0;0
9606;120;0;0;0
9607;120;0;0;0
9608;120;0;0;0
9609;120;0;0;0
9610;120;0;0;0
9611;120;0;0;0
9612;120;0;0;0
9613;120;0;0;0
9614;120;0;0;0
9615;120;0;0;0
9616;120;0;0;0
9617;120;0;0;0
9618;120;0;0;0
9619;120;0;0;0
9620;120;0;0;0
9621;120;0;0;0
9622;120;0;0;0
9623;120;0;0;0
9624;120;0;0;0
9625;120;0;0;0
9626;120;0;0;0
9627;120;0;0;0
9628;120;0;0;0
9629;120;0;0;0
9630;120;0;0;0
9631;120;0;0;0
9632;120;0;0;0
9633;120;0;0;0
9634;120;0;0;0
9635;120;0;0;0
9636;120;0;0;0
9637;120;0;0;0
9638;120;0;0;0
9639;120;0;0;0
9640;120;0;0;0
9641;120;0;0;0
9642;120;0;0;0
9643;120;0;0;0
9644;120;0;0;0
9645;120;0;0;0
9646;120;0;0;0
9647;120;0;0;0
9648;120;0;0;0
9649;120;0;0;0
9650;120;0;0;0
9651;120;0;0;0
9652;120;0;0;0
9653;120;0;0;0
9654;120;0;0;0
9655;120;0;0;0
9656;120;0;0;0
9657;120;0;0;0
9658;120;0;0;0
9659;120;0;0;0
9660;120;0;0;0
9661;120;0;0;0
9662;120;0;0;0
9663;120;0;0;0
9664;120;0;0;0
9665;120;0;0;0
9666;120;0;0;0
9667;120;0;0;0
9668;120;0;0;0
9669;120;0;0;0
9670;120;0;0;0
9671;120;0;0;0
9672;120;0;0;0
9673;120;0;0;0
9674;120;0;0;0
9675;120;0;0;0
9676;120;0;0;0
9677;120;0;0;0
9678;120;0;0;0
9679;120;0;0;0
9680;120;0;0;0
9681;120;0;0;0
9682;120;0;0;0
9683;120;0;0;0
9684;120;0;0;0
9685;120;0;0;0
9686;120;0;0;0
9687;120;0;0;0
9688;120;0;0;0
9689;120;0;0;0
9690;120;0;0;0
9691;120;0;0;0
9692;120;0;0;0
9693;120;0;0;0
9694;120;0;0;0
9695;120;0;0;0
9696;120;0;0;0
9697;120;0;0;0
9698;120;0;0;0
9699;120;0;0;0
9700;120;0;0;0
9701;120;0;0;0
9702;120;0;0;0
9703;120;0;0;0
9704;120;0;0;0
9705;120;0;0;0
9706;120;0;0;0
9707;120;0;0;0
9708;120;0;0;0
9709;120;0;0;0
9710;120;0;0;0
9711;120;0;0;0
9712;120;0;0;0
9713;120;0;0;0
9714;120;0;0;0
9715;120;0;0;0
9716;120;0;0;0
9717;120;0;0;0
9718;120;0;0;0
9719;120;0;0;0
9720;120;0;0;0
9721;120;0;0;0
9722;120;0;0;0
9723;120;0;0;0
9724;120;0;0;0
9725;120;0;0;0
9726;120;0;0;0
9727;120;0;0;0
9728;120;0;0;0
9729;120;0;0;0
9730;120;0;0;0
9731;120;0;0;0
9732;120;0;0;0
9733;120;0;0;0
9734;120;0;0;0
9735;120;0;0;0
9736;120;0;0;0
9737;120;0;0;0
9738;120;0;0;0
9739;120;0;0;0
9740;120;0;0;0
9741;120;0;0;0
9742;120;0;0;0
9743;120;0;0;0
9744;120;0;0;0
9745;120;0;0;0
9746;120;0;0;0
9747;120;0;0;0
9748;120;0;0;0
9749;120;0;0;0
9750;120;0;0;0
9751;120;0;0;0
9752;120;0;0;0
9753;120;0;0;0
9754;120;0;0;0
9755;120;0;0;0
9756;120;0;0;0
9757;120;0;0;0
9758;120;0;0;0
9759;120;0;0;0
9760;120;0;0;0
9761;120;0;0;0
9762;120;0;0;0
9763;120;0;0;0
9764;120;0;0;0
9765;120;0;0;0
9766;120;0;0;0
9767;120;0;0;0
9768;120;0;0;0
9769;120;0;0;0
9770;120;0;0;0
9771;120;0;0;0
9772;120;0;0;0
9773;120;0;0;0
9774;120;0;0;0
9775;120;0;0;0
9776;120;0;0;0
9777;120;0;0;0
9778;120;0;0;0
9779;120;0;0;0
9780;120;0;0;0
9781;120;0;0;0
9782;120;0;0;0
9783;120;0;0;0
9784;120;0;0;0
9785;120;0;0;0
9786;120;0;0;0
9787;120;0;0;0
9788;120;0;0;0
9789;120;0;0;0
9790;120;0;0;0
9791;120;0;0;0
9792;120;0;0;0
9793;120;0;0;0
9794;120;0;0;0
9795;120;0;0;0
9796;120;0;0;0
9797;120;0;0;0
9798;120;0;0;0
9799;120;0;0;0
9800;120;0;0;0
9801;120;0;0;0
9802;120;0;0;0
9803;120;0;0;0
9804;120;0;0;0
9805;120;0;0;0
9806;120;0;0;0
9807;120;0;0;0
9808;120;0;0;0
9809;120;0;0;0
9810;120;0;0;0
9811;120;0;0;0
9812;120;0;0;0
9813;120;0;0;0
9814;120;0;0;0
9815;120;0;0;0
9816;120;0;0;0
9817;120;0;0;0
9818;120;0;0;0
9819;120;0;0;0
9820;120;0;0;0
9821;120;0;0;0
9822;120;0;0;0
9823;120;0;0;0
9824;120;0;0;0
9825;120;0;0;0
9826;120;0;0;0
9827;120;0;0;0
9828;120;0;0;0
9829;120;0;0;0
9830;120;0;0;0
9831;120;0;0;0
9832;120;0;0;0
9833;120;0;0;0
9834;120;0;0;0
9835;120;0;0;0
9836;120;0;0;0
9837;120;0;0;0
9838;120;0;0;0
9839;120;0;0;0
9840;120;0;0;0
9841;120;0;0;0
9842;120;0;0;0
9843;120;0;0;0
9844;120;0;0;0
9845;120;0;0;0
9846;120;0;0;0
9847;120;0;0;0
9848;120;0;0;0
9849;120;0;0;0
9850;120;0;0;0
9851;120;0;0;0
9852;120;0;0;0
9853;120;0;0;0
9854;120;0;0;0
9855;120;0;0;0
9856;120;0;0;0
9857;120;0;0;0
9858;120;0;0;0
9859;120;0;0;0
9860;120;0;0;0
9861;120;0;0;0
9862;120;0;0;0
9863;120;0;0;0
9864;120;0;0;0
9865;120;0;0;0
9866;120;0;0;0
9867;120;0;0;0
9868;120;0;0;0
9869;120;0;0;0
9870;120;0;0;0
9871;120;0;0;0
9872;120;0;0;0
9873;120;0;0;0
9874;120;0;0;0
9875;120;0;0;0
9876;120;0;0;0
9877;120;0;0;0
9878;120;0;0;0
9879;120;0;0;0
9880;120;0;0;0
9881;120;0;0;0
9882;120;0;0;0
9883;120;0;0;0
9884;120;0;0;0
9885;120;0;0;0
9886;120;0;0;0
9887;120;0;0;0
9888;120;0;0;0
9889;120;0;0;0
9890;120;0;0;0
9891;120;0;0;0
9892;120;0;0;0
9893;120;0;0;0
9894;120;0;0;0
9895;120;0;0;0
9896;120;0;0;0
9897;120;0;0;0
9898;120;0;0;0
9899;120;0;0;0
9900;120;0;0;0
9901;120;0;0;0
9902;120;0;0;0
9903;120;0;0;0
9904;120;0;0;0
9905;120;0;0;0
9906;120;0;0;0
9907;120;0;0;0
9908;120;0;0;0
9909;120;0;0;0
9910;120;0;0;0
9911;120;0;0;0
9912;120;0;0;0
9913;120;0;0;0
9914;120;0;0;0
9915;120;0;0;0
9916;120;0;0;0
9917;120;0;0;0
9918;120;0;0;0
9919;120;0;0;0
9920;120;0;0;0
9921;120;0;0;0
9922;120;0;0;0
9923;120;0;0;0
9924;120;0;0;0
9925;120;0;0;0
9926;120;0;0;0
9927;120;0;0;0
9928;120;0;0;0
9929;120;0;0;0
9930;120;0;0;0
9931;120;0;0;0
9932;120;0;0;0
9933;120;0;0;0
9934;120;0;0;0
9935;120;0;0;0
9936;120;0;0;0
9937;120;0;0;0
9938;120;0;0;0
9939;120;0;0;0
9940;120;0;0;0
9941;120;0;0;0
9942;120;0;0;0
9943;120;0;0;0
9944;120;0;0;0
9945;120;0;0;0
9946;120;0;0;0
9947;120;0;0;0
9948;120;0;0;0
9949;120;0;0;0
9950;120;0;0;0
9951;120;0;0;0
9952;120;0;0;0
9953;120;0;0;0
9954;120;0;0;0
9955;120;0;0;0
9956;120;0;0;0
9957;120;0;0;0
9958;120;0;0;0
9959;120;0;0;0
9960;120;0;0;0
9961;120;0;0;0
9962;120;0;0;0
9963;120;0;0;0
9964;120;0;0;0
9965;120;0;0;0
9966;120;0;0;0
9967;120;0;0;0
9968;120;0;0;0
9969;120;0;0;0
9970;120;0;0;0
9971;120;0;0;0
9972;120;0;0;0
9973;120;0;0;0
9974;120;0;0;0
9975;120;0;0;0
9976;120;0;0;0
9977;120;0;0;0
9978;120;0;0;0
9979;120;0;0;0
9980;120;0;0;0
9981;120;0;0;0
9982;120;0;0;0
9983;120;0;0;0
9984;120;0;0;0
9985;120;0;0;0
9986;120;0;0;0
9987;120;0;0;0
9988;120;0;0;0
9989;120;0;0;0
9990;120;0;0;0
9991;120;0;0;0
9992;120;0;0;0
9993;120;0;0;0
9994;120;0;0;0
9995;120;0;0;0
9996;120;0;0;0
9997;120;0;0;0
9998;120;0;0;0
9999;120;0;0;0
10000;120;0;0;0
10001;120;0;0;0
10002;120;0;0;0
10003;120;0;0;0
10004;120;0;0;0
10005;120;0;0;0
10006;120;0;0;0
10007;120;0;0;0
10008;120;0;0;0
10009;120;0;0;0
10010;120;0;0;0
10011;120;0;0;0
10012;120;0;0;0
10013;120;0;0;0
10014;120;0;0;0
10015;120;0;0;0
10016;120;0;0;0
10017;120;0;0;0
10018;120;0;0;0
10019;120;0;0;0
10020;120;0;0;0
10021;120;0;0;0
10022;120;0;0;0
10023;120;0;0;0
10024;120;0;0;0
10025;120;0;0;0
10026;120;0;0;0
10027;120;0;0;0
10028;120;0;0;0
10029;120;0;0;0
10030;120;0;0;0
10031;120;0;0;0
10032;120;0;0;0
10033;120;0;0;0
10034;120;0;0;0
10035;120;0;0;0
10036;120;0;0;0
10037;120;0;0;0
10038;120;0;0;0
10039;120;0;0;0
10040;120;0;0;0
10041;120;0;0;0
10042;120;0;0;0
10043;120;0;0;0
10044;120;0;0;0
10045;120;0;0;0
10046;120;0;0;0
10047;120;0;0;0
10048;120;0;0;0
10049;120;0;0;0
10050;120;0;0;0
10051;120;0;0;0
10052;120;0;0;0
10053;120;0;0;0
10054;120;0;0;0
10055;120;0;0;0
10056;120;0;0;0
10057;120;0;0;0
10058;120;0;0;0
10059;120;0;0;0
10060;120;0;0;0
10061;120;0;0;0
10062;120;0;0;0
10063;120;0;0;0
10064;120;0;0;0
10065;120;0;0;0
10066;120;0;0;0
10067;120;0;0;0
10068;120;0;0;0
10069;120;0;0;0
10070;120;0;0;0
10071;120;0;0;0
10072;120;0;0;0
10073;120;0;0;0
10074;120;0;0;0
10075;120;0;0;0
10076;120;0;0;0
10077;120;0;0;0
10078;120;0;0;0
10079;120;0;0;0
10080;120;0;0;0
10081;120;0;0;0
10082;120;0;0;0
10083;120;0;0;0
10084;120;0;0;0
10085;120;0;0;0
10086;120;0;0;0
10087;120;0;0;0
10088;120;0;0;0
10089;120;0;0;0
10090;120;0;0;0
10091;120;0;0;0
10092;120;0;0;0
10093;120;0;0;0
10094;120;0;0;0
10095;120;0;0;0
10096;120;0;0;0
10097;120;0;0;0
10098;120;0;0;0
10099;120;0;0;0
10100;120;0;0;0
10101;120;0;0;0
10102;120;0;0;0
10103;120;0;0;0
10104;120;0;0;0
10105;120;0;0;0
10106;120;0;0;0
10107;120;0;0;0
10108;120;0;0;0
10109;120;0;0;0
10110;120;0;0;0
10111;120;0;0;0
10112;120;0;0;0
10113;120;0;0;0
10114;120;0;0;0
10115;120;0;0;0
10116;120;0;0;0
10117;120;0;0;0
10118;120;0;0;0
10119;120;0;0;0
10120;120;0;0;0
10121;120;0;0;0
10122;120;0;0;0
10123;120;0;0;0
10124;120;0;0;0
10125;120;0;0;0
10126;120;0;0;0
10127;120;0;0;0
10128;120;0;0;0
10129;120;0;0;0
10130;120;0;0;0
10131;120;0;0;0
10132;120;0;0;0
10133;120;0;0;0
10134;120;0;0;0
10135;120;0;0;0
10136;120;0;0;0
10137;120;0;0;0
10138;120;0;0;0
10139;120;0;0;0
10140;120;0;0;0
10141;120;0;0;0
10142;120;0;0;0
10143;120;0;0;0
10144;120;0;0;0
10145;120;0;0;0
10146;120;0;0;0
10147;120;0;0;0
10148;120;0;0;0
10149;120;0;0;0
10150;120;0;0;0
10151;120;0;0;0
10152;120;0;0;0
10153;120;0;0;0
10154;120;0;0;0
10155;120;0;0;0
10156;120;0;0;0
10157;120;0;0;0
10158;120;0;0;0
10159;120;0;0;0
10160;120;0;0;0
10161;120;0;0;0
10162;120;0;0;0
10163;120;0;0;0
10164;120;0;0;0
10165;120;0;0;0
10166;120;0;0;0
10167;120;0;0;0
10168;120;0;0;0
10169;120;0;0;0
10170;120;0;0;0
10171;120;0;0;0
10172;120;0;0;0
10173;120;0;0;0
10174;120;0;0;0
10175;120;0;0;0
10176;120;0;0;0
10177;120;0;0;0
10178;120;0;0;0
10179;120;0;0;0
10180;120;0;0;0
10181;120;0;0;0
10182;120;0;0;0
10183;120;0;0;0
10184;120;0;0;0
10185;120;0;0;0
10186;120;0;0;0
10187;120;0;0;0
10188;120;0;0;0
10189;120;0;0;0
10190;120;0;0;0
10191;120;0;0;0
10192;120;0;0;0
10193;120;0;0;0
10194;120;0;0;0
10195;120;0;0;0
10196;120;0;0;0
10197;120;0;0;0
10198;120;0;0;0
10199;120;0;0;0
10200;120;0;0;0
10201;120;0;0;0
10202;120;0;0;0
10203;120;0;0;0
10204;120;0;0;0
10205;120;0;0;0
10206;120;0;0;0
10207;120;0;0;0
10208;120;0;0;0
10209;120;0;0;0
10210;120;0;0;0
10211;120;0;0;0
10212;120;0;0;0
10213;120;0;0;0
10214;120;0;0;0
10215;120;0;0;0
10216;120;0;0;0
10217;120;0;0;0
10218;120;0;0;0
10219;120;0;0;0
10220;120;0;0;0
10221;120;0;0;0
10222;120;0;0;0
10223;120;0;0;0
10224;120;0;0;0
10225;120;0;0;0
10226;120;0;0;0
10227;120;0;0;0
10228;120;0;0;0
10229;120;0;0;0
10230;120;0;0;0
10231;120;0;0;0
10232;120;0;0;0
10233;120;0;0;0
10234;120;0;0;0
10235;120;0;0;0
10236;120;0;0;0
10237;120;0;0;0
10238;120;0;0;0
10239;120;0;0;0
10240;120;0;0;0
10241;120;0;0;0
10242;120;0;0;0
10243;120;0;0;0
10244;120;0;0;0
10245;120;0;0;0
10246;120;0;0;0
10247;120;0;0;0
10248;120;0;0;0
10249;120;0;0;0
10250;120;0;0;0
10251;120;0;0;0
10252;120;0;0;0
10253;120;0;0;0
10254;120;0;0;0
10255;120;0;0;0
10256;120;0;0;0
10257;120;0;0;0
10258;120;0;0;0
10259;120;0;0;0
10260;120;0;0;0
10261;120;0;0;0
10262;120;0;0;0
10263;120;0;0;0
10264;120;0;0;0
10265;120;0;0;0
10266;120;0;0;0
10267;120;0;0;0
10268;120;0;0;0
10269;120;0;0;0
10270;120;0;0;0
10271;120;0;0;0
10272;120;0;0;0
10273;120;0;0;0
10274;120;0;0;0
10275;120;0;0;0
10276;120;0;0;0
10277;120;0;0;0
10278;120;0;0;0
10279;120;0;0;0
10280;120;0;0;0
10281;120;0;0;0
10282;120;0;0;0
10283;120;0;0;0
10284;120;0;0;0
10285;120;0;0;0
10286;120;0;0;0
10287;120;0;0;0
10288;120;0;0;0
10289;120;0;0;0
10290;120;0;0;0
10291;120;0;0;0
10292;120;0;0;0
10293;120;0;0;0
10294;120;0;0;0
10295;120;0;0;0
10296;120;0;0;0
10297;120;0;0;0
10298;120;0;0;0
10299;120;0;0;0
10300;120;0;0;0
10301;120;0;0;0
10302;120;0;0;0
10303;120;0;0;0
10304;120;0;0;0
10305;120;0;0;0
10306;120;0;0;0
10307;120;0;0;0
10308;120;0;0;0
10309;120;0;0;0
10310;120;0;0;0
10311;120;0;0;0
10312;120;0;0;0
10313;120;0;0;0
10314;120;0;0;0
10315;120;0;0;0
10316;120;0;0;0
10317;120;0;0;0
10318;120;0;0;0
10319;120;0;0;0
10320;120;0;0;0
10321;120;0;0;0
10322;120;0;0;0
10323;120;0;0;0
10324;120;0;0;0
10325;120;0;0;0
10326;120;0;0;0
10327;120;0;0;0
10328;120;0;0;0
10329;120;0;0;0
10330;120;0;0;0
10331;120;0;0;0
10332;120;0;0;0
10333;120;0;0;0
10334;120;0;0;0
10335;120;0;0;0
10336;120;0;0;0
10337;120;0;0;0
10338;120;0;0;0
10339;120;0;0;0
10340;120;0;0;0
10341;120;0;0;0
10342;120;0;0;0
10343;120;0;0;0
10344;120;0;0;0
10345;120;0;0;0
10346;120;0;0;0
10347;120;0;0;0
10348;120;0;0;0
10349;120;0;0;0
10350;120;0;0;0
10351;120;0;0;0
10352;120;0;0;0
10353;120;0;0;0
10354;120;0;0;0
10355;120;0;0;0
10356;120;0;0;0
10357;120;0;0;0
10358;120;0;0;0
10359;120;0;0;0
10360;120;0;0;0
10361;120;0;0;0
10362;120;0;0;0
10363;120;0;0;0
10364;120;0;0;0
10365;120;0;0;0
10366;120;0;0;0
10367;120;0;0;0
10368;120;0;0;0
10369;120;0;0;0
10370;120;0;0;0
10371;120;0;0;0
10372;120;0;0;0
10373;120;0;0;0
10374;120;0;0;0
10375;120;0;0;0
10376;120;0;0;0
10377;120;0;0;0
10378;120;0;0;0
10379;120;0;0;0
10380;120;0;0;0
10381;120;0;0;0
10382;120;0;0;0
10383;120;0;0;0
10384;120;0;0;0
10385;120;0;0;0
10386;120;0;0;0
10387;120;0;0;0
10388;120;0;0;0
10389;120;0;0;0
10390;120;0;0;0
10391;120;0;0;0
10392;120;0;0;0
10393;120;0;0;0
10394;120;0;0;0
10395;120;0;0;0
10396;120;0;0;0
10397;120;0;0;0
10398;120;0;0;0
10399;120;0;0;0
10400;120;0;0;0
10401;120;0;0;0
10402;120;0;0;0
10403;120;0;0;0
10404;120;0;0;0
10405;120;0;0;0
10406;120;0;0;0
10407;120;0;0;0
10408;120;0;0;0
10409;120;0;0;0
10410;120;0;0;0
10411;120;0;0;0
10412;120;0;0;0
10413;120;0;0;0
10414;120;0;0;0
10415;120;0;0;0
10416;120;0;0;0
10417;120;0;0;0
10418;120;0;0;0
10419;120;0;0;0
10420;120;0;0;0
10421;120;0;0;0
10422;120;0;0;0
10423;120;0;0;0
10424;120;0;0;0
10425;120;0;0;0
10426;120;0;0;0
10427;120;0;0;0
10428;120;0;0;0
10429;120;0;0;0
10430;120;0;0;0
10431;120;0;0;0
10432;120;0;0;0
10433;120;0;0;0
10434;120;0;0;0
10435;120;0;0;0
10436;120;0;0;0
10437;120;0;0;0
10438;120;0;0;0
10439;120;0;0;0
10440;120;0;0;0
10441;120;0;0;0
10442;120;0;0;0
10443;120;0;0;0
10444;120;0;0;0
10445;120;0;0;0
10446;120;0;0;0
10447;120;0;0;0
10448;120;0;0;0
10449;120;0;0;0
10450;120;0;0;0
10451;120;0;0;0
10452;120;0;0;0
10453;120;0;0;0
10454;120;0;0;0
10455;120;0;0;0
10456;120;0;0;0
10457;120;0;0;0
10458;120;0;0;0
10459;120;0;0;0
10460;120;0;0;0
10461;120;0;0;0
10462;120;0;0;0
10463;120;0;0;0
10464;120;0;0;0
10465;120;0;0;0
10466;120;0;0;0
10467;120;0;0;0
10468;120;0;0;0
10469;120;0;0;0
10470;120;0;0;0
10471;120;0;0;0
10472;120;0;0;0
10473;120;0;0;0
10474;120;0;0;0
10475;120;0;0;0
10476;120;0;0;0
10477;120;0;0;0
10478;120;0;0;0
10479;120;0;0;0
10480;120;0;0;0
10481;120;0;0;0
10482;120;0;0;0
10483;120;0;0;0
10484;120;0;0;0
10485;120;0;0;0
10486;120;0;0;0
10487;120;0;0;0
10488;120;0;0;0
10489;120;0;0;0
10490;120;0;0;0
10491;120;0;0;0
10492;120;0;0;0
10493;120;0;0;0
10494;120;0;0;0
10495;120;0;0;0
10496;120;0;0;0
10497;120;0;0;0
10498;120;0;0;0
10499;120;0;0;0
10500;120;0;0;0
10501;120;0;0;0
10502;120;0;0;0
10503;120;0;0;0
10504;120;0;0;0
10505;120;0;0;0
10506;120;0;0;0
10507;120;0;0;0
10508;120;0;0;0
10509;120;0;0;0
10510;120;0;0;0
10511;120;0;0;0
10512;120;0;0;0
10513;120;0;0;0
10514;120;0;0;0
10515;120;0;0;0
10516;120;0;0;0
10517;120;0;0;0
10518;120;0;0;0
10519;120;0;0;0
10520;120;0;0;0
10521;120;0;0;0
10522;120;0;0;0
10523;120;0;0;0
10524;120;0;0;0
10525;120;0;0;0
10526;120;0;0;0
10527;120;0;0;0
10528;120;0;0;0
10529;120;0;0;0
10530;120;0;0;0
10531;120;0;0;0
10532;120;0;0;0
10533;120;0;0;0
10534;120;0;0;0
10535;120;0;0;0
10536;120;0;0;0
10537;120;0;0;0
10538;120;0;0;0
10539;120;0;0;0
10540;120;0;0;0
10541;120;0;0;0
10542;120;0;0;0
10543;120;0;0;0
10544;120;0;0;0
10545;120;0;0;0
10546;120;0;0;0
10547;120;0;0;0
10548;120;0;0;0
10549;120;0;0;0
10550;120;0;0;0
10551;120;0;0;0
10552;120;0;0;0
10553;120;0;0;0
10554;120;0;0;0
10555;120;0;0;0
10556;120;0;0;0
10557;120;0;0;0
10558;120;0;0;0
10559;120;0;0;0
10560;120;0;0;0
10561;120;0;0;0
10562;120;0;0;0
10563;120;0;0;0
10564;120;0;0;0
10565;120;0;0;0
10566;120;0;0;0
10567;120;0;0;0
10568;120;0;0;0
10569;120;0;0;0
10570;120;0;0;0
10571;120;0;0;0
10572;120;0;0;0
10573;120;0;0;0
10574;120;0;0;0
10575;120;0;0;0
10576;120;0;0;0
10577;120;0;0;0
10578;120;0;0;0
10579;120;0;0;0
10580;120;0;0;0
10581;120;0;0;0
10582;120;0;0;0
10583;120;0;0;0
10584;120;0;0;0
10585;120;0;0;0
10586;120;0;0;0
10587;120;0;0;0
10588;120;0;0;0
10589;120;0;0;0
10590;120;0;0;0
10591;120;0;0;0
10592;120;0;0;0
10593;120;0;0;0
10594;120;0;0;0
10595;120;0;0;0
10596;120;0;0;0
10597;120;0;0;0
10598;120;0;0;0
10599;120;0;0;0
10600;120;0;0;0
10601;120;0;0;0
10602;120;0;0;0
10603;120;0;0;0
10604;120;0;0;0
10605;120;0;0;0
10606;120;0;0;0
10607;120;0;0;0
10608;120;0;0;0
10609;120;0;0;0
10610;120;0;0;0
10611;120;0;0;0
10612;120;0;0;0
10613;120;0;0;0
10614;120;0;0;0
10615;120;0;0;0
10616;120;0;0;0
10617;120;0;0;0
10618;120;0;0;0
10619;120;0;0;0
10620;120;0;0;0
10621;120;0;0;0
10622;120;0;0;0
10623;120;0;0;0
10624;120;0;0;0
10625;120;0;0;0
10626;120;0;0;0
10627;120;0;0;0
10628;120;0;0;0
10629;120;0;0;0
10630;120;0;0;0
10631;120;0;0;0
10632;120;0;0;0
10633;120;0;0;0
10634;120;0;0;0
10635;120;0;0;0
10636;120;0;0;0
10637;120;0;0;0
10638;120;0;0;0
10639;120;0;0;0
10640;120;0;0;0
10641;120;0;0;0
10642;120;0;0;0
10643;120;0;0;0
10644;120;0;0;0
10645;120;0;0;0
10646;120;0;0;0
10647;120;0;0;0
10648;120;0;0;0
10649;120;0;0;0
10650;120;0;0;0
10651;120;0;0;0
10652;120;0;0;0
10653;120;0;0;0
10654;120;0;0;0
10655;120;0;0;0
10656;120;0;0;0
10657;120;0;0;0
10658;120;0;0;0
10659;120;0;0;0
10660;120;0;0;0
10661;120;0;0;0
10662;120;0;0;0
10663;120;0;0;0
10664;120;0;0;0
10665;120;0;0;0
10666;120;0;0;0
10667;120;0;0;0
10668;120;0;0;0
10669;120;0;0;0
10670;120;0;0;0
10671;120;0;0;0
10672;120;0;0;0
10673;120;0;0;0
10674;120;0;0;0
10675;120;0;0;0
10676;120;0;0;0
10677;120;0;0;0
10678;120;0;0;0
10679;120;0;0;0
10680;120;0;0;0
10681;120;0;0;0
10682;120;0;0;0
10683;120;0;0;0
10684;120;0;0;0
10685;120;0;0;0
10686;120;0;0;0
10687;120;0;0;0
10688;120;0;0;0
10689;120;0;0;0
10690;120;0;0;0
10691;120;0;0;0
10692;120;0;0;0
10693;120;0;0;0
10694;120;0;0;0
10695;120;0;0;0
10696;120;0;0;0
10697;120;0;0;0
10698;120;0;0;0
10699;120;0;0;0
10700;120;0;0;0
10701;120;0;0;0
10702;120;0;0;0
10703;120;0;0;0
10704;120;0;0;0
10705;120;0;0;0
10706;120;0;0;0
10707;120;0;0;0
10708;120;0;0;0
10709;120;0;0;0
10710;120;0;0;0
10711;120;0;0;0
10712;120;0;0;0
10713;120;0;0;0
10714;120;0;0;0
10715;120;0;0;0
10716;120;0;0;0
10717;120;0;0;0
10718;120;0;0;0
10719;120;0;0;0
10720;120;0;0;0
10721;120;0;0;0
10722;120;0;0;0
10723;120;0;0;0
10724;120;0;0;0
10725;120;0;0;0
10726;120;0;0;0
10727;120;0;0;0
10728;120;0;0;0
10729;120;0;0;0
10730;120;0;0;0
10731;120;0;0;0
10732;120;0;0;0
10733;120;0;0;0
10734;120;0;0;0
10735;120;0;0;0
10736;120;0;0;0
10737;120;0;0;0
10738;120;0;0;0
10739;120;0;0;0
10740;120;0;0;0
10741;120;0;0;0
10742;120;0;0;0
10743;120;0;0;0
10744;120;0;0;0
10745;120;0;0;0
10746;120;0;0;0
10747;120;0;0;0
10748;120;0;0;0
10749;120;0;0;0
10750;120;0;0;0
10751;120;0;0;0
10752;120;0;0;0
10753;120;0;0;0
10754;120;0;0;0
10755;120;0;0;0
10756;120;0;0;0
10757;120;0;0;0
10758;120;0;0;0
10759;120;0;0;0
10760;120;0;0;0
10761;120;0;0;0
10762;120;0;0;0
10763;120;0;0;0
10764;120;0;0;0
10765;120;0;0;0
10766;120;0;0;0
10767;120;0;0;0
10768;120;0;0;0
10769;120;0;0;0
10770;120;0;0;0
10771;120;0;0;0
10772;120;0;0;0
10773;120;0;0;0
10774;120;0;0;0
10775;120;0;0;0
10776;120;0;0;0
10777;120;0;0;0
10778;120;0;0;0
10779;120;0;0;0
10780;120;0;0;0
10781;120;0;0;0
10782;120;0;0;0
10783;120;0;0;0
10784;120;0;0;0
10785;120;0;0;0
10786;120;0;0;0
10787;120;0;0;0
10788;120;0;0;0
10789;120;0;0;0
10790;120;0;0;0
10791;120;0;0;0
10792;120;0;0;0
10793;120;0;0;0
10794;120;0;0;0
10795;120;0;0;0
10796;120;0;0;0
10797;120;0;0;0
10798;120;0;0;0
10799;120;0;0;0
10800;120;0;0;0
10801;120;0;0;0
10802;120;0;0;0
10803;120;0;0;0
10804;120;0;0;0
10805;120;0;0;0
10806;120;0;0;0
10807;120;0;0;0
10808;120;0;0;0
10809;120;0;0;0
10810;120;0;0;0
10811;120;0;0;0
10812;120;0;0;0
10813;120;0;0;0
10814;120;0;0;0
10815;120;0;0;0
10816;120;0;0;0
10817;120;0;0;0
10818;120;0;0;0
10819;120;0;0;0
10820;120;0;0;0
10821;120;0;0;0
10822;120;0;0;0
10823;120;0;0;0
10824;120;0;0;0
10825;120;0;0;0
10826;120;0;0;0
10827;120;0;0;0
10828;120;0;0;0
10829;120;0;0;0
10830;120;0;0;0
10831;120;0;0;0
10832;120;0;0;0
10833;120;0;0;0
10834;120;0;0;0
10835;120;0;0;0
10836;120;0;0;0
10837;120;0;0;0
10838;120;0;0;0
10839;120;0;0;0
10840;120;0;0;0
10841;120;0;0;0
10842;120;0;0;0
10843;120;0;0;0
10844;120;0;0;0
10845;120;0;0;0
10846;120;0;0;0
10847;120;0;0;0
10848;120;0;0;0
10849;120;0;0;0
10850;120;0;0;0
10851;120;0;0;0
10852;120;0;0;0
10853;120;0;0;0
10854;120;0;0;0
10855;120;0;0;0
10856;120;0;0;0
10857;120;0;0;0
10858;120;0;0;0
10859;120;0;0;0
10860;120;0;0;0
10861;120;0;0;0
10862;120;0;0;0
10863;120;0;0;0
10864;120;0;0;0
10865;120;0;0;0
10866;120;0;0;0
10867;120;0;0;0
10868;120;0;0;0
10869;120;0;0;0
10870;120;0;0;0
10871;119;0;0;0
10872;119;0;0;0
10873;120;0;0;0
10874;120;0;0;0
10875;120;0;0;0
10876;120;0;0;0
10877;120;0;0;0
10878;120;0;0;0
10879;120;0;0;0
10880;120;0;0;0
10881;120;0;0;0
10882;119;0;0;0
10883;119;0;0;0
10884;120;0;0;0
10885;120;0;0;0
10886;120;0;0;0
10887;120;0;0;0
10888;120;0;0;0
10889;120;0;0;0
10890;120;0;0;0
10891;120;0;0;0
10892;120;0;0;0
10893;119;0;0;0
10894;120;0;0;0
10895;120;0;0;0
10896;120;0;0;0
10897;120;0;0;0
10898;120;0;0;0
10899;120;0;0;0
10900;119;0;0;0
10901;119;0;0;0
10902;120;0;0;0
10903;120;0;0;0
10904;120;0;0;0
10905;120;0;0;0
10906;120;0;0;0
10907;120;0;0;0
10908;120;0;0;0
10909;120;0;0;0
10910;120;0;0;0
10911;120;0;0;0
10912;119;0;0;0
10913;119;0;0;0
10914;120;0;0;0
10915;120;0;0;0
10916;120;0;0;0
10917;120;0;0;0
10918;120;0;0;0
10919;120;0;0;0
10920;120;0;0;0
10921;120;0;0;0
10922;118;0;0;0
10923;118;0;0;0
10924;117;0;0;0
10925;115;0;0;0
10926;116;0;0;0
10927;115;0;0;0
10928;115;0;0;0
10929;116;0;0;0
10930;116;0;0;0
10931;116;0;0;0
10932;117;0;0;0
10933;117;0;0;0
10934;118;0;0;0
10935;119;0;0;0
10936;120;0;0;0
10937;120;0;0;0
10938;120;0;0;0
10939;119;0;0;0
10940;119;0;0;0
10941;119;0;0;0
10942;120;0;0;0
10943;120;0;0;0
10944;120;0;0;0
10945;120;0;0;0
10946;120;0;0;0
10947;120;0;0;0
10948;120;0;0;0
10949;118;0;0;0
10950;118;0;0;0
10951;118;0;0;0
10952;118;0;0;0
10953;118;0;0;0
10954;118;0;0;0
10955;118;0;0;0
10956;119;0;0;0
10957;120;0;0;0
10958;120;0;0;0
10959;120;0;0;0
10960;120;0;0;0
10961;120;0;0;0
10962;120;0;0;0
10963;120;0;0;0
10964;120;0;0;0
10965;120;0;0;0
10966;119;0;0;0
10967;120;0;0;0
10968;119;0;0;0
10969;119;0;0;0
10970;119;0;0;0
10971;120;0;0;0
10972;120;0;0;0
10973;120;0;0;0
10974;120;0;0;0
10975;120;0;0;0
10976;120;0;0;0
10977;120;0;0;0
10978;120;0;0;0
10979;120;0;0;0
10980;120;0;0;0
10981;120;0;0;0
10982;119;0;0;0
10983;118;0;0;0
10984;118;0;0;0
10985;117;0;0;0
10986;116;0;0;0
10987;116;0;0;0
10988;117;0;0;0
10989;117;0;0;0
10990;118;0;0;0
10991;118;0;0;0
10992;119;0;0;0
10993;119;0;0;0
10994;120;0;0;0
10995;120;0;0;0
10996;119;0;0;0
10997;120;0;0;0
10998;120;0;0;0
10999;120;0;0;0
11000;119;0;0;0
11001;117;0;0;0
11002;117;0;0;0
11003;117;0;0;0
11004;118;0;0;0
11005;117;0;0;0
11006;119;0;0;0
11007;119;0;0;0
11008;120;0;0;0
11009;120;0;0;0
11010;119;0;0;0
11011;119;0;0;0
11012;119;0;0;0
11013;120;0;0;0
11014;119;0;0;0
11015;118;0;0;0
11016;120;0;0;0
11017;120;0;0;0
11018;120;0;0;0
11019;120;0;0;0
11020;120;0;0;0
11021;118;0;0;0
11022;119;0;0;0
11023;118;0;0;0
11024;118;0;0;0
11025;118;0;0;0
11026;119;0;0;0
11027;120;0;0;0
11028;120;0;0;0
11029;119;0;0;0
11030;119;0;0;0
11031;119;0;0;0
11032;118;0;0;0
11033;117;0;0;0
11034;117;0;0;0
11035;117;0;0;0
11036;117;0;0;0
11037;116;0;0;0
11038;116;0;0;0
11039;116;0;0;0
11040;116;0;0;0
11041;115;0;0;0
11042;115;0;0;0
11043;115;0;0;0
11044;116;0;0;0
11045;115;0;0;0
11046;114;0;0;0
11047;113;0;0;0
11048;113;0;0;0
11049;112;0;0;0
11050;112;0;0;0
11051;110;0;0;0
11052;112;0;0;0
11053;111;0;0;0
11054;112;0;0;0
11055;113;0;0;0
11056;114;0;0;0
11057;113;0;0;0
11058;114;0;0;0
11059;114;0;0;0
11060;114;0;0;0
11061;116;0;0;0
11062;117;0;0;0
11063;118;0;0;0
11064;117;0;0;0
11065;116;0;0;0
11066;115;0;0;0
11067;117;0;0;0
11068;117;0;0;0
11069;116;0;0;0
11070;116;0;0;0
11071;113;0;0;0
11072;113;0;0;0
11073;114;0;0;0
11074;115;0;0;0
11075;113;0;0;0
11076;114;0;0;0
11077;113;0;0;0
11078;113;0;0;0
11079;114;0;0;0
11080;113;0;0;0
11081;113;0;0;0
11082;113;0;0;0
11083;112;0;0;0
11084;113;0;0;0
11085;115;0;0;0
11086;114;0;0;0
11087;114;0;0;0
11088;113;0;0;0
11089;115;0;0;0
11090;115;0;0;0
11091;115;0;0;0
11092;117;0;0;0
11093;116;0;0;0
11094;116;0;0;0
11095;116;0;0;0
11096;117;0;0;0
11097;118;0;0;0
11098;117;0;0;0
11099;117;0;0;0
11100;117;0;0;0
11101;118;0;0;0
11102;118;0;0;0
11103;118;0;0;0
11104;117;0;0;0
11105;119;0;0;0
11106;117;0;0;0
11107;117;0;0;0
11108;118;0;0;0
11109;118;0;0;0
11110;119;0;0;0
11111;118;0;0;0
11112;119;0;0;0
11113;119;0;0;0
11114;120;0;0;0
11115;119;0;0;0
11116;120;0;0;0
11117;120;0;0;0
11118;120;0;0;0
11119;120;0;0;0
11120;119;0;0;0
11121;120;0;0;0
11122;120;0;0;0
11123;118;0;0;0
11124;116;0;0;0
11125;117;0;0;0
11126;113;0;0;0
11127;111;0;0;0
11128;110;0;0;0
11129;110;0;0;0
11130;110;0;0;0
11131;108;0;0;0
11132;108;0;0;0
11133;108;0;0;0
11134;107;0;0;0
11135;106;0;0;0
11136;106;0;0;0
11137;106;0;0;0
11138;106;0;0;0
11139;106;0;0;0
11140;106;0;0;0
11141;105;0;0;0
11142;104;0;0;0
11143;103;0;0;0
11144;104;0;0;0
11145;106;0;0;0
11146;106;0;0;0
11147;106;0;0;0
11148;106;0;0;0
11149;107;0;0;0
11150;108;0;0;0
11151;108;0;0;0
11152;108;0;0;0
11153;108;0;0;0
11154;109;0;0;0
11155;109;0;0;0
11156;110;0;0;0
11157;110;0;0;0
11158;112;0;0;0
11159;112;0;0;0
11160;113;0;0;0
11161;115;0;0;0
11162;115;0;0;0
11163;115;0;0;0
11164;117;0;0;0
11165;118;0;0;0
11166;118;0;0;0
11167;118;0;0;0
11168;118;0;0;0
11169;118;0;0;0
11170;119;0;0;0
11171;120;0;0;0
11172;120;0;0;0
11173;120;0;0;0
11174;120;0;0;0
11175;120;0;0;0
11176;120;0;0;0
11177;120;0;0;0
11178;120;0;0;0
11179;120;0;0;0
11180;120;0;0;0
11181;120;0;0;0
11182;120;0;0;0
11183;120;0;0;0
11184;120;0;0;0
11185;120;0;0;0
11186;120;0;0;0
11187;120;0;0;0
11188;120;0;0;0
11189;120;0;0;0
11190;120;0;0;0
11191;120;0;0;0
11192;120;0;0;0
11193;120;0;0;0
11194;120;0;0;0
11195;120;0;0;0
11196;120;0;0;0
11197;120;0;0;0
11198;120;0;0;0
11199;120;0;0;0
11200;120;0;0;0
11201;120;0;0;0
11202;120;0;0;0
11203;120;0;0;0
11204;120;0;0;0
11205;120;0;0;0
11206;120;0;0;0
11207;120;0;0;0
11208;120;0;0;0
11209;120;0;0;0
11210;120;0;0;0
11211;120;0;0;0
11212;120;0;0;0
11213;120;0;0;0
11214;120;0;0;0
11215;120;0;0;0
11216;120;0;0;0
11217;120;0;0;0
11218;120;0;0;0
11219;120;0;0;0
11220;120;0;0;0
11221;120;0;0;0
11222;120;0;0;0
11223;120;0;0;0
11224;120;0;0;0
11225;120;0;0;0
11226;120;0;0;0
11227;120;0;0;0
11228;120;0;0;0
11229;120;0;0;0
11230;120;0;0;0
11231;120;0;0;0
11232;120;0;0;0
11233;120;0;0;0
11234;120;0;0;0
11235;120;0;0;0
11236;120;0;0;0
11237;120;0;0;0
11238;120;0;0;0
11239;120;0;0;0
11240;120;0;0;0
11241;120;0;0;0
11242;120;0;0;0
11243;120;0;0;0
11244;120;0;0;0
11245;120;0;0;0
11246;120;0;0;0
11247;120;0;0;0
11248;120;0;0;0
11249;120;0;0;0
11250;120;0;0;0
11251;120;0;0;0
11252;120;0;0;0
11253;120;0;0;0
11254;120;0;0;0
11255;120;0;0;0
11256;120;0;0;0
11257;120;0;0;0
11258;120;0;0;0
11259;120;0;0;0
11260;120;0;0;0
11261;120;0;0;0
11262;120;0;0;0
11263;120;0;0;0
11264;120;0;0;0
11265;120;0;0;0
11266;120;0;0;0
11267;120;0;0;0
11268;120;0;0;0
11269;120;0;0;0
11270;120;0;0;0
11271;120;0;0;0
11272;120;0;0;0
11273;120;0;0;0
11274;120;0;0;0
11275;120;0;0;0
11276;120;0;0;0
11277;120;0;0;0
11278;120;0;0;0
11279;120;0;0;0
11280;120;0;0;0
11281;120;0;0;0
11282;120;0;0;0
11283;120;0;0;0
11284;120;0;0;0
11285;120;0;0;0
11286;120;0;0;0
11287;120;0;0;0
11288;120;0;0;0
11289;120;0;0;0
11290;120;0;0;0
11291;120;0;0;0
11292;120;0;0;0
11293;120;0;0;0
11294;120;0;0;0
11295;120;0;0;0
11296;120;0;0;0
11297;120;0;0;0
11298;120;0;0;0
11299;120;0;0;0
11300;120;0;0;0
11301;120;0;0;0
11302;120;0;0;0
11303;120;0;0;0
11304;120;0;0;0
11305;120;0;0;0
11306;120;0;0;0
11307;120;0;0;0
11308;120;0;0;0
11309;120;0;0;0
11310;120;0;0;0
11311;120;0;0;0
11312;120;0;0;0
11313;120;0;0;0
11314;120;0;0;0
11315;120;0;0;0
11316;120;0;0;0
11317;120;0;0;0
11318;120;0;0;0
11319;120;0;0;0
11320;120;0;0;0
11321;120;0;0;0
11322;120;0;0;0
11323;120;0;0;0
11324;120;0;0;0
11325;120;0;0;0
11326;120;0;0;0
11327;120;0;0;0
11328;120;0;0;0
11329;120;0;0;0
11330;120;0;0;0
11331;120;0;0;0
11332;120;0;0;0
11333;120;0;0;0
11334;120;0;0;0
11335;120;0;0;0
11336;120;0;0;0
11337;120;0;0;0
11338;120;0;0;0
11339;120;0;0;0
11340;120;0;0;0
11341;120;0;0;0
11342;120;0;0;0
11343;120;0;0;0
11344;120;0;0;0
11345;120;0;0;0
11346;120;0;0;0
11347;120;0;0;0
11348;120;0;0;0
11349;120;0;0;0
11350;120;0;0;0
11351;120;0;0;0
11352;120;0;0;0
11353;120;0;0;0
11354;120;0;0;0
11355;120;0;0;0
11356;120;0;0;0
11357;120;0;0;0
11358;120;0;0;0
11359;120;0;0;0
11360;120;0;0;0
11361;120;0;0;0
11362;120;0;0;0
11363;120;0;0;0
11364;120;0;0;0
11365;120;0;0;0
11366;120;0;0;0
11367;120;0;0;0
11368;120;0;0;0
11369;120;0;0;0
11370;120;0;0;0
11371;120;0;0;0
11372;120;0;0;0
11373;120;0;0;0
11374;120;0;0;0
11375;120;0;0;0
11376;120;0;0;0
11377;120;0;0;0
11378;120;0;0;0
11379;120;0;0;0
11380;120;0;0;0
11381;120;0;0;0
11382;120;0;0;0
11383;120;0;0;0
11384;120;0;0;0
11385;120;0;0;0
11386;120;0;0;0
11387;120;0;0;0
11388;120;0;0;0
11389;120;0;0;0
11390;120;0;0;0
11391;120;0;0;0
11392;120;0;0;0
11393;120;0;0;0
11394;120;0;0;0
11395;120;0;0;0
11396;120;0;0;0
11397;120;0;0;0
11398;120;0;0;0
11399;120;0;0;0
11400;120;0;0;0
11401;120;0;0;0
11402;120;0;0;0
11403;120;0;0;0
11404;120;0;0;0
11405;120;0;0;0
11406;120;0;0;0
11407;120;0;0;0
11408;120;0;0;0
11409;120;0;0;0
11410;120;0;0;0
11411;120;0;0;0
11412;120;0;0;0
11413;120;0;0;0
11414;120;0;0;0
11415;120;0;0;0
11416;120;0;0;0
11417;120;0;0;0
11418;120;0;0;0
11419;120;0;0;0
11420;120;0;0;0
11421;120;0;0;0
11422;120;0;0;0
11423;120;0;0;0
11424;120;0;0;0
11425;120;0;0;0
11426;120;0;0;0
11427;120;0;0;0
11428;120;0;0;0
11429;120;0;0;0
11430;120;0;0;0
11431;120;0;0;0
11432;120;0;0;0
11433;120;0;0;0
11434;120;0;0;0
11435;120;0;0;0
11436;120;0;0;0
11437;120;0;0;0
11438;120;0;0;0
11439;120;0;0;0
11440;120;0;0;0
11441;120;0;0;0
11442;120;0;0;0
11443;120;0;0;0
11444;120;0;0;0
11445;120;0;0;0
11446;120;0;0;0
11447;120;0;0;0
11448;120;0;0;0
11449;120;0;0;0
11450;120;0;0;0
11451;120;0;0;0
11452;120;0;0;0
11453;120;0;0;0
11454;120;0;0;0
11455;120;0;0;0
11456;120;0;0;0
11457;120;0;0;0
11458;120;0;0;0
11459;120;0;0;0
11460;120;0;0;0
11461;120;0;0;0
11462;120;0;0;0
11463;120;0;0;0
11464;120;0;0;0
11465;120;0;0;0
11466;120;0;0;0
11467;120;0;0;0
11468;120;0;0;0
11469;120;0;0;0
11470;120;0;0;0
11471;120;0;0;0
11472;120;0;0;0
11473;120;0;0;0
11474;120;0;0;0
11475;120;0;0;0
11476;120;0;0;0
11477;120;0;0;0
11478;120;0;0;0
11479;120;0;0;0
11480;120;0;0;0
11481;120;0;0;0
11482;120;0;0;0
11483;120;0;0;0
11484;120;0;0;0
11485;120;0;0;0
11486;120;0;0;0
11487;120;0;0;0
11488;120;0;0;0
11489;120;0;0;0
11490;120;0;0;0
11491;120;0;0;0
11492;120;0;0;0
11493;120;0;0;0
11494;120;0;0;0
11495;120;0;0;0
11496;120;0;0;0
11497;120;0;0;0
11498;120;0;0;0
11499;120;0;0;0
11500;120;0;0;0
11501;120;0;0;0
11502;120;0;0;0
11503;120;0;0;0
11504;120;0;0;0
11505;120;0;0;0
11506;120;0;0;0
11507;120;0;0;0
11508;120;0;0;0
11509;120;0;0;0
11510;120;0;0;0
11511;120;0;0;0
11512;120;0;0;0
11513;120;0;0;0
11514;120;0;0;0
11515;120;0;0;0
11516;120;0;0;0
11517;120;0;0;0
11518;120;0;0;0
11519;120;0;0;0
11520;120;0;0;0
11521;120;0;0;0
11522;120;0;0;0
11523;120;0;0;0
11524;120;0;0;0
11525;120;0;0;0
11526;120;0;0;0
11527;120;0;0;0
11528;120;0;0;0
11529;120;0;0;0
11530;120;0;0;0
11531;120;0;0;0
11532;120;0;0;0
11533;120;0;0;0
11534;120;0;0;0
11535;120;0;0;0
11536;120;0;0;0
11537;120;0;0;0
11538;120;0;0;0
11539;120;0;0;0
11540;120;0;0;0
11541;120;0;0;0
11542;120;0;0;0
11543;120;0;0;0
11544;120;0;0;0
11545;120;0;0;0
11546;120;0;0;0
11547;120;0;0;0
11548;120;0;0;0
11549;120;0;0;0
11550;120;0;0;0
11551;120;0;0;0
11552;120;0;0;0
11553;120;0;0;0
11554;120;0;0;0
11555;120;0;0;0
11556;120;0;0;0
11557;120;0;0;0
11558;120;0;0;0
11559;120;0;0;0
11560;120;0;0;0
11561;120;0;0;0
11562;120;0;0;0
11563;120;0;0;0
11564;120;0;0;0
11565;120;0;0;0
11566;120;0;0;0
11567;120;0;0;0
11568;120;0;0;0
11569;120;0;0;0
11570;120;0;0;0
11571;120;0;0;0
11572;120;0;0;0
11573;120;0;0;0
11574;120;0;0;0
11575;120;0;0;0
11576;120;0;0;0
11577;120;0;0;0
11578;120;0;0;0
11579;120;0;0;0
11580;120;0;0;0
11581;120;0;0;0
11582;120;0;0;0
11583;120;0;0;0
11584;120;0;0;0
11585;120;0;0;0
11586;120;0;0;0
11587;120;0;0;0
11588;120;0;0;0
11589;120;0;0;0
11590;120;0;0;0
11591;120;0;0;0
11592;120;0;0;0
11593;120;0;0;0
11594;120;0;0;0
11595;120;0;0;0
11596;120;0;0;0
11597;120;0;0;0
11598;120;0;0;0
11599;120;0;0;0
11600;120;0;0;0
11601;120;0;0;0
11602;120;0;0;0
11603;120;0;0;0
11604;120;0;0;0
11605;120;0;0;0
11606;120;0;0;0
11607;120;0;0;0
11608;120;0;0;0
11609;120;0;0;0
11610;120;0;0;0
11611;120;0;0;0
11612;120;0;0;0
11613;120;0;0;0
11614;120;0;0;0
11615;120;0;0;0
11616;120;0;0;0
11617;120;0;0;0
11618;120;0;0;0
11619;120;0;0;0
11620;120;0;0;0
11621;120;0;0;0
11622;120;0;0;0
11623;120;0;0;0
11624;120;0;0;0
11625;120;0;0;0
11626;120;0;0;0
11627;120;0;0;0
