Timestep;Food;Prey;Prey2;Predators
0;12;6;4;2
1;12;6;4;2
2;12;6;4;2
3;12;7;4;2
4;12;7;4;2
5;12;7;4;2
6;12;7;4;2
7;12;7;4;2
8;12;7;4;2
9;12;7;4;2
10;12;8;4;2
11;13;8;4;2
12;13;8;4;2
13;13;8;4;2
14;13;8;4;2
15;13;8;4;2
16;13;8;4;2
17;13;8;4;2
18;13;8;4;2
19;13;8;4;2
20;13;8;4;2
21;13;8;4;2
22;13;8;4;2
23;13;8;5;2
24;13;9;6;2
25;13;10;6;2
26;13;10;6;2
27;13;10;6;2
28;13;10;6;2
29;13;10;5;2
30;13;10;5;2
31;13;11;5;2
32;13;11;5;2
33;13;12;5;2
34;13;13;5;2
35;13;13;5;2
36;13;13;5;2
37;13;13;5;2
38;13;14;5;2
39;13;15;5;2
40;13;15;5;2
41;13;15;5;2
42;13;15;5;2
43;13;15;5;2
44;13;15;5;2
45;13;15;7;2
46;13;16;7;2
47;13;17;7;2
48;13;18;7;2
49;13;18;7;2
50;13;18;8;2
51;13;18;9;2
52;13;19;9;2
53;13;19;9;2
54;13;19;9;2
55;13;19;9;2
56;13;19;10;2
57;13;20;9;2
58;13;20;9;2
59;13;20;10;2
60;13;20;10;2
61;13;21;11;2
62;13;21;11;2
63;13;21;11;2
64;13;21;11;2
65;13;21;11;2
66;13;21;11;2
67;13;21;11;2
68;13;21;11;2
69;13;20;12;2
70;13;20;13;2
71;13;21;13;2
72;13;21;14;2
73;13;21;17;2
74;13;22;17;2
75;13;22;17;2
76;13;22;17;2
77;13;22;18;2
78;13;22;18;2
79;13;22;20;2
80;13;23;20;2
81;13;22;21;2
82;13;23;21;2
83;13;23;20;2
84;13;23;22;2
85;13;24;22;2
86;13;24;22;2
87;13;24;23;2
88;13;24;24;2
89;14;24;24;2
90;14;24;25;2
91;14;24;25;2
92;14;26;26;2
93;14;27;25;2
94;14;29;26;2
95;14;29;26;2
96;14;30;26;2
97;14;31;27;2
98;14;31;28;2
99;14;31;29;2
100;14;29;29;2
101;14;30;29;2
102;14;30;30;2
103;14;29;31;2
104;14;29;33;2
105;15;29;34;2
106;15;29;34;2
107;15;29;36;2
108;15;30;40;2
109;15;32;40;3
110;15;31;40;3
111;15;32;40;3
112;15;32;40;3
113;15;33;39;3
114;15;34;39;3
115;15;36;39;3
116;15;39;40;3
117;15;42;40;3
118;15;43;40;3
119;15;44;42;3
120;15;48;42;3
121;15;47;43;3
122;15;48;44;3
123;15;51;45;3
124;15;55;46;3
125;15;58;46;3
126;15;60;46;3
127;15;60;46;3
128;15;61;45;3
129;15;62;46;3
130;15;64;45;3
131;15;65;45;3
132;15;66;45;3
133;15;68;45;3
134;15;69;45;3
135;15;72;47;3
136;15;77;47;3
137;15;82;47;3
138;15;85;49;3
139;15;88;51;3
140;15;89;54;3
141;15;90;55;3
142;15;93;54;3
143;15;92;54;3
144;15;93;53;3
145;15;95;52;3
146;15;96;53;3
147;15;98;53;3
148;15;100;55;3
149;15;101;55;3
150;15;100;55;4
151;15;102;54;4
152;15;103;54;5
153;15;107;54;5
154;15;109;55;5
155;15;112;55;5
156;15;116;57;5
157;15;117;56;5
158;15;118;58;5
159;15;120;62;5
160;15;121;64;5
161;15;126;62;5
162;15;130;64;5
163;15;135;65;5
164;15;139;66;5
165;15;143;66;5
166;15;145;67;5
167;15;147;66;5
168;15;146;65;6
169;15;145;65;7
170;15;143;66;7
171;15;145;65;7
172;15;147;65;7
173;15;148;64;8
174;15;150;64;8
175;15;150;64;8
176;15;153;63;8
177;15;153;61;9
178;15;154;60;9
179;15;155;57;9
180;15;156;54;10
181;15;157;52;10
182;15;160;51;10
183;15;160;49;10
184;15;161;49;10
185;15;163;48;11
186;15;163;48;11
187;15;160;46;12
188;15;160;43;12
189;15;158;41;12
190;15;158;40;12
191;15;156;42;13
192;15;155;42;13
193;15;154;42;14
194;15;156;41;14
195;15;155;40;14
196;15;154;38;15
197;15;153;38;15
198;16;157;38;15
199;16;162;39;15
200;16;161;38;15
201;16;162;36;16
202;16;164;36;16
203;16;163;35;16
204;16;161;34;16
205;16;162;33;16
206;16;164;33;16
207;16;165;32;16
208;16;166;32;17
209;16;169;33;17
210;16;170;31;17
211;16;168;31;19
212;16;166;31;19
213;16;164;29;20
214;16;160;28;22
215;16;153;27;24
216;16;147;25;24
217;16;140;26;24
218;16;137;23;25
219;16;134;22;26
220;16;133;21;26
221;16;130;21;26
222;16;131;21;26
223;16;128;21;26
224;16;127;20;27
225;16;125;20;27
226;16;123;19;28
227;16;118;18;28
228;16;113;17;30
229;16;107;17;30
230;16;101;17;31
231;18;99;13;33
232;18;94;11;33
233;18;92;10;34
234;18;87;10;35
235;18;80;9;36
236;18;76;8;36
237;18;73;7;36
238;19;69;8;36
239;19;67;7;36
240;19;68;6;37
241;19;66;5;37
242;19;63;5;38
243;19;59;4;39
244;19;56;3;40
245;19;51;3;40
246;19;49;3;41
247;19;46;2;41
248;19;44;2;41
249;19;45;2;41
250;19;42;1;41
251;19;42;1;41
252;20;42;0;41
253;20;41;0;42
254;20;37;0;42
255;20;35;0;42
256;20;35;0;42
257;20;34;0;42
258;20;30;0;43
259;20;28;0;43
260;20;25;0;43
261;20;23;0;43
262;20;21;0;43
263;20;19;0;43
264;20;20;0;43
265;20;18;0;43
266;20;16;0;43
267;20;16;0;43
268;20;14;0;43
269;21;13;0;43
270;21;11;0;43
271;21;11;0;43
272;21;11;0;43
273;21;9;0;44
274;21;9;0;44
275;21;8;0;44
276;21;8;0;44
277;21;8;0;44
278;21;7;0;44
279;21;7;0;44
280;21;7;0;44
281;21;7;0;44
282;21;7;0;44
283;21;6;0;44
284;21;5;0;44
285;21;5;0;44
286;21;5;0;44
287;21;5;0;44
288;21;4;0;44
289;21;4;0;44
290;21;4;0;44
291;21;4;0;44
292;21;4;0;44
293;22;3;0;44
294;22;2;0;44
295;22;1;0;44
296;22;1;0;44
297;22;1;0;44
298;22;0;0;45
299;22;0;0;45
300;22;0;0;45
301;24;0;0;45
302;24;0;0;45
303;24;0;0;45
304;25;0;0;45
305;25;0;0;45
306;25;0;0;45
307;25;0;0;45
308;25;0;0;45
309;25;0;0;45
310;25;0;0;45
311;25;0;0;45
312;25;0;0;45
313;25;0;0;45
314;25;0;0;45
315;25;0;0;45
316;25;0;0;45
317;25;0;0;45
318;25;0;0;45
319;25;0;0;45
320;25;0;0;45
321;25;0;0;45
322;25;0;0;45
323;25;0;0;45
324;25;0;0;45
325;25;0;0;45
326;25;0;0;45
327;25;0;0;45
328;25;0;0;45
329;25;0;0;45
330;25;0;0;45
331;25;0;0;45
332;26;0;0;45
333;26;0;0;45
334;26;0;0;45
335;26;0;0;45
336;27;0;0;45
337;27;0;0;45
338;27;0;0;45
339;27;0;0;45
340;27;0;0;45
341;27;0;0;45
342;27;0;0;44
343;27;0;0;43
344;27;0;0;42
345;27;0;0;42
346;29;0;0;42
347;29;0;0;42
348;29;0;0;42
349;29;0;0;41
350;29;0;0;41
351;30;0;0;41
352;30;0;0;41
353;30;0;0;41
354;30;0;0;41
355;30;0;0;41
356;30;0;0;41
357;30;0;0;41
358;30;0;0;40
359;31;0;0;40
360;31;0;0;40
361;31;0;0;40
362;31;0;0;40
363;31;0;0;40
364;31;0;0;40
365;31;0;0;40
366;31;0;0;40
367;31;0;0;40
368;31;0;0;40
369;31;0;0;40
370;31;0;0;40
371;31;0;0;40
372;31;0;0;40
373;31;0;0;38
374;31;0;0;38
375;31;0;0;38
376;31;0;0;38
377;31;0;0;38
378;31;0;0;38
379;31;0;0;38
380;31;0;0;38
381;31;0;0;38
382;31;0;0;38
383;31;0;0;38
384;31;0;0;38
385;31;0;0;38
386;31;0;0;38
387;31;0;0;38
388;31;0;0;38
389;31;0;0;38
390;31;0;0;38
391;31;0;0;38
392;31;0;0;38
393;31;0;0;37
394;31;0;0;37
395;31;0;0;37
396;31;0;0;37
397;31;0;0;37
398;31;0;0;36
399;31;0;0;36
400;31;0;0;35
401;31;0;0;34
402;31;0;0;34
403;31;0;0;34
404;31;0;0;34
405;31;0;0;34
406;31;0;0;34
407;31;0;0;34
408;31;0;0;34
409;31;0;0;34
410;31;0;0;34
411;31;0;0;34
412;31;0;0;34
413;31;0;0;33
414;31;0;0;32
415;31;0;0;32
416;31;0;0;32
417;31;0;0;32
418;31;0;0;32
419;31;0;0;31
420;32;0;0;30
421;32;0;0;30
422;32;0;0;30
423;32;0;0;30
424;32;0;0;30
425;33;0;0;29
426;33;0;0;29
427;33;0;0;29
428;33;0;0;29
429;33;0;0;29
430;33;0;0;29
431;33;0;0;29
432;33;0;0;29
433;33;0;0;29
434;33;0;0;29
435;33;0;0;29
436;33;0;0;29
437;33;0;0;29
438;33;0;0;29
439;33;0;0;29
440;33;0;0;29
441;33;0;0;29
442;33;0;0;29
443;33;0;0;29
444;33;0;0;29
445;33;0;0;29
446;33;0;0;29
447;33;0;0;29
448;33;0;0;28
449;33;0;0;28
450;33;0;0;27
451;33;0;0;26
452;33;0;0;26
453;33;0;0;26
454;33;0;0;25
455;33;0;0;25
456;33;0;0;25
457;33;0;0;25
458;33;0;0;25
459;33;0;0;25
460;33;0;0;25
461;33;0;0;25
462;33;0;0;25
463;33;0;0;25
464;33;0;0;25
465;33;0;0;25
466;33;0;0;25
467;33;0;0;25
468;33;0;0;25
469;34;0;0;25
470;34;0;0;25
471;34;0;0;25
472;34;0;0;25
473;34;0;0;25
474;34;0;0;25
475;34;0;0;25
476;34;0;0;25
477;34;0;0;25
478;34;0;0;25
479;34;0;0;25
480;34;0;0;25
481;34;0;0;25
482;34;0;0;25
483;34;0;0;25
484;34;0;0;25
485;34;0;0;25
486;34;0;0;25
487;34;0;0;25
488;34;0;0;25
489;34;0;0;25
490;34;0;0;25
491;34;0;0;25
492;34;0;0;25
493;34;0;0;25
494;34;0;0;25
495;34;0;0;24
496;34;0;0;23
497;36;0;0;23
498;36;0;0;23
499;36;0;0;23
500;36;0;0;22
501;36;0;0;22
502;36;0;0;22
503;36;0;0;22
504;36;0;0;22
505;36;0;0;22
506;36;0;0;22
507;36;0;0;22
508;36;0;0;22
509;36;0;0;22
510;36;0;0;22
511;36;0;0;22
512;36;0;0;22
513;36;0;0;21
514;36;0;0;20
515;36;0;0;20
516;36;0;0;20
517;36;0;0;20
518;36;0;0;20
519;36;0;0;20
520;36;0;0;20
521;36;0;0;20
522;36;0;0;20
523;36;0;0;20
524;36;0;0;20
525;36;0;0;20
526;36;0;0;19
527;36;0;0;19
528;36;0;0;18
529;36;0;0;18
530;36;0;0;18
531;36;0;0;18
532;36;0;0;18
533;36;0;0;18
534;36;0;0;18
535;36;0;0;18
536;36;0;0;18
537;36;0;0;18
538;36;0;0;18
539;36;0;0;18
540;36;0;0;18
541;36;0;0;18
542;36;0;0;18
543;37;0;0;18
544;37;0;0;18
545;37;0;0;18
546;37;0;0;18
547;37;0;0;18
548;37;0;0;18
549;37;0;0;18
550;37;0;0;18
551;37;0;0;18
552;37;0;0;17
553;37;0;0;17
554;37;0;0;17
555;37;0;0;17
556;37;0;0;17
557;37;0;0;17
558;37;0;0;17
559;37;0;0;17
560;37;0;0;17
561;37;0;0;17
562;37;0;0;17
563;37;0;0;17
564;37;0;0;17
565;37;0;0;17
566;37;0;0;17
567;37;0;0;17
568;37;0;0;17
569;37;0;0;17
570;37;0;0;17
571;37;0;0;15
572;37;0;0;15
573;37;0;0;14
574;37;0;0;14
575;37;0;0;12
576;37;0;0;12
577;37;0;0;12
578;37;0;0;12
579;37;0;0;12
580;37;0;0;12
581;37;0;0;12
582;37;0;0;12
583;37;0;0;12
584;37;0;0;12
585;37;0;0;12
586;37;0;0;12
587;37;0;0;12
588;37;0;0;12
589;38;0;0;12
590;38;0;0;12
591;38;0;0;12
592;38;0;0;12
593;38;0;0;12
594;38;0;0;12
595;38;0;0;12
596;38;0;0;12
597;38;0;0;12
598;38;0;0;12
599;38;0;0;12
600;38;0;0;12
601;38;0;0;12
602;38;0;0;12
603;38;0;0;12
604;38;0;1;12
605;38;0;1;12
606;38;0;1;12
607;38;0;1;12
608;38;0;2;11
609;38;0;3;10
610;38;0;3;10
611;38;0;3;10
612;38;0;3;10
613;38;0;3;10
614;38;0;3;10
615;38;0;3;10
616;38;0;3;10
617;39;0;4;9
618;39;0;4;9
619;39;0;4;9
620;39;0;4;9
621;39;0;4;9
622;39;0;4;9
623;39;0;4;9
624;40;0;4;9
625;40;0;4;9
626;40;0;4;9
627;40;0;4;9
628;40;0;4;9
629;40;0;4;9
630;40;0;4;9
631;41;0;5;9
632;41;0;5;9
633;41;0;5;9
634;42;0;6;9
635;42;0;7;9
636;42;0;6;9
637;42;0;7;9
638;42;0;7;9
639;42;0;12;8
640;42;0;11;8
641;42;0;12;8
642;42;0;15;8
643;42;0;14;8
644;42;0;15;8
645;43;0;15;8
646;43;0;17;8
647;43;0;16;8
648;43;0;19;8
649;43;0;19;8
650;43;0;19;8
651;43;0;21;7
652;43;0;23;7
653;43;0;25;7
654;43;0;27;7
655;43;0;28;7
656;43;0;29;7
657;43;0;30;7
658;43;0;32;7
659;43;0;37;7
660;43;0;43;7
661;43;0;50;7
662;43;0;51;7
663;43;0;52;7
664;43;0;56;7
665;43;0;60;7
666;43;0;63;7
667;43;0;69;7
668;43;0;69;7
669;43;0;75;7
670;43;0;81;7
671;43;0;85;7
672;44;0;89;7
673;45;0;96;8
674;45;0;101;8
675;45;0;106;8
676;46;0;110;8
677;47;0;116;8
678;47;0;123;8
679;48;0;132;8
680;48;0;145;9
681;48;0;157;10
682;48;0;166;11
683;48;0;178;11
684;48;0;189;12
685;48;0;199;13
686;48;0;211;13
687;48;0;226;13
688;48;0;237;13
689;48;0;241;13
690;48;0;252;13
691;49;0;271;14
692;50;0;281;16
693;50;0;288;17
694;50;0;297;18
695;50;0;308;20
696;50;0;312;21
697;50;0;310;23
698;50;0;309;23
699;50;0;307;25
700;50;0;310;29
701;50;0;311;30
702;50;0;307;32
703;50;0;301;32
704;50;0;293;34
705;50;0;283;37
706;50;0;273;39
707;50;0;264;41
708;50;0;260;42
709;50;0;250;43
710;50;0;238;45
711;50;0;231;47
712;50;0;220;50
713;50;0;203;54
714;50;0;190;55
715;50;0;175;55
716;50;0;164;56
717;50;0;153;57
718;50;0;139;57
719;50;0;130;58
720;50;0;116;62
721;50;0;102;65
722;50;0;85;67
723;50;0;69;68
724;50;0;55;69
725;50;0;44;68
726;50;0;34;69
727;50;0;25;70
728;50;0;17;70
729;50;0;12;71
730;50;0;9;71
731;50;0;4;71
732;50;0;3;70
733;50;0;2;70
734;50;0;1;70
735;50;0;1;70
736;50;0;0;70
737;50;0;0;70
738;50;0;0;70
739;50;0;0;70
740;50;0;0;70
741;50;0;0;70
742;50;0;0;70
743;50;0;0;70
744;50;0;0;70
745;50;0;0;70
746;50;0;0;70
747;50;0;0;70
748;50;0;0;70
749;50;0;0;70
750;50;0;0;70
751;50;0;0;70
752;50;0;0;70
753;50;0;0;70
754;50;0;0;70
755;50;0;0;70
756;50;0;0;70
757;50;0;0;70
758;50;0;0;70
759;50;0;0;70
760;50;0;0;70
761;50;0;0;70
762;50;0;0;70
763;50;0;0;70
764;50;0;0;70
765;50;0;0;70
766;50;0;0;70
767;50;0;0;70
768;50;0;0;70
769;50;0;0;70
770;50;0;0;70
771;50;0;0;70
772;50;0;0;70
773;50;0;0;70
774;50;0;0;70
775;50;0;0;70
776;50;0;0;70
777;50;0;0;70
778;50;0;0;70
779;50;0;0;70
780;50;0;0;70
781;50;0;0;70
782;50;0;0;70
783;50;0;0;70
784;50;0;0;70
785;50;0;0;70
786;50;0;0;70
787;50;0;0;70
788;50;0;0;70
789;50;0;0;70
790;50;0;0;70
791;50;0;0;70
792;50;0;0;70
793;50;0;0;70
794;50;0;0;70
795;50;0;0;70
796;50;0;0;70
797;50;0;0;70
798;50;0;0;70
799;50;0;0;70
800;50;0;0;70
801;50;0;0;70
802;50;0;0;69
803;50;0;0;69
804;50;0;0;69
805;50;0;0;69
806;50;0;0;69
807;50;0;0;69
808;50;0;0;69
809;50;0;0;69
810;50;0;0;68
811;50;0;0;68
812;50;0;0;68
813;50;0;0;67
814;50;0;0;67
815;50;0;0;67
816;50;0;0;66
817;50;0;0;65
818;50;0;0;65
819;50;0;0;64
820;50;0;0;63
821;50;0;0;63
822;50;0;0;61
823;50;0;0;61
824;50;0;0;61
825;50;0;0;61
826;50;0;0;60
827;50;0;0;59
828;50;0;0;59
829;50;0;0;58
830;50;0;0;58
831;50;0;0;58
832;50;0;0;58
833;50;0;0;58
834;50;0;0;58
835;50;0;0;58
836;50;0;0;58
837;50;0;0;58
838;50;0;0;58
839;50;0;0;58
840;50;0;0;57
841;50;0;0;57
842;50;0;0;57
843;50;0;0;57
844;50;0;0;57
845;50;0;0;57
846;50;0;0;57
847;50;0;0;57
848;50;0;0;57
849;50;0;0;57
850;50;0;0;57
851;50;0;0;57
852;50;0;0;57
853;50;0;0;57
854;50;0;0;57
855;50;0;0;57
856;50;0;0;57
857;50;0;0;57
858;50;0;0;57
859;50;0;0;57
860;50;0;0;57
861;50;0;0;57
862;50;0;0;57
863;50;0;0;57
864;50;0;0;56
865;50;0;0;56
866;50;0;0;56
867;50;0;0;56
868;50;0;0;56
869;50;0;0;56
870;50;0;0;56
871;50;0;0;56
872;50;0;0;56
873;50;0;0;56
874;50;0;0;55
875;50;0;0;55
876;50;0;0;55
877;50;0;0;55
878;50;0;0;55
879;50;0;0;55
880;50;0;0;54
881;50;0;0;52
882;50;0;0;52
883;50;0;0;51
884;50;0;0;50
885;50;0;0;50
886;50;0;0;50
887;50;0;0;49
888;50;0;0;49
889;50;0;0;48
890;50;0;0;48
891;50;0;0;48
892;50;0;0;48
893;50;0;0;47
894;50;0;0;47
895;50;0;0;46
896;50;0;0;46
897;50;0;0;46
898;50;0;0;46
899;50;0;0;46
900;50;0;0;46
901;50;0;0;46
902;50;0;0;46
903;50;0;0;46
904;50;0;0;46
905;50;0;0;46
906;50;0;0;46
907;50;0;0;46
908;50;0;0;46
909;50;0;0;46
910;50;0;0;46
911;50;0;0;46
912;50;0;0;45
913;50;0;0;45
914;50;0;0;45
915;50;0;0;45
916;50;0;0;45
917;50;0;0;45
918;50;0;0;45
919;50;0;0;45
920;50;0;0;45
921;50;0;0;45
922;50;0;0;45
923;50;0;0;45
924;50;0;0;45
925;50;0;0;44
926;50;0;0;44
927;50;0;0;44
928;50;0;0;44
929;50;0;0;44
930;50;0;0;44
931;50;0;0;44
932;50;0;0;43
933;50;0;0;42
934;50;0;0;42
935;50;0;0;42
936;50;0;0;42
937;50;0;0;42
938;50;0;0;42
939;50;0;0;41
940;50;0;0;41
941;50;0;0;39
942;50;0;0;38
943;50;0;0;38
944;50;0;0;38
945;50;0;0;38
946;50;0;0;38
947;50;0;0;38
948;50;0;0;38
949;50;0;0;38
950;50;0;0;38
951;50;0;0;38
952;50;0;0;38
953;50;0;0;38
954;50;0;0;38
955;50;0;0;38
956;50;0;0;38
957;50;0;0;38
958;50;0;0;38
959;50;0;0;38
960;50;0;0;38
961;50;0;0;38
962;50;0;0;38
963;50;0;0;38
964;50;0;0;38
965;50;0;0;37
966;50;0;0;37
967;50;0;0;37
968;50;0;0;37
969;50;0;0;36
970;50;0;0;36
971;50;0;0;36
972;50;0;0;36
973;50;0;0;36
974;50;0;0;36
975;50;0;0;36
976;50;0;0;36
977;50;0;0;36
978;50;0;0;36
979;50;0;0;36
980;50;0;0;35
981;50;0;0;35
982;50;0;0;35
983;50;0;0;35
984;50;0;0;35
985;50;0;0;35
986;50;0;0;35
987;50;0;0;35
988;50;0;0;34
989;50;0;0;34
990;50;0;0;34
991;50;0;0;34
992;50;0;0;34
993;50;0;0;34
994;50;0;0;34
995;50;0;0;34
996;50;0;0;34
997;50;0;0;34
998;50;0;0;34
999;50;0;0;33
1000;50;0;0;33
1001;50;0;0;33
1002;50;0;0;32
1003;50;0;0;32
1004;50;0;0;32
1005;50;0;0;30
1006;50;0;0;30
1007;50;0;0;30
1008;50;0;0;30
1009;50;0;0;30
1010;50;0;0;30
1011;50;0;0;30
1012;50;0;0;30
1013;50;0;0;30
1014;50;0;0;30
1015;50;0;0;30
1016;50;0;0;30
1017;50;0;0;30
1018;50;0;0;30
1019;50;0;0;30
1020;50;0;0;29
1021;50;0;0;28
1022;50;0;0;28
1023;50;0;0;28
1024;50;0;0;28
1025;50;0;0;28
1026;50;0;0;28
1027;50;0;0;28
1028;50;0;0;28
1029;50;0;0;28
1030;50;0;0;28
1031;50;0;0;28
1032;50;0;0;28
1033;50;0;0;28
1034;50;0;0;28
1035;50;0;0;28
1036;50;0;0;28
1037;50;0;0;28
1038;50;0;0;28
1039;50;0;0;28
1040;50;0;0;28
1041;50;0;0;28
1042;50;0;0;28
1043;50;0;0;28
1044;50;0;0;27
1045;50;0;0;27
1046;50;0;0;27
1047;50;0;0;26
1048;50;0;0;26
1049;50;0;0;26
1050;50;0;0;25
1051;50;0;0;24
1052;50;0;0;24
1053;50;0;0;24
1054;50;0;0;24
1055;50;0;0;24
1056;50;0;0;23
1057;50;0;0;23
1058;50;0;0;23
1059;50;0;0;23
1060;50;0;0;22
1061;50;0;0;22
1062;50;0;0;22
1063;50;0;0;22
1064;50;0;0;22
1065;50;0;0;22
1066;50;0;0;22
1067;50;0;0;22
1068;50;0;0;21
1069;50;0;0;21
1070;50;0;0;21
1071;50;0;0;20
1072;50;0;0;20
1073;50;0;0;19
1074;50;0;0;18
1075;50;0;0;18
1076;50;0;0;18
1077;50;0;0;18
1078;50;0;0;18
1079;50;0;0;18
1080;50;0;0;18
1081;50;0;0;18
1082;50;0;0;18
1083;50;0;0;18
1084;50;0;0;18
1085;50;0;0;18
1086;50;0;0;18
1087;50;0;0;18
1088;50;0;0;18
1089;50;0;0;18
1090;50;0;0;18
1091;50;0;0;18
1092;50;0;0;18
1093;50;0;0;18
1094;50;0;0;18
1095;50;0;0;18
1096;50;0;0;18
1097;50;0;0;18
1098;50;0;0;18
1099;50;0;0;18
1100;50;0;0;17
1101;50;0;0;17
1102;50;0;0;17
1103;50;0;0;17
1104;50;0;0;17
1105;50;0;0;17
1106;50;0;0;17
1107;50;0;0;17
1108;50;0;0;17
1109;50;0;0;17
1110;50;0;0;17
1111;50;0;0;17
1112;50;0;0;15
1113;50;0;0;14
1114;50;0;0;14
1115;50;0;0;14
1116;50;0;0;14
1117;50;0;0;14
1118;50;0;0;14
1119;50;0;0;14
1120;50;0;0;14
1121;50;0;0;14
1122;50;0;0;14
1123;50;0;0;14
1124;50;0;0;13
1125;50;0;0;13
1126;50;0;0;12
1127;50;0;0;12
1128;50;0;0;12
1129;50;0;0;12
1130;50;0;0;12
1131;50;0;0;12
1132;50;0;0;10
1133;50;0;0;9
1134;50;0;0;9
1135;50;0;0;9
1136;50;0;0;9
1137;50;0;0;7
1138;50;1;0;7
1139;50;1;0;6
1140;50;1;0;6
1141;50;1;0;6
1142;50;1;0;6
1143;50;1;0;6
1144;50;1;0;6
1145;50;1;0;6
1146;50;1;0;6
1147;50;1;0;6
1148;50;1;0;6
1149;50;1;0;6
1150;50;1;0;6
1151;50;1;0;6
1152;50;1;0;6
1153;50;1;0;6
1154;50;1;0;6
1155;50;1;0;6
1156;50;1;0;6
1157;50;1;0;6
1158;50;1;0;6
1159;50;1;0;6
1160;50;1;0;6
1161;50;1;0;6
1162;50;1;0;6
1163;50;1;0;6
1164;50;1;0;6
1165;50;1;0;6
1166;50;1;0;6
1167;50;1;0;5
1168;50;1;0;5
1169;50;1;0;5
1170;50;1;0;5
1171;50;1;0;5
1172;50;2;0;5
1173;50;2;0;5
1174;50;2;0;5
1175;50;2;0;4
1176;50;2;0;4
1177;50;2;0;4
1178;50;2;0;4
1179;50;2;0;4
1180;50;2;0;3
1181;50;2;0;3
1182;50;4;0;3
1183;50;4;0;3
1184;50;5;0;3
1185;50;5;0;3
1186;50;5;0;3
1187;50;5;0;3
1188;50;6;0;3
1189;50;6;0;3
1190;50;6;0;3
1191;50;6;0;3
1192;50;6;0;3
1193;50;6;0;3
1194;50;7;0;3
1195;50;7;0;3
1196;50;7;0;3
1197;50;7;0;3
1198;50;10;0;3
1199;50;10;0;3
1200;50;9;0;3
1201;50;11;0;2
1202;50;11;0;2
1203;50;11;0;2
1204;50;11;0;2
1205;50;12;0;2
1206;50;14;0;2
1207;50;15;0;1
1208;50;16;0;1
1209;50;20;0;1
1210;50;25;0;1
1211;50;29;0;1
1212;50;32;0;0
1213;50;33;0;0
1214;50;33;0;0
1215;50;33;0;0
1216;50;38;0;0
1217;50;42;0;0
1218;50;50;0;0
1219;50;54;0;0
1220;50;60;0;0
1221;50;66;0;0
1222;50;71;0;0
1223;50;78;0;0
1224;50;82;0;0
1225;50;89;0;0
1226;50;97;0;0
1227;50;104;0;0
1228;50;114;0;0
1229;50;126;0;0
1230;50;137;0;0
1231;50;152;0;0
1232;50;167;0;0
1233;50;191;0;0
1234;50;213;0;0
1235;50;231;0;0
1236;50;251;0;0
1237;50;269;0;0
1238;50;289;0;0
1239;50;314;0;0
1240;50;345;0;0
1241;50;374;0;0
1242;50;403;0;0
1243;50;438;0;0
1244;50;474;0;0
1245;50;515;0;0
1246;50;553;0;0
1247;50;592;0;0
1248;50;633;0;0
1249;50;674;0;0
1250;50;712;0;0
1251;50;751;0;0
1252;50;789;0;0
1253;50;831;0;0
1254;50;870;0;0
1255;50;911;0;0
1256;50;954;0;0
1257;50;998;0;0
1258;50;1037;0;0
1259;50;1076;0;0
1260;50;1114;0;0
1261;50;1152;0;0
1262;50;1192;0;0
1263;50;1231;0;0
1264;50;1271;0;0
1265;50;1311;0;0
1266;50;1349;0;0
1267;50;1387;0;0
1268;50;1425;0;0
1269;50;1459;0;0
1270;50;1493;0;0
1271;50;1526;0;0
1272;50;1562;0;0
1273;50;1596;0;0
1274;50;1639;0;0
1275;50;1676;0;0
1276;50;1715;0;0
1277;50;1753;0;0
1278;50;1792;0;0
1279;50;1827;0;0
1280;50;1865;0;0
1281;50;1899;0;0
1282;50;1938;0;0
1283;50;1981;0;0
1284;50;2019;0;0
1285;50;2050;0;0
1286;50;2087;0;0
1287;50;2123;0;0
1288;50;2164;0;0
1289;50;2201;0;0
1290;50;2238;0;0
1291;50;2277;0;0
1292;50;2317;0;0
1293;50;2356;0;0
1294;50;2390;0;0
1295;50;2426;0;0
1296;50;2459;0;0
1297;50;2492;0;0
1298;50;2531;0;0
1299;50;2571;0;0
1300;50;2608;0;0
1301;50;2642;0;0
1302;50;2678;0;0
1303;50;2718;0;0
1304;50;2748;0;0
1305;50;2780;0;0
1306;50;2814;0;0
1307;50;2853;0;0
1308;50;2886;0;0
1309;50;2924;0;0
1310;50;2961;0;0
1311;50;2997;0;0
1312;50;3034;0;0
1313;50;3064;0;0
1314;50;3100;0;0
1315;50;3140;0;0
1316;50;3173;0;0
1317;50;3207;0;0
1318;50;3248;0;0
1319;50;3281;0;0
1320;50;3321;0;0
1321;50;3356;0;0
1322;50;3392;0;0
1323;50;3429;0;0
1324;50;3467;0;0
1325;50;3496;0;0
1326;50;3529;0;0
1327;50;3563;0;0
1328;50;3598;0;0
1329;50;3631;0;0
1330;50;3662;0;0
1331;50;3690;0;0
1332;50;3722;0;0
1333;50;3761;0;0
1334;50;3799;0;0
1335;50;3836;0;0
1336;50;3875;0;0
1337;50;3905;0;0
1338;50;3942;0;0
1339;50;3981;0;0
1340;50;4014;0;0
1341;50;4049;0;0
1342;50;4082;0;0
1343;50;4111;0;0
1344;50;4147;0;0
1345;50;4183;0;0
1346;50;4219;0;0
1347;50;4249;0;0
1348;50;4286;0;0
1349;50;4316;0;0
1350;50;4350;0;0
1351;50;4391;0;0
1352;50;4422;0;0
1353;50;4457;0;0
1354;50;4495;0;0
1355;50;4533;0;0
1356;50;4567;0;0
1357;50;4599;0;0
1358;50;4630;0;0
1359;50;4667;0;0
1360;50;4699;0;0
1361;50;4736;0;0
1362;50;4774;0;0
1363;50;4807;0;0
1364;50;4844;0;0
1365;50;4876;0;0
1366;50;4916;0;0
1367;50;4943;0;0
1368;50;4977;0;0
1369;50;5008;0;0
1370;50;5043;0;0
1371;50;5079;0;0
1372;50;5112;0;0
1373;50;5153;0;0
1374;50;5185;0;0
1375;50;5221;0;0
1376;50;5255;0;0
1377;50;5295;0;0
1378;50;5327;0;0
1379;50;5359;0;0
1380;50;5394;0;0
1381;50;5433;0;0
1382;50;5471;0;0
1383;50;5508;0;0
1384;50;5543;0;0
1385;50;5575;0;0
1386;50;5613;0;0
1387;50;5651;0;0
1388;50;5686;0;0
1389;50;5722;0;0
1390;50;5759;0;0
1391;50;5794;0;0
1392;50;5828;0;0
1393;50;5857;0;0
1394;50;5896;0;0
1395;50;5930;0;0
1396;50;5971;0;0
1397;50;6011;0;0
1398;50;6047;0;0
1399;50;6083;0;0
1400;50;6118;0;0
1401;50;6150;0;0
1402;50;6187;0;0
1403;50;6221;0;0
1404;50;6256;0;0
1405;50;6290;0;0
1406;50;6325;0;0
1407;50;6359;0;0
1408;50;6396;0;0
1409;50;6434;0;0
1410;50;6469;0;0
1411;50;6497;0;0
1412;50;6536;0;0
1413;50;6576;0;0
1414;50;6616;0;0
1415;50;6654;0;0
1416;50;6690;0;0
1417;50;6720;0;0
1418;50;6753;0;0
1419;50;6789;0;0
1420;50;6829;0;0
1421;50;6864;0;0
1422;50;6904;0;0
1423;50;6943;0;0
1424;50;6977;0;0
1425;50;7010;0;0
1426;50;7049;0;0
1427;50;7089;0;0
1428;50;7117;0;0
1429;50;7153;0;0
1430;50;7188;0;0
1431;50;7225;0;0
1432;50;7258;0;0
1433;50;7294;0;0
1434;50;7330;0;0
1435;50;7371;0;0
1436;50;7407;0;0
1437;50;7440;0;0
1438;50;7473;0;0
1439;50;7510;0;0
1440;50;7552;0;0
1441;50;7593;0;0
1442;50;7632;0;0
1443;50;7665;0;0
1444;50;7706;0;0
1445;50;7742;0;0
1446;50;7775;0;0
1447;50;7810;0;0
1448;50;7841;0;0
1449;50;7877;0;0
1450;50;7911;0;1
1451;50;7942;0;1
1452;50;7977;0;1
1453;50;8009;0;1
1454;50;8043;0;2
1455;50;8080;0;2
1456;50;8112;0;4
1457;50;8149;0;4
1458;50;8181;0;4
1459;50;8214;0;4
1460;50;8249;0;5
1461;50;8277;0;5
1462;50;8313;0;6
1463;50;8348;0;8
1464;50;8376;0;8
1465;50;8403;0;8
1466;50;8432;0;8
1467;50;8457;0;10
1468;50;8483;0;10
1469;50;8510;0;13
1470;50;8536;0;17
1471;50;8552;0;18
1472;50;8579;0;18
1473;50;8596;0;19
1474;50;8612;0;23
1475;50;8623;0;24
1476;50;8638;0;28
1477;50;8634;0;37
1478;50;8632;0;37
1479;50;8626;0;38
1480;50;8627;0;38
1481;50;8623;0;45
1482;50;8613;0;47
1483;50;8594;0;56
1484;50;8573;0;74
1485;50;8534;0;74
1486;50;8498;0;76
1487;50;8455;0;77
1488;50;8411;0;90
1489;50;8353;0;95
1490;50;8293;0;113
1491;50;8216;0;146
1492;50;8104;0;148
1493;50;7987;0;152
1494;50;7868;0;155
1495;50;7747;0;180
1496;50;7606;0;190
1497;50;7446;0;225
1498;50;7255;0;289
1499;50;7005;0;294
1500;50;6744;0;303
1501;50;6476;0;311
1502;50;6200;0;360
1503;50;5869;0;382
1504;50;5526;0;451
1505;50;5114;0;565
1506;50;4591;0;574
1507;50;4080;0;591
1508;50;3579;0;612
1509;50;3072;0;685
1510;50;2557;0;720
1511;50;2067;0;814
1512;50;1575;0;951
1513;50;1064;0;964
1514;50;655;0;981
1515;50;349;0;1000
1516;50;148;0;1025
1517;50;68;0;1034
1518;50;33;0;1049
1519;50;15;0;1051
1520;50;0;0;1051
1521;50;0;0;1051
1522;50;0;0;1051
1523;50;0;0;1051
1524;50;0;0;1051
1525;50;0;0;1051
1526;50;0;0;1051
1527;50;0;0;1051
1528;50;0;0;1051
1529;50;0;0;1051
1530;50;0;0;1051
1531;50;0;0;1051
1532;50;0;0;1051
1533;50;0;0;1051
1534;50;0;0;1051
1535;50;0;0;1051
1536;50;0;0;1051
1537;50;0;0;1051
1538;50;0;0;1051
1539;50;0;0;1051
1540;50;0;0;1051
1541;50;0;0;1051
1542;50;0;0;1051
1543;50;0;0;1051
1544;50;0;0;1051
1545;50;0;0;1051
1546;50;0;0;1051
1547;50;0;0;1051
1548;50;0;0;1051
1549;50;0;0;1051
1550;50;0;0;1051
1551;50;0;0;1051
1552;50;0;0;1051
1553;50;0;0;1051
1554;50;0;0;1051
1555;50;0;0;1051
1556;50;0;0;1051
1557;50;0;0;1051
1558;50;0;0;1051
1559;50;0;0;1051
1560;50;0;0;1051
1561;50;0;0;1051
1562;50;0;0;1051
1563;50;0;0;1051
1564;50;0;0;1051
1565;50;0;0;1051
1566;50;0;0;1051
1567;50;0;0;1051
1568;50;0;0;1051
1569;50;0;0;1051
1570;50;0;0;1051
1571;50;0;0;1051
1572;50;0;0;1051
1573;50;0;0;1051
1574;50;0;0;1051
1575;50;0;0;1051
1576;50;0;0;1051
1577;50;0;0;1051
1578;50;0;0;1051
1579;50;0;0;1051
1580;50;0;0;1051
1581;50;0;0;1051
1582;50;0;0;1051
1583;50;0;0;1051
1584;50;0;0;1051
1585;50;0;0;1051
1586;50;0;0;1051
1587;50;0;0;1051
1588;50;0;0;1051
1589;50;0;0;1051
1590;50;0;0;1051
1591;50;0;0;1051
1592;50;0;0;1051
1593;50;0;0;1051
1594;50;0;0;1051
1595;50;0;0;1051
1596;50;0;0;1051
1597;50;0;0;1051
1598;50;0;0;1051
1599;50;0;0;1051
1600;50;0;0;1051
1601;50;0;0;1051
1602;50;0;0;1050
1603;50;0;0;1050
1604;50;0;0;1048
1605;50;0;0;1046
1606;50;0;0;1044
1607;50;0;0;1041
1608;50;0;0;1040
1609;50;0;0;1022
1610;50;0;0;1010
1611;50;0;0;974
1612;50;0;0;917
1613;50;0;0;910
1614;50;0;0;898
1615;50;0;0;881
1616;50;0;0;858
1617;50;0;0;848
1618;50;0;0;834
1619;50;0;0;832
1620;50;0;0;832
1621;50;0;0;832
1622;50;0;0;827
1623;50;0;0;826
1624;50;0;0;817
1625;50;0;0;803
1626;50;0;0;802
1627;50;0;0;798
1628;50;0;0;793
1629;50;0;0;787
1630;50;0;0;784
1631;50;0;0;783
1632;50;0;0;782
1633;50;0;0;782
1634;50;0;0;782
1635;50;0;0;779
1636;50;0;0;778
1637;50;0;0;777
1638;50;0;0;773
1639;50;0;0;772
1640;50;0;0;771
1641;50;0;0;770
1642;50;0;0;768
1643;50;0;0;767
1644;50;0;0;766
1645;50;0;0;766
1646;50;0;0;766
1647;50;0;0;766
1648;50;0;0;765
1649;50;0;0;764
1650;50;0;0;763
1651;50;0;0;760
1652;50;0;0;760
1653;50;0;0;760
1654;50;0;0;760
1655;50;0;0;755
1656;50;0;0;755
1657;50;0;0;754
1658;50;0;0;754
1659;50;0;0;754
1660;50;0;0;754
1661;50;0;0;754
1662;50;0;0;754
1663;50;0;0;753
1664;50;0;0;752
1665;50;0;0;746
1666;50;0;0;746
1667;50;0;0;745
1668;50;0;0;743
1669;50;0;0;741
1670;50;0;0;738
1671;50;0;0;731
1672;50;0;0;708
1673;50;0;0;705
1674;50;0;0;703
1675;50;0;0;703
1676;50;0;0;702
1677;50;0;0;700
1678;50;0;0;698
1679;50;0;0;697
1680;50;0;0;697
1681;50;0;0;693
1682;50;0;0;690
1683;50;0;0;688
1684;50;0;0;674
1685;50;0;0;663
1686;50;0;0;661
1687;50;0;0;661
1688;50;0;0;659
1689;50;0;0;655
1690;50;0;0;655
1691;50;0;0;653
1692;50;0;0;652
1693;50;0;0;652
1694;50;0;0;650
1695;50;0;0;648
1696;50;0;0;647
1697;50;0;0;646
1698;50;0;0;639
1699;50;0;0;638
1700;50;0;0;636
1701;50;0;0;635
1702;50;0;0;633
1703;50;0;0;631
1704;50;0;0;631
1705;50;0;0;631
1706;50;0;0;631
1707;50;0;0;631
1708;50;0;0;631
1709;50;0;0;629
1710;50;0;0;629
1711;50;0;0;623
1712;50;0;0;623
1713;50;0;0;621
1714;50;0;0;620
1715;50;0;0;619
1716;50;0;0;618
1717;50;0;0;615
1718;50;0;0;614
1719;50;0;0;614
1720;50;0;0;614
1721;50;0;0;614
1722;50;0;0;612
1723;50;0;0;611
1724;50;0;0;609
1725;50;0;0;602
1726;50;0;0;601
1727;50;0;0;599
1728;50;0;0;594
1729;50;0;0;588
1730;50;0;0;584
1731;50;0;0;571
1732;50;0;0;560
1733;50;0;0;557
1734;50;0;0;553
1735;50;0;0;551
1736;50;0;0;551
1737;50;0;0;549
1738;50;0;0;547
1739;50;0;0;547
1740;50;0;0;547
1741;50;0;0;547
1742;50;0;0;543
1743;50;0;0;543
1744;50;0;0;538
1745;50;0;0;529
1746;50;0;0;529
1747;50;0;0;529
1748;50;0;0;528
1749;50;0;0;527
1750;50;0;0;527
1751;50;0;0;523
1752;50;0;0;522
1753;50;0;0;521
1754;50;0;0;521
1755;50;0;0;518
1756;50;0;0;518
1757;50;0;0;511
1758;50;0;0;502
1759;50;0;0;502
1760;50;0;0;500
1761;50;0;0;500
1762;50;0;0;500
1763;50;0;0;499
1764;50;0;0;497
1765;50;0;0;497
1766;50;0;0;497
1767;50;0;0;497
1768;50;0;0;496
1769;50;0;0;496
1770;50;0;0;493
1771;50;0;0;493
1772;50;0;0;493
1773;50;0;0;493
1774;50;0;0;493
1775;50;0;0;493
1776;50;0;0;492
1777;50;0;0;489
1778;50;0;0;488
1779;50;0;0;488
1780;50;0;0;488
1781;50;0;0;487
1782;50;0;0;487
1783;50;0;0;485
1784;50;0;0;478
1785;50;0;0;472
1786;50;0;0;470
1787;50;0;0;468
1788;50;0;0;467
1789;50;0;0;461
1790;50;0;0;458
1791;50;0;0;444
1792;50;0;0;427
1793;50;0;0;426
1794;50;0;0;426
1795;50;0;0;425
1796;50;0;0;423
1797;50;0;0;420
1798;50;0;0;418
1799;50;0;0;418
1800;50;0;0;417
1801;50;0;0;417
1802;50;0;0;412
1803;50;0;0;409
1804;50;0;0;403
1805;50;0;0;392
1806;50;0;0;391
1807;50;0;0;391
1808;50;0;0;390
1809;50;0;0;390
1810;50;0;0;388
1811;50;0;0;386
1812;50;0;0;386
1813;50;0;0;386
1814;50;0;0;386
1815;50;0;0;385
1816;50;0;0;385
1817;50;0;0;383
1818;50;0;0;376
1819;50;0;0;376
1820;50;0;0;376
1821;50;0;0;376
1822;50;0;0;376
1823;50;0;0;373
1824;50;0;0;373
1825;50;0;0;373
1826;50;0;0;373
1827;50;0;0;372
1828;50;0;0;371
1829;50;0;0;370
1830;50;0;0;369
1831;50;0;0;367
1832;50;0;0;367
1833;50;0;0;367
1834;50;0;0;366
1835;50;0;0;366
1836;50;0;0;366
1837;50;0;0;366
1838;50;0;0;364
1839;50;0;0;362
1840;50;0;0;362
1841;50;0;0;360
1842;50;0;0;357
1843;50;0;0;355
1844;50;0;0;353
1845;50;0;0;348
1846;50;0;0;348
1847;50;0;0;345
1848;50;0;0;345
1849;50;0;0;333
1850;50;0;0;326
1851;50;0;0;319
1852;50;0;0;297
1853;50;0;0;297
1854;50;0;0;296
1855;50;0;0;295
1856;50;0;0;293
1857;50;0;0;289
1858;50;0;0;286
1859;50;0;0;286
1860;50;0;0;286
1861;50;0;0;284
1862;50;0;0;280
1863;50;0;0;278
1864;50;0;0;273
1865;50;0;0;259
1866;50;0;0;259
1867;50;0;0;258
1868;50;0;0;257
1869;50;0;0;255
1870;50;0;0;255
1871;50;0;0;252
1872;50;0;0;252
1873;50;0;0;251
1874;50;0;0;251
1875;50;0;0;249
1876;50;0;0;247
1877;50;0;0;244
1878;50;0;0;234
1879;50;0;0;234
1880;50;0;0;233
1881;50;0;0;233
1882;50;0;0;233
1883;50;0;0;233
1884;50;0;0;233
1885;50;0;0;233
1886;50;0;0;233
1887;50;0;0;233
1888;50;0;0;231
1889;50;0;0;231
1890;50;0;0;231
1891;50;0;0;230
1892;50;0;0;230
1893;50;0;0;230
1894;50;0;0;230
1895;50;0;0;229
1896;50;0;0;229
1897;50;0;0;229
1898;50;0;0;227
1899;50;0;0;227
1900;50;0;0;227
1901;50;0;0;227
1902;50;0;0;224
1903;50;0;0;221
1904;50;0;0;214
1905;50;0;0;202
1906;50;0;0;202
1907;50;0;0;201
1908;50;0;0;198
1909;50;0;0;189
1910;50;0;0;185
1911;50;0;0;175
1912;50;0;0;171
1913;50;0;0;171
1914;50;0;0;171
1915;50;0;0;171
1916;50;0;0;171
1917;50;0;0;167
1918;50;0;0;163
1919;50;0;0;162
1920;50;0;0;162
1921;50;0;0;161
1922;50;0;0;155
1923;50;0;0;151
1924;50;0;0;142
1925;50;0;0;137
1926;50;0;0;137
1927;50;0;0;137
1928;50;0;0;137
1929;50;0;0;137
1930;50;0;0;136
1931;50;0;0;132
1932;50;0;0;131
1933;50;0;0;131
1934;50;0;0;131
1935;50;0;0;128
1936;50;0;0;126
1937;50;0;0;124
1938;50;0;0;122
1939;50;0;0;122
1940;50;0;0;122
1941;50;0;0;121
1942;50;0;0;121
1943;50;0;0;121
1944;50;0;0;119
1945;50;0;0;119
1946;50;0;0;119
1947;50;0;0;119
1948;50;0;0;115
1949;50;0;0;114
1950;50;0;0;108
1951;50;0;0;105
1952;50;0;0;105
1953;50;0;0;105
1954;50;0;0;105
1955;50;0;0;103
1956;50;0;0;103
1957;50;0;0;101
1958;50;0;0;100
1959;50;0;0;100
1960;50;0;0;100
1961;50;0;0;99
1962;50;0;0;93
1963;50;0;0;92
1964;50;0;0;86
1965;50;0;0;74
1966;50;0;0;73
1967;50;0;0;73
1968;50;0;0;69
1969;50;0;0;60
1970;50;0;0;56
1971;50;0;0;52
1972;50;0;0;50
1973;50;0;0;50
1974;50;0;0;49
1975;50;0;0;48
1976;50;0;0;46
1977;50;0;0;45
1978;50;0;0;41
1979;50;0;0;41
1980;50;0;0;39
1981;50;0;0;37
1982;50;0;0;31
1983;50;0;0;29
1984;50;0;0;22
1985;50;0;0;20
1986;50;0;0;20
1987;50;0;0;18
1988;50;0;0;18
1989;50;0;0;16
1990;50;0;0;13
1991;50;0;0;7
1992;50;0;0;7
1993;50;0;0;7
1994;50;0;0;7
1995;50;0;0;6
1996;50;0;0;4
1997;50;0;0;2
1998;50;0;0;0
1999;50;0;0;0
2000;50;0;0;0
2001;50;0;0;0
2002;50;0;0;0
2003;50;0;0;0
2004;50;0;0;0
2005;50;0;0;0
2006;50;0;0;0
2007;50;0;0;0
2008;50;0;0;0
2009;50;0;0;0
2010;50;0;0;0
2011;50;0;0;0
2012;50;0;0;0
2013;50;0;0;0
2014;50;0;0;0
2015;50;0;0;0
2016;50;0;0;0
2017;50;0;0;0
2018;50;0;0;0
2019;50;0;0;0
2020;50;0;0;0
2021;50;0;0;0
2022;50;0;0;0
2023;50;0;0;0
2024;50;0;0;0
2025;50;0;0;0
2026;50;0;0;0
2027;50;0;0;0
2028;50;0;0;0
2029;50;0;0;0
2030;50;0;0;0
2031;50;0;0;0
2032;50;0;0;0
2033;50;0;0;0
2034;50;0;0;0
2035;50;0;0;0
2036;50;0;0;0
2037;50;0;0;0
2038;50;0;0;0
2039;50;0;0;0
2040;50;0;0;0
2041;50;0;0;0
2042;50;0;0;0
2043;50;0;0;0
2044;50;0;0;0
2045;50;0;0;0
2046;50;0;0;0
2047;50;0;0;0
2048;50;0;0;0
2049;50;0;0;0
2050;50;0;0;0
2051;50;0;0;0
2052;50;0;0;0
2053;50;0;0;0
2054;50;0;0;0
2055;50;0;0;0
2056;50;0;0;0
2057;50;0;0;0
2058;50;0;0;0
2059;50;0;0;0
2060;50;0;0;0
2061;50;0;0;0
2062;50;0;0;0
2063;50;0;0;0
2064;50;0;0;0
2065;50;0;0;0
2066;50;0;0;0
2067;50;0;0;0
2068;50;0;0;0
2069;50;0;0;0
2070;50;0;0;0
2071;50;0;0;0
2072;50;0;0;0
2073;50;0;0;0
2074;50;0;0;0
2075;50;0;0;0
2076;50;0;0;0
2077;50;0;0;0
2078;50;0;0;0
2079;50;0;0;0
2080;50;0;0;0
2081;50;0;0;0
2082;50;0;0;0
2083;50;0;0;0
2084;50;0;0;0
2085;50;0;0;0
2086;50;0;0;0
2087;50;0;0;0
2088;50;0;0;0
2089;50;0;0;0
2090;50;0;0;0
2091;50;0;0;0
2092;50;0;0;0
2093;50;0;0;0
2094;50;0;0;0
2095;50;0;0;0
2096;50;0;0;0
2097;50;0;0;0
2098;50;0;0;0
2099;50;0;0;0
2100;50;0;0;0
2101;50;0;0;0
2102;50;0;0;0
2103;50;0;0;0
2104;50;0;0;0
2105;50;0;0;0
2106;50;0;0;0
2107;50;0;0;0
2108;50;0;0;0
2109;50;0;0;0
2110;50;0;0;0
2111;50;0;0;0
2112;50;0;0;0
2113;50;0;0;0
2114;50;0;0;0
2115;50;0;0;0
2116;50;0;0;0
2117;50;0;0;0
2118;50;0;0;0
2119;50;0;0;0
2120;50;0;0;0
2121;50;0;0;0
2122;50;0;0;0
2123;50;0;0;0
2124;50;0;0;0
2125;50;0;0;0
2126;50;0;0;0
2127;50;0;0;0
2128;50;0;0;0
2129;50;0;0;0
2130;50;0;0;0
2131;50;0;0;0
2132;50;0;0;0
2133;50;0;0;0
2134;50;0;0;0
2135;50;0;0;0
2136;50;0;0;0
2137;50;0;0;0
2138;50;0;0;0
2139;50;0;0;0
2140;50;0;0;0
2141;50;0;0;0
2142;50;0;0;0
2143;50;0;0;0
2144;50;0;0;0
2145;50;0;0;0
2146;50;0;0;0
2147;50;0;0;0
2148;50;0;0;0
2149;50;0;0;0
2150;50;0;0;0
2151;50;0;0;0
2152;50;0;0;0
2153;50;0;0;0
2154;50;0;0;0
2155;50;0;0;0
2156;50;0;0;0
2157;50;0;0;0
2158;50;0;0;0
2159;50;0;0;0
2160;50;0;0;0
2161;50;0;0;0
2162;50;0;0;0
2163;50;0;0;0
2164;50;0;0;0
2165;50;0;0;0
2166;50;0;0;0
2167;50;0;0;0
2168;50;0;0;0
2169;50;0;0;0
2170;50;0;0;0
2171;50;0;0;0
2172;50;0;0;0
2173;50;0;0;0
2174;50;0;0;0
2175;50;0;0;0
2176;50;0;0;0
2177;50;0;0;0
2178;50;0;0;0
2179;50;0;0;0
2180;50;0;0;0
2181;50;0;0;0
2182;50;0;0;0
2183;50;0;0;0
2184;50;0;0;0
2185;50;0;0;0
2186;50;0;0;0
2187;50;0;0;0
2188;50;0;0;0
2189;50;0;0;0
2190;50;0;0;0
2191;50;0;0;0
2192;50;0;0;0
2193;50;0;0;0
2194;50;0;0;0
2195;50;0;0;0
2196;50;0;0;0
2197;50;0;0;0
2198;50;0;0;0
2199;50;0;0;0
2200;50;0;0;0
2201;50;0;0;0
2202;50;0;0;0
2203;50;0;0;0
2204;50;0;0;0
2205;50;0;0;0
2206;50;0;0;0
2207;50;0;0;0
2208;50;0;0;0
2209;50;0;0;0
2210;50;0;0;0
2211;50;0;0;0
2212;50;0;0;0
2213;50;0;0;0
2214;50;0;0;0
2215;50;0;0;0
2216;50;0;0;0
2217;50;0;0;0
2218;50;0;0;0
2219;50;0;0;0
2220;50;0;0;0
2221;50;0;0;0
2222;50;0;0;0
2223;50;0;0;0
2224;50;0;0;0
2225;50;0;0;0
2226;50;0;0;0
2227;50;0;0;0
2228;50;0;0;0
2229;50;0;0;0
2230;50;0;0;0
2231;50;0;0;0
2232;50;0;0;0
2233;50;0;0;0
2234;50;0;0;0
2235;50;0;0;0
2236;50;0;0;0
2237;50;0;0;0
2238;50;0;0;0
2239;50;0;0;0
2240;50;0;0;0
2241;50;0;0;0
2242;50;0;0;0
2243;50;0;0;0
2244;50;0;0;0
2245;50;0;0;0
2246;50;0;0;0
2247;50;0;0;0
2248;50;0;0;0
2249;50;0;0;0
2250;50;0;0;0
2251;50;0;0;0
2252;50;0;0;0
2253;50;0;0;0
2254;50;0;0;0
2255;50;0;0;0
2256;50;0;0;0
2257;50;0;0;0
2258;50;0;0;0
2259;50;0;0;0
2260;50;0;0;0
2261;50;0;0;0
2262;50;0;0;0
2263;50;1;0;0
2264;50;1;0;0
2265;50;1;0;0
2266;50;1;0;0
2267;50;1;0;0
2268;50;1;0;0
2269;50;1;0;0
2270;50;1;0;0
2271;50;1;0;0
2272;50;1;0;0
2273;50;1;0;0
2274;50;1;0;0
2275;50;1;0;0
2276;50;1;0;0
2277;50;1;0;0
2278;50;1;0;0
2279;50;1;0;0
2280;50;1;0;0
2281;50;1;0;0
2282;50;1;0;0
2283;50;1;0;0
2284;50;2;0;0
2285;50;2;0;0
2286;50;2;0;0
2287;50;2;0;0
2288;50;2;0;0
2289;50;2;0;0
2290;50;2;0;0
2291;50;3;0;0
2292;50;3;0;0
2293;50;3;0;0
2294;50;3;0;0
2295;50;4;0;0
2296;50;4;0;0
2297;50;4;0;0
2298;50;4;0;0
2299;50;4;0;0
2300;50;4;0;0
2301;50;4;0;0
2302;50;4;0;0
2303;50;5;0;0
2304;50;5;0;0
2305;50;6;0;0
2306;50;6;0;0
2307;50;6;0;0
2308;50;6;0;0
2309;50;6;0;0
2310;50;6;0;0
2311;50;6;0;0
2312;50;6;0;0
2313;50;6;0;0
2314;50;6;0;0
2315;50;6;0;0
2316;50;6;0;0
2317;50;6;0;0
2318;50;6;0;0
2319;50;8;0;0
2320;50;8;0;0
2321;50;9;0;0
2322;50;9;0;0
2323;50;9;0;0
2324;50;9;0;0
2325;50;9;0;0
2326;50;9;0;0
2327;50;9;0;0
2328;50;9;0;0
2329;50;9;0;0
2330;50;9;0;0
2331;50;9;0;0
2332;50;9;0;0
2333;50;10;0;0
2334;50;10;0;0
2335;50;10;0;0
2336;50;10;0;0
2337;50;10;0;0
2338;50;12;0;0
2339;50;12;0;0
2340;50;13;0;0
2341;50;13;0;0
2342;50;14;0;0
2343;50;17;0;0
2344;50;18;0;0
2345;50;18;0;0
2346;50;18;0;0
2347;50;20;0;0
2348;50;21;0;0
2349;50;23;0;0
2350;50;24;0;0
2351;50;24;0;0
2352;50;27;0;0
2353;50;29;0;0
2354;50;29;0;0
2355;50;33;0;0
2356;50;35;0;0
2357;50;39;0;0
2358;50;40;0;0
2359;50;42;0;0
2360;50;43;0;0
2361;50;46;0;0
2362;50;48;0;0
2363;50;51;0;0
2364;50;51;0;0
2365;50;53;0;0
2366;50;53;0;0
2367;50;53;0;0
2368;50;57;0;0
2369;50;62;0;0
2370;50;66;0;0
2371;50;72;0;0
2372;50;75;0;0
2373;50;82;0;0
2374;50;87;0;0
2375;50;90;0;0
2376;50;95;0;0
2377;50;101;0;0
2378;50;115;0;0
2379;50;124;0;0
2380;50;135;0;0
2381;50;141;0;0
2382;50;149;0;0
2383;50;160;0;0
2384;50;176;0;0
2385;50;202;0;0
2386;50;227;0;0
2387;50;252;0;0
2388;50;275;0;0
2389;50;302;0;0
2390;50;329;0;0
2391;50;357;0;0
2392;50;384;0;0
2393;50;417;0;0
2394;50;457;0;0
2395;50;496;0;0
2396;50;540;0;0
2397;50;577;0;0
2398;50;618;0;0
2399;50;658;0;0
2400;50;699;0;0
2401;50;738;0;0
2402;50;780;0;0
2403;50;820;0;0
2404;50;861;0;0
2405;50;901;0;0
2406;50;938;0;0
2407;50;978;0;0
2408;50;1012;0;0
2409;50;1049;0;0
2410;50;1081;0;0
2411;50;1118;0;0
2412;50;1157;0;0
2413;50;1197;0;0
2414;50;1236;0;0
2415;50;1268;0;0
2416;50;1309;0;0
2417;50;1345;0;0
2418;50;1383;0;0
2419;50;1423;0;0
2420;50;1460;0;0
2421;50;1497;0;0
2422;50;1535;0;0
2423;50;1570;0;0
2424;50;1608;0;0
2425;50;1646;0;0
2426;50;1676;0;0
2427;50;1712;0;0
2428;50;1752;0;0
2429;50;1796;0;0
2430;50;1833;0;0
2431;50;1874;0;0
2432;50;1908;0;0
2433;50;1940;0;0
2434;50;1980;0;0
2435;50;2017;0;0
2436;50;2053;0;0
2437;50;2094;0;0
2438;50;2127;0;0
2439;50;2163;0;0
2440;50;2200;0;0
2441;50;2236;0;0
2442;50;2274;0;0
2443;50;2311;0;0
2444;50;2347;0;0
2445;50;2386;0;0
2446;50;2420;0;0
2447;50;2456;0;0
2448;50;2493;0;0
2449;50;2536;0;0
2450;50;2566;0;0
2451;50;2604;0;0
2452;50;2641;0;0
2453;50;2675;0;0
2454;50;2707;0;0
2455;50;2750;0;0
2456;50;2790;0;0
2457;50;2825;0;0
2458;50;2855;0;0
2459;50;2896;0;0
2460;50;2928;0;0
2461;50;2960;0;1
2462;50;2993;0;1
2463;50;3025;0;1
2464;50;3061;0;1
2465;50;3098;0;1
2466;50;3130;0;1
2467;50;3165;0;2
2468;50;3203;0;2
2469;50;3235;0;2
2470;50;3266;0;2
2471;50;3298;0;2
2472;50;3334;0;2
2473;50;3372;0;2
2474;50;3408;0;4
2475;50;3436;0;4
2476;50;3461;0;4
2477;50;3493;0;4
2478;50;3526;0;4
2479;50;3562;0;4
2480;50;3595;1;4
2481;50;3622;1;8
2482;50;3650;1;8
2483;50;3676;1;8
2484;50;3707;0;8
2485;50;3731;0;8
2486;50;3761;0;8
2487;50;3780;0;8
2488;50;3808;0;16
2489;50;3829;0;16
2490;50;3848;0;16
2491;50;3865;0;16
2492;50;3884;0;16
2493;50;3902;0;16
2494;50;3923;0;17
2495;50;3933;0;32
2496;50;3940;0;32
2497;50;3945;0;32
2498;50;3946;0;32
2499;50;3947;0;32
2500;50;3944;0;32
2501;50;3951;0;35
2502;50;3954;1;64
2503;50;3922;1;64
2504;50;3891;1;64
2505;50;3863;1;64
2506;50;3839;1;64
2507;50;3804;1;64
2508;50;3781;1;72
2509;50;3744;2;124
2510;50;3658;2;125
2511;50;3567;2;127
2512;50;3477;2;127
2513;50;3387;3;128
2514;50;3291;3;128
2515;50;3196;3;146
2516;50;3081;3;239
2517;50;2874;4;245
2518;50;2675;2;248
2519;50;2470;2;248
2520;50;2263;2;250
2521;50;2056;2;250
2522;50;1847;1;288
2523;50;1616;1;433
2524;50;1301;1;446
2525;50;1007;1;450
2526;50;737;0;452
2527;50;513;0;455
2528;50;330;0;457
2529;50;207;0;480
2530;50;116;0;534
2531;50;63;0;537
2532;50;33;0;537
2533;50;19;0;538
2534;50;12;0;539
2535;50;6;0;539
2536;50;1;0;539
2537;50;0;0;540
2538;50;0;0;540
2539;50;0;0;540
2540;50;0;0;540
2541;50;0;0;540
2542;50;0;0;540
2543;50;0;0;540
2544;50;0;0;540
2545;50;0;0;540
2546;50;0;0;540
2547;50;0;0;540
2548;50;0;0;540
2549;50;0;0;540
2550;50;0;0;540
2551;50;0;0;540
2552;50;0;0;540
2553;50;0;0;540
2554;50;0;0;540
2555;50;0;0;540
2556;50;0;0;540
2557;50;0;0;540
2558;50;0;0;540
2559;50;0;0;540
2560;50;0;0;540
2561;50;0;0;540
2562;50;0;0;540
2563;50;0;0;540
2564;50;0;0;540
2565;50;0;0;540
2566;50;0;0;540
2567;50;0;0;540
2568;50;0;0;540
2569;50;0;0;540
2570;50;0;0;540
2571;50;0;0;540
2572;50;0;0;540
2573;50;0;0;540
2574;50;0;0;540
2575;50;0;0;540
2576;50;0;0;540
2577;50;0;0;540
2578;50;0;0;540
2579;50;0;0;540
2580;50;0;0;540
2581;50;0;0;540
2582;50;0;0;540
2583;50;0;0;540
2584;50;0;0;540
2585;50;0;0;540
2586;50;0;0;540
2587;50;0;0;540
2588;50;0;0;540
2589;50;0;0;540
2590;50;0;0;540
2591;50;0;0;540
2592;50;0;0;540
2593;50;0;0;540
2594;50;0;0;540
2595;50;0;0;540
2596;50;0;0;540
2597;50;0;0;540
2598;50;0;0;540
2599;50;0;0;540
2600;50;0;0;540
2601;50;0;0;540
2602;50;0;0;540
2603;50;0;0;540
2604;50;0;0;540
2605;50;0;0;540
2606;50;0;0;540
2607;50;0;0;540
2608;50;0;0;540
2609;50;0;0;540
2610;50;0;0;540
2611;50;0;0;540
2612;50;0;0;540
2613;50;0;0;540
2614;50;0;0;540
2615;50;0;0;540
2616;50;0;0;539
2617;50;0;0;539
2618;50;0;0;539
2619;50;0;0;539
2620;50;0;0;539
2621;50;0;0;539
2622;50;0;0;533
2623;50;0;0;500
2624;50;0;0;494
2625;50;0;0;493
2626;50;0;0;492
2627;50;0;0;490
2628;50;0;0;487
2629;50;0;0;467
2630;50;0;0;414
2631;50;0;0;411
2632;50;0;0;411
2633;50;0;0;410
2634;50;0;0;409
2635;50;0;0;408
2636;50;0;0;400
2637;50;0;0;399
2638;50;0;0;399
2639;50;0;0;399
2640;50;0;0;398
2641;50;0;0;397
2642;50;0;0;396
2643;50;0;0;385
2644;50;0;0;385
2645;50;0;0;385
2646;50;0;0;385
2647;50;0;0;385
2648;50;0;0;385
2649;50;0;0;382
2650;50;0;0;382
2651;50;0;0;382
2652;50;0;0;382
2653;50;0;0;382
2654;50;0;0;382
2655;50;0;0;379
2656;50;0;0;371
2657;50;0;0;371
2658;50;0;0;371
2659;50;0;0;371
2660;50;0;0;371
2661;50;0;0;371
2662;50;0;0;368
2663;50;0;0;368
2664;50;0;0;368
2665;50;0;0;368
2666;50;0;0;368
2667;50;0;0;368
2668;50;0;0;367
2669;50;0;0;363
2670;50;0;0;363
2671;50;0;0;363
2672;50;0;0;363
2673;50;0;0;362
2674;50;0;0;362
2675;50;0;0;362
2676;50;0;0;361
2677;50;0;0;361
2678;50;0;0;361
2679;50;0;0;361
2680;50;0;0;361
2681;50;0;0;361
2682;50;0;0;360
2683;50;0;0;350
2684;50;0;0;350
2685;50;0;0;349
2686;50;0;0;349
2687;50;0;0;349
2688;50;0;0;347
2689;50;0;0;344
2690;50;0;0;344
2691;50;0;0;344
2692;50;0;0;344
2693;50;0;0;344
2694;50;0;0;344
2695;50;0;0;343
2696;50;0;0;334
2697;50;0;0;333
2698;50;0;0;333
2699;50;0;0;333
2700;50;0;0;331
2701;50;0;0;331
2702;50;0;0;327
2703;50;0;0;321
2704;50;0;0;321
2705;50;0;0;321
2706;50;0;0;321
2707;50;0;0;321
2708;50;0;0;320
2709;50;0;0;315
2710;50;0;0;315
2711;50;0;0;315
2712;50;0;0;315
2713;50;0;0;315
2714;50;0;0;314
2715;50;0;0;310
2716;50;0;0;306
2717;50;0;0;306
2718;50;0;0;306
2719;50;0;0;306
2720;50;0;0;306
2721;50;0;0;304
2722;50;0;0;303
2723;50;0;0;303
2724;50;0;0;303
2725;50;0;0;303
2726;50;0;0;303
2727;50;0;0;303
2728;50;0;0;301
2729;50;0;0;299
2730;50;0;0;299
2731;50;0;0;299
2732;50;0;0;299
2733;50;0;0;299
2734;50;0;0;299
2735;50;0;0;298
2736;50;0;0;298
2737;50;0;0;298
2738;50;0;0;298
2739;50;0;0;298
2740;50;0;0;298
2741;50;0;0;298
2742;50;0;0;295
2743;50;0;0;284
2744;50;0;0;284
2745;50;0;0;283
2746;50;0;0;283
2747;50;0;0;283
2748;50;0;0;283
2749;50;0;0;280
2750;50;0;0;280
2751;50;0;0;280
2752;50;0;0;280
2753;50;0;0;280
2754;50;0;0;280
2755;50;0;0;280
2756;50;0;0;273
2757;50;0;0;273
2758;50;0;0;273
2759;50;0;0;273
2760;50;0;0;273
2761;50;0;0;273
2762;50;0;0;270
2763;50;0;0;264
2764;50;0;0;264
2765;50;0;0;264
2766;50;0;0;264
2767;50;0;0;264
2768;50;0;0;262
2769;50;0;0;259
2770;50;0;0;258
2771;50;0;0;258
2772;50;0;0;258
2773;50;0;0;258
2774;50;0;0;258
2775;50;0;0;257
2776;50;0;0;254
2777;50;0;0;254
2778;50;0;0;254
2779;50;0;0;254
2780;50;0;0;254
2781;50;0;0;254
2782;50;0;0;252
2783;50;0;0;252
2784;50;0;0;252
2785;50;0;0;252
2786;50;0;0;252
2787;50;0;0;252
2788;50;0;0;250
2789;50;0;0;248
2790;50;0;0;248
2791;50;0;0;248
2792;50;0;0;248
2793;50;0;0;248
2794;50;0;0;247
2795;50;0;0;244
2796;50;0;0;242
2797;50;0;0;242
2798;50;0;0;241
2799;50;0;0;241
2800;50;0;0;241
2801;50;0;0;241
2802;50;0;0;232
2803;50;0;0;213
2804;50;0;0;211
2805;50;0;0;210
2806;50;0;0;210
2807;50;0;0;208
2808;50;0;0;208
2809;50;0;0;206
2810;50;0;0;206
2811;50;0;0;206
2812;50;0;0;206
2813;50;0;0;206
2814;50;0;0;206
2815;50;0;0;204
2816;50;0;0;192
2817;50;0;0;192
2818;50;0;0;191
2819;50;0;0;191
2820;50;0;0;191
2821;50;0;0;189
2822;50;0;0;185
2823;50;0;0;184
2824;50;0;0;184
2825;50;0;0;184
2826;50;0;0;184
2827;50;0;0;184
2828;50;0;0;184
2829;50;0;0;177
2830;50;0;0;177
2831;50;0;0;176
2832;50;0;0;176
2833;50;0;0;176
2834;50;0;0;176
2835;50;0;0;175
2836;50;0;0;175
2837;50;0;0;175
2838;50;0;0;175
2839;50;0;0;175
2840;50;0;0;175
2841;50;0;0;175
2842;50;0;0;173
2843;50;0;0;173
2844;50;0;0;173
2845;50;0;0;173
2846;50;0;0;173
2847;50;0;0;173
2848;50;0;0;172
2849;50;0;0;172
2850;50;0;0;172
2851;50;0;0;172
2852;50;0;0;172
2853;50;0;0;172
2854;50;0;0;172
2855;50;0;0;171
2856;50;0;0;170
2857;50;0;0;169
2858;50;0;0;169
2859;50;0;0;169
2860;50;0;0;169
2861;50;0;0;168
2862;50;0;0;162
2863;50;0;0;150
2864;50;0;0;148
2865;50;0;0;148
2866;50;0;0;147
2867;50;0;0;147
2868;50;0;0;146
2869;50;0;0;145
2870;50;0;0;145
2871;50;0;0;145
2872;50;0;0;145
2873;50;0;0;145
2874;50;0;0;145
2875;50;0;0;144
2876;50;0;0;135
2877;50;0;0;132
2878;50;0;0;132
2879;50;0;0;132
2880;50;0;0;132
2881;50;0;0;132
2882;50;0;0;130
2883;50;0;0;130
2884;50;0;0;130
2885;50;0;0;130
2886;50;0;0;130
2887;50;0;0;130
2888;50;0;0;130
2889;50;0;0;125
2890;50;0;0;125
2891;50;0;0;125
2892;50;0;0;125
2893;50;0;0;125
2894;50;0;0;125
2895;50;0;0;124
2896;50;0;0;124
2897;50;0;0;124
2898;50;0;0;124
2899;50;0;0;124
2900;50;0;0;124
2901;50;0;0;124
2902;50;0;0;123
2903;50;0;0;123
2904;50;0;0;123
2905;50;0;0;123
2906;50;0;0;123
2907;50;0;0;123
2908;50;0;0;123
2909;50;0;0;123
2910;50;0;0;123
2911;50;0;0;123
2912;50;0;0;123
2913;50;0;0;123
2914;50;0;0;123
2915;50;0;0;119
2916;50;0;0;118
2917;50;0;0;118
2918;50;0;0;118
2919;50;0;0;118
2920;50;0;0;118
2921;50;0;0;117
2922;50;0;0;114
2923;50;0;0;95
2924;50;0;0;95
2925;50;0;0;95
2926;50;0;0;95
2927;50;0;0;95
2928;50;0;0;94
2929;50;0;0;90
2930;50;0;0;89
2931;50;0;0;89
2932;50;0;0;89
2933;50;0;0;89
2934;50;0;0;89
2935;50;0;0;85
2936;50;0;0;73
2937;50;0;0;73
2938;50;0;0;73
2939;50;0;0;73
2940;50;0;0;73
2941;50;0;0;73
2942;50;0;0;71
2943;50;0;0;71
2944;50;0;0;71
2945;50;0;0;71
2946;50;0;0;71
2947;50;0;0;71
2948;50;0;0;70
2949;50;0;0;65
2950;50;0;0;65
2951;50;0;0;65
2952;50;0;0;65
2953;50;0;0;65
2954;50;0;0;65
2955;50;0;0;65
2956;50;0;0;65
2957;50;0;0;65
2958;50;0;0;65
2959;50;0;0;65
2960;50;0;0;65
2961;50;0;0;65
2962;50;0;0;60
2963;50;0;0;60
2964;50;0;0;60
2965;50;0;0;60
2966;50;0;0;60
2967;50;0;0;60
2968;50;0;0;60
2969;50;0;0;60
2970;50;0;0;60
2971;50;0;0;60
2972;50;0;0;60
2973;50;0;0;60
2974;50;0;0;60
2975;50;0;0;59
2976;50;0;0;55
2977;50;0;0;54
2978;50;0;0;53
2979;50;0;0;53
2980;50;0;0;53
2981;50;0;0;53
2982;50;0;0;50
2983;50;0;0;36
2984;50;0;0;33
2985;50;0;0;33
2986;50;0;0;33
2987;50;0;0;33
2988;50;0;0;32
2989;50;0;0;31
2990;50;0;0;31
2991;50;0;0;30
2992;50;0;0;30
2993;50;0;0;30
2994;50;0;0;30
2995;50;0;0;26
2996;50;0;0;15
2997;50;0;0;15
2998;50;0;0;15
2999;50;0;0;15
3000;50;0;0;15
3001;50;0;0;15
3002;50;0;0;11
3003;50;0;0;6
3004;50;0;0;6
3005;50;0;0;6
3006;50;0;0;6
3007;50;0;0;6
3008;50;0;0;6
3009;50;0;0;1
3010;50;0;0;1
3011;50;0;0;1
3012;50;0;0;1
3013;50;0;0;1
3014;50;0;0;1
3015;50;0;0;1
3016;50;0;0;0
3017;50;0;0;0
3018;50;0;3;0
3019;50;0;4;0
3020;50;0;5;0
3021;50;0;5;0
3022;50;0;5;0
3023;50;0;5;0
3024;50;0;5;0
3025;50;0;5;0
3026;50;0;5;0
3027;50;0;5;0
3028;50;0;5;0
3029;50;0;5;0
3030;50;0;5;0
3031;50;0;5;0
3032;50;0;6;0
3033;50;0;6;0
3034;50;0;6;0
3035;50;0;7;0
3036;50;0;7;0
3037;50;0;7;0
3038;50;0;7;0
3039;50;0;7;0
3040;50;0;8;0
3041;50;0;8;0
3042;50;0;11;0
3043;50;0;12;0
3044;50;0;12;0
3045;50;0;12;0
3046;50;0;13;0
3047;50;0;14;0
3048;50;0;15;0
3049;50;0;16;0
3050;50;0;19;0
3051;50;0;20;0
3052;50;0;22;0
3053;50;0;26;0
3054;50;0;37;0
3055;50;0;43;0
3056;50;0;50;0
3057;50;0;59;0
3058;50;0;68;0
3059;50;0;79;0
3060;50;0;92;0
3061;50;0;105;0
3062;50;0;127;0
3063;50;0;147;0
3064;50;0;157;0
3065;50;0;176;0
3066;50;0;207;0
3067;50;0;234;0
3068;50;0;253;0
3069;50;0;278;0
3070;50;0;302;0
3071;50;0;328;0
3072;50;0;350;0
3073;50;0;383;0
3074;50;0;406;0
3075;50;0;434;0
3076;50;0;466;0
3077;50;0;494;0
3078;50;0;519;0
3079;50;0;544;0
3080;50;0;574;0
3081;50;0;601;0
3082;50;0;629;0
3083;50;0;659;0
3084;50;0;684;0
3085;50;0;711;0
3086;50;0;738;0
3087;50;0;768;0
3088;50;0;790;0
3089;50;0;814;0
3090;50;0;842;0
3091;50;0;875;0
3092;50;0;899;0
3093;50;0;935;0
3094;50;0;964;0
3095;50;0;993;0
3096;50;0;1020;0
3097;50;0;1046;0
3098;50;0;1070;0
3099;50;0;1090;0
3100;50;0;1121;0
3101;50;0;1151;0
3102;50;0;1179;0
3103;50;0;1201;0
3104;50;0;1232;0
3105;50;0;1256;0
3106;50;0;1286;0
3107;50;0;1314;0
3108;50;0;1341;0
3109;50;0;1366;0
3110;50;0;1393;0
3111;50;0;1414;0
3112;50;0;1442;0
3113;50;0;1463;0
3114;50;0;1492;0
3115;50;0;1514;0
3116;50;0;1542;0
3117;50;0;1572;0
3118;50;0;1592;0
3119;50;0;1621;0
3120;50;0;1649;0
3121;50;0;1674;0
3122;50;0;1697;0
3123;50;0;1729;0
3124;50;0;1759;0
3125;50;0;1790;0
3126;50;0;1813;0
3127;50;0;1837;0
3128;50;0;1869;0
3129;50;0;1896;0
3130;50;0;1925;0
3131;50;0;1954;0
3132;50;0;1981;0
3133;50;0;2001;0
3134;50;0;2033;0
3135;50;0;2061;0
3136;50;0;2093;0
3137;50;0;2122;0
3138;50;0;2146;0
3139;50;0;2173;0
3140;50;0;2201;0
3141;50;0;2231;0
3142;50;0;2257;0
3143;50;0;2279;0
3144;50;0;2305;0
3145;50;0;2333;0
3146;50;0;2364;0
3147;50;0;2389;0
3148;50;0;2416;0
3149;50;0;2440;0
3150;50;0;2467;0
3151;50;0;2496;0
3152;50;0;2519;0
3153;50;0;2548;0
3154;50;0;2577;0
3155;50;0;2600;0
3156;50;0;2626;0
3157;50;0;2648;0
3158;50;0;2673;0
3159;50;0;2703;0
3160;50;0;2731;0
3161;50;0;2752;0
3162;50;0;2773;0
3163;50;0;2798;0
3164;50;0;2819;0
3165;50;0;2842;0
3166;50;0;2866;0
3167;50;0;2887;0
3168;50;0;2912;0
3169;50;0;2939;0
3170;50;0;2959;0
3171;50;0;2981;0
3172;50;0;3004;1
3173;50;0;3025;1
3174;50;0;3054;1
3175;50;0;3074;1
3176;50;0;3094;1
3177;50;0;3118;1
3178;50;0;3145;2
3179;50;0;3169;2
3180;50;0;3189;2
3181;50;0;3214;2
3182;50;0;3242;2
3183;50;0;3267;2
3184;50;0;3298;2
3185;50;0;3317;4
3186;50;0;3339;4
3187;50;0;3354;4
3188;50;0;3376;4
3189;50;0;3394;4
3190;50;0;3417;4
3191;50;0;3438;4
3192;50;0;3460;8
3193;50;0;3473;8
3194;50;0;3493;8
3195;50;0;3517;8
3196;50;0;3537;8
3197;50;0;3553;8
3198;50;0;3572;8
3199;50;0;3584;16
3200;50;0;3592;16
3201;50;0;3602;16
3202;50;0;3616;16
3203;50;0;3618;16
3204;50;0;3626;16
3205;50;0;3638;17
3206;50;0;3645;31
3207;50;0;3637;32
3208;50;0;3631;32
3209;50;0;3618;32
3210;50;0;3614;32
3211;50;0;3609;32
3212;50;0;3602;35
3213;50;0;3593;61
3214;50;0;3558;63
3215;50;0;3519;63
3216;50;0;3479;63
3217;50;0;3443;63
3218;50;0;3406;64
3219;50;0;3369;72
3220;50;0;3325;118
3221;50;0;3233;123
3222;50;0;3133;124
3223;50;0;3037;124
3224;50;0;2939;124
3225;50;0;2843;125
3226;50;0;2745;145
3227;50;0;2626;227
3228;50;0;2427;240
3229;50;0;2214;243
3230;50;0;2010;244
3231;50;0;1816;245
3232;50;0;1624;247
3233;50;0;1444;286
3234;50;0;1257;383
3235;50;0;1035;400
3236;50;0;837;402
3237;50;0;666;407
3238;50;0;508;411
3239;50;0;366;412
3240;50;0;256;437
3241;50;0;180;474
3242;50;0;115;480
3243;50;0;74;481
3244;50;0;50;483
3245;50;0;35;483
3246;50;0;19;483
3247;50;0;8;485
3248;50;0;0;487
3249;50;0;0;487
3250;50;0;0;487
3251;50;0;0;487
3252;50;0;0;487
3253;50;0;0;487
3254;50;0;0;487
3255;50;0;0;487
3256;50;0;0;487
3257;50;0;0;487
3258;50;0;0;487
3259;50;0;0;487
3260;50;0;0;487
3261;50;0;0;487
3262;50;0;0;487
3263;50;0;0;487
3264;50;0;0;487
3265;50;0;0;487
3266;50;0;0;487
3267;50;0;0;487
3268;50;0;0;487
3269;50;0;0;487
3270;50;0;0;487
3271;50;0;0;487
3272;50;0;0;487
3273;50;0;0;487
3274;50;0;0;487
3275;50;0;0;487
3276;50;0;0;487
3277;50;0;0;487
3278;50;0;0;487
3279;50;0;0;487
3280;50;0;0;487
3281;50;0;0;487
3282;50;0;0;487
3283;50;0;0;487
3284;50;0;0;487
3285;50;0;0;487
3286;50;0;0;487
3287;50;0;0;487
3288;50;0;0;487
3289;50;0;0;487
3290;50;0;0;487
3291;50;0;0;487
3292;50;0;0;487
3293;50;0;0;487
3294;50;0;0;487
3295;50;0;0;487
3296;50;0;0;487
3297;50;0;0;487
3298;50;0;0;487
3299;50;0;0;487
3300;50;0;0;487
3301;50;0;0;487
3302;50;0;0;487
3303;50;0;0;487
3304;50;0;0;487
3305;50;0;0;487
3306;50;0;0;487
3307;50;0;0;487
3308;50;0;0;487
3309;50;0;0;487
3310;50;0;0;487
3311;50;0;0;487
3312;50;0;0;487
3313;50;0;0;487
3314;50;0;0;487
3315;50;0;0;487
3316;50;0;0;487
3317;50;0;0;487
3318;50;0;0;487
3319;50;0;0;487
3320;50;0;0;487
3321;50;0;0;487
3322;50;0;0;487
3323;50;0;0;487
3324;50;0;0;487
3325;50;0;0;487
3326;50;0;0;487
3327;50;0;0;485
3328;50;0;0;485
3329;50;0;0;485
3330;50;0;0;485
3331;50;0;0;485
3332;50;0;0;485
3333;50;0;0;475
3334;50;0;0;441
3335;50;0;0;436
3336;50;0;0;436
3337;50;0;0;433
3338;50;0;0;431
3339;50;0;0;431
3340;50;0;0;411
3341;50;0;0;380
3342;50;0;0;374
3343;50;0;0;373
3344;50;0;0;371
3345;50;0;0;371
3346;50;0;0;364
3347;50;0;0;355
3348;50;0;0;351
3349;50;0;0;351
3350;50;0;0;351
3351;50;0;0;351
3352;50;0;0;351
3353;50;0;0;348
3354;50;0;0;346
3355;50;0;0;346
3356;50;0;0;346
3357;50;0;0;346
3358;50;0;0;345
3359;50;0;0;343
3360;50;0;0;339
3361;50;0;0;337
3362;50;0;0;337
3363;50;0;0;337
3364;50;0;0;337
3365;50;0;0;337
3366;50;0;0;335
3367;50;0;0;332
3368;50;0;0;332
3369;50;0;0;332
3370;50;0;0;332
3371;50;0;0;332
3372;50;0;0;331
3373;50;0;0;327
3374;50;0;0;326
3375;50;0;0;326
3376;50;0;0;326
3377;50;0;0;326
3378;50;0;0;326
3379;50;0;0;325
3380;50;0;0;321
3381;50;0;0;321
3382;50;0;0;321
3383;50;0;0;321
3384;50;0;0;321
3385;50;0;0;321
3386;50;0;0;321
3387;50;0;0;321
3388;50;0;0;320
3389;50;0;0;320
3390;50;0;0;320
3391;50;0;0;320
3392;50;0;0;320
3393;50;0;0;311
3394;50;0;0;297
3395;50;0;0;294
3396;50;0;0;294
3397;50;0;0;293
3398;50;0;0;292
3399;50;0;0;289
3400;50;0;0;287
3401;50;0;0;283
3402;50;0;0;283
3403;50;0;0;283
3404;50;0;0;283
3405;50;0;0;283
3406;50;0;0;280
3407;50;0;0;274
3408;50;0;0;274
3409;50;0;0;274
3410;50;0;0;274
3411;50;0;0;274
3412;50;0;0;274
3413;50;0;0;274
3414;50;0;0;266
3415;50;0;0;266
3416;50;0;0;266
3417;50;0;0;266
3418;50;0;0;266
3419;50;0;0;265
3420;50;0;0;258
3421;50;0;0;258
3422;50;0;0;258
3423;50;0;0;258
3424;50;0;0;258
3425;50;0;0;258
3426;50;0;0;258
3427;50;0;0;256
3428;50;0;0;255
3429;50;0;0;255
3430;50;0;0;255
3431;50;0;0;255
3432;50;0;0;252
3433;50;0;0;250
3434;50;0;0;250
3435;50;0;0;250
3436;50;0;0;250
3437;50;0;0;250
3438;50;0;0;250
3439;50;0;0;250
3440;50;0;0;248
3441;50;0;0;247
3442;50;0;0;247
3443;50;0;0;247
3444;50;0;0;247
3445;50;0;0;247
3446;50;0;0;247
3447;50;0;0;245
3448;50;0;0;244
3449;50;0;0;244
3450;50;0;0;244
3451;50;0;0;244
3452;50;0;0;243
3453;50;0;0;241
3454;50;0;0;232
3455;50;0;0;231
3456;50;0;0;231
3457;50;0;0;231
3458;50;0;0;231
3459;50;0;0;230
3460;50;0;0;229
3461;50;0;0;228
3462;50;0;0;228
3463;50;0;0;228
3464;50;0;0;228
3465;50;0;0;228
3466;50;0;0;224
3467;50;0;0;217
3468;50;0;0;217
3469;50;0;0;217
3470;50;0;0;217
3471;50;0;0;217
3472;50;0;0;217
3473;50;0;0;215
3474;50;0;0;210
3475;50;0;0;210
3476;50;0;0;210
3477;50;0;0;210
3478;50;0;0;210
3479;50;0;0;209
3480;50;0;0;206
3481;50;0;0;205
3482;50;0;0;205
3483;50;0;0;205
3484;50;0;0;205
3485;50;0;0;205
3486;50;0;0;204
3487;50;0;0;202
3488;50;0;0;202
3489;50;0;0;202
3490;50;0;0;202
3491;50;0;0;202
3492;50;0;0;202
3493;50;0;0;200
3494;50;0;0;199
3495;50;0;0;199
3496;50;0;0;199
3497;50;0;0;199
3498;50;0;0;199
3499;50;0;0;199
3500;50;0;0;198
3501;50;0;0;198
3502;50;0;0;198
3503;50;0;0;198
3504;50;0;0;198
3505;50;0;0;197
3506;50;0;0;196
3507;50;0;0;187
3508;50;0;0;187
3509;50;0;0;186
3510;50;0;0;186
3511;50;0;0;186
3512;50;0;0;185
3513;50;0;0;182
3514;50;0;0;177
3515;50;0;0;175
3516;50;0;0;175
3517;50;0;0;175
3518;50;0;0;174
3519;50;0;0;173
3520;50;0;0;171
3521;50;0;0;171
3522;50;0;0;171
3523;50;0;0;171
3524;50;0;0;171
3525;50;0;0;171
3526;50;0;0;169
3527;50;0;0;165
3528;50;0;0;162
3529;50;0;0;161
3530;50;0;0;161
3531;50;0;0;160
3532;50;0;0;159
3533;50;0;0;156
3534;50;0;0;155
3535;50;0;0;155
3536;50;0;0;155
3537;50;0;0;155
3538;50;0;0;155
3539;50;0;0;154
3540;50;0;0;151
3541;50;0;0;151
3542;50;0;0;151
3543;50;0;0;151
3544;50;0;0;151
3545;50;0;0;151
3546;50;0;0;150
3547;50;0;0;150
3548;50;0;0;150
3549;50;0;0;150
3550;50;0;0;150
3551;50;0;0;150
3552;50;0;0;149
3553;50;0;0;149
3554;50;0;0;149
3555;50;0;0;149
3556;50;0;0;149
3557;50;0;0;149
3558;50;0;0;148
3559;50;0;0;147
3560;50;0;0;146
3561;50;0;0;146
3562;50;0;0;146
3563;50;0;0;146
3564;50;0;0;146
3565;50;0;0;146
3566;50;0;0;144
3567;50;0;0;141
3568;50;0;0;139
3569;50;0;0;138
3570;50;0;0;138
3571;50;0;0;138
3572;50;0;0;138
3573;50;0;0;136
3574;50;0;0;130
3575;50;0;0;128
3576;50;0;0;126
3577;50;0;0;126
3578;50;0;0;126
3579;50;0;0;126
3580;50;0;0;125
3581;50;0;0;125
3582;50;0;0;125
3583;50;0;0;125
3584;50;0;0;125
3585;50;0;0;124
3586;50;0;0;121
3587;50;0;0;115
3588;50;0;0;115
3589;50;0;0;115
3590;50;0;0;115
3591;50;0;0;115
3592;50;0;0;115
3593;50;0;0;112
3594;50;0;0;112
3595;50;0;0;112
3596;50;0;0;112
3597;50;0;0;112
3598;50;0;0;112
3599;50;0;0;110
3600;50;0;0;110
3601;50;0;0;109
3602;50;0;0;109
3603;50;0;0;109
3604;50;0;0;109
3605;50;0;0;108
3606;50;0;0;108
3607;50;0;0;108
3608;50;0;0;108
3609;50;0;0;108
3610;50;0;0;108
3611;50;0;0;108
3612;50;0;0;108
3613;50;0;0;107
3614;50;0;0;107
3615;50;0;0;107
3616;50;0;0;107
3617;50;0;0;107
3618;50;0;0;107
3619;50;0;0;107
3620;50;0;0;107
3621;50;0;0;107
3622;50;0;0;107
3623;50;0;0;107
3624;50;0;0;107
3625;50;0;0;107
3626;50;0;0;106
3627;50;0;0;99
3628;50;0;0;98
3629;50;0;0;98
3630;50;0;0;98
3631;50;0;0;98
3632;50;0;0;98
3633;50;0;0;96
3634;50;0;0;93
3635;50;0;0;91
3636;50;0;0;91
3637;50;0;0;91
3638;50;0;0;91
3639;50;0;0;91
3640;50;0;0;84
3641;50;0;0;84
3642;50;0;0;84
3643;50;0;0;84
3644;50;0;0;84
3645;50;0;0;83
3646;50;0;0;82
3647;50;0;0;73
3648;50;0;0;72
3649;50;0;0;72
3650;50;0;0;72
3651;50;0;0;72
3652;50;0;0;72
3653;50;0;0;68
3654;50;0;0;66
3655;50;0;0;65
3656;50;0;0;65
3657;50;0;0;65
3658;50;0;0;65
3659;50;0;0;64
3660;50;0;0;61
3661;50;0;0;61
3662;50;0;0;61
3663;50;0;0;61
3664;50;0;0;61
3665;50;0;0;61
3666;50;0;0;60
3667;50;0;0;60
3668;50;0;0;60
3669;50;0;0;60
3670;50;0;0;60
3671;50;0;0;60
3672;50;0;0;59
3673;50;0;0;55
3674;50;0;0;55
3675;50;0;0;55
3676;50;0;0;55
3677;50;0;0;55
3678;50;0;0;55
3679;50;0;0;54
3680;50;0;0;54
3681;50;0;0;54
3682;50;0;0;54
3683;50;0;0;54
3684;50;0;0;54
3685;50;0;0;54
3686;50;0;0;54
3687;50;0;0;44
3688;50;0;0;43
3689;50;0;0;43
3690;50;0;0;42
3691;50;0;0;42
3692;50;0;0;42
3693;50;0;0;39
3694;50;0;0;31
3695;50;0;0;30
3696;50;0;0;30
3697;50;0;0;29
3698;50;0;0;29
3699;50;0;0;29
3700;50;0;0;24
3701;50;0;0;23
3702;50;0;0;22
3703;50;0;0;22
3704;50;0;0;22
3705;50;0;0;22
3706;50;0;0;19
3707;50;0;0;14
3708;50;0;0;14
3709;50;0;0;14
3710;50;0;0;14
3711;50;0;0;14
3712;50;0;0;14
3713;50;0;0;11
3714;50;0;0;7
3715;50;0;0;7
3716;50;0;0;7
3717;50;0;0;7
3718;50;0;0;7
3719;50;0;0;7
3720;50;0;0;2
3721;50;0;0;1
3722;50;0;0;1
3723;50;0;0;1
3724;50;0;0;1
3725;50;0;0;1
3726;50;0;0;1
3727;50;0;0;0
3728;50;0;0;0
3729;50;0;0;0
3730;50;0;0;0
3731;50;0;0;0
3732;50;0;0;0
3733;50;0;0;0
3734;50;0;0;0
3735;50;0;0;0
3736;50;0;0;0
3737;50;0;0;0
3738;50;0;0;0
3739;50;0;0;0
3740;50;0;0;0
3741;50;0;0;0
3742;50;0;0;0
3743;50;0;0;0
3744;50;0;0;0
3745;50;0;0;0
3746;50;0;0;0
3747;50;0;0;0
3748;50;0;0;0
3749;50;0;0;0
3750;50;0;0;0
3751;50;0;0;0
3752;50;0;0;0
3753;50;0;0;0
3754;50;0;0;0
3755;50;0;0;0
3756;50;0;0;0
3757;50;0;0;0
3758;50;0;0;0
3759;50;0;0;0
3760;50;0;0;0
3761;50;0;0;0
3762;50;0;0;0
3763;50;0;0;0
3764;50;0;0;0
3765;50;0;0;0
3766;50;0;0;0
3767;50;0;0;0
3768;50;0;0;0
3769;50;0;0;0
3770;50;0;0;0
3771;50;0;0;0
3772;50;0;0;0
3773;50;0;0;0
3774;50;0;0;0
3775;50;0;0;0
3776;50;0;0;0
3777;50;0;0;0
3778;50;0;0;0
3779;50;0;0;0
3780;50;0;0;0
3781;50;0;0;0
3782;50;0;0;0
3783;50;0;0;0
3784;50;0;0;0
3785;50;0;0;0
3786;50;0;0;0
3787;50;0;0;0
3788;50;0;0;0
3789;50;0;0;0
3790;50;0;0;0
3791;50;0;0;0
3792;50;0;0;0
3793;50;0;0;0
3794;50;0;0;0
3795;50;0;0;0
3796;50;0;0;0
3797;50;0;0;0
3798;50;0;0;0
3799;50;0;0;0
3800;50;0;0;0
3801;50;0;0;0
3802;50;0;0;0
3803;50;0;0;0
3804;50;0;0;0
3805;50;0;0;0
3806;50;0;0;0
3807;50;0;0;0
3808;50;0;0;0
3809;50;0;0;0
3810;50;0;0;0
3811;50;0;0;0
3812;50;0;0;0
3813;50;0;0;0
3814;50;0;0;0
3815;50;0;0;0
3816;50;0;0;0
3817;50;0;0;0
3818;50;0;0;0
3819;50;0;0;0
3820;50;0;0;0
3821;50;0;0;0
3822;50;0;0;0
3823;50;0;0;0
3824;50;0;0;0
3825;50;0;0;0
3826;50;0;0;0
3827;50;0;0;0
3828;50;0;0;0
3829;50;0;0;0
3830;50;0;0;0
3831;50;0;0;0
3832;50;0;0;0
3833;50;0;0;0
3834;50;0;0;0
3835;50;0;0;0
3836;50;0;0;0
3837;50;0;0;0
3838;50;0;0;0
3839;50;0;0;0
3840;50;0;0;0
3841;50;0;0;0
3842;50;0;0;0
3843;50;0;0;0
3844;50;0;0;0
3845;50;0;0;0
3846;50;0;0;0
3847;50;0;0;0
3848;50;0;0;0
3849;50;0;0;0
3850;50;0;0;0
3851;50;0;0;0
3852;50;0;0;0
3853;50;0;0;0
3854;50;0;0;0
3855;50;0;0;0
3856;50;0;0;0
3857;50;0;0;0
3858;50;0;0;0
3859;50;0;0;0
3860;50;0;0;0
3861;50;0;0;0
3862;50;0;0;0
3863;50;0;0;0
3864;50;0;0;0
3865;50;0;0;0
3866;50;0;0;0
3867;50;0;0;0
3868;50;0;0;0
3869;50;0;0;0
3870;50;0;0;0
3871;50;0;0;0
3872;50;0;0;0
3873;50;0;0;0
3874;50;0;0;0
3875;50;0;0;0
3876;50;0;0;0
3877;50;0;0;0
3878;50;0;0;0
3879;50;0;0;0
3880;50;0;0;0
3881;50;0;0;0
3882;50;0;0;0
3883;50;0;0;0
3884;50;0;0;0
3885;50;0;0;0
3886;50;0;0;0
3887;50;0;0;0
3888;50;0;0;0
3889;50;0;0;0
3890;50;0;0;0
3891;50;0;0;0
3892;50;0;0;0
3893;50;0;0;0
3894;50;0;0;0
3895;50;0;0;0
3896;50;0;0;0
3897;50;0;0;0
3898;50;0;0;0
3899;50;0;0;0
3900;50;0;0;0
3901;50;0;0;0
3902;50;0;0;0
3903;50;0;0;0
3904;50;0;0;0
3905;50;0;0;1
3906;50;0;0;1
3907;50;0;0;1
3908;50;0;0;1
3909;50;0;0;1
3910;50;0;0;1
3911;50;0;0;1
3912;50;0;0;1
3913;50;0;0;1
3914;50;0;0;1
3915;50;0;0;1
3916;50;0;0;1
3917;50;0;0;1
3918;50;0;0;1
3919;50;0;0;1
3920;50;0;0;1
3921;50;0;0;1
3922;50;0;0;1
3923;50;0;0;1
3924;50;0;0;1
3925;50;0;0;1
3926;50;0;0;1
3927;50;0;0;1
3928;50;0;0;1
3929;50;0;0;1
3930;50;0;0;1
3931;50;0;0;1
3932;50;0;0;1
3933;50;0;0;1
3934;50;0;0;1
3935;50;0;0;1
3936;50;0;0;1
3937;50;0;0;1
3938;50;0;0;1
3939;50;0;0;1
3940;50;0;0;1
3941;50;0;0;1
3942;50;0;0;1
3943;50;0;0;1
3944;50;0;0;1
3945;50;0;0;1
3946;50;0;0;1
3947;50;0;0;1
3948;50;0;0;1
3949;50;0;0;1
3950;50;0;0;1
3951;50;0;0;1
3952;50;0;0;1
3953;50;0;0;1
3954;50;0;0;1
3955;50;0;0;1
3956;50;0;0;1
3957;50;0;0;1
3958;50;0;0;1
3959;50;0;0;1
3960;50;0;0;1
3961;50;0;0;1
3962;50;0;0;1
3963;50;0;0;1
3964;50;0;0;1
3965;50;0;0;1
3966;50;0;0;1
3967;50;0;0;1
3968;50;0;0;1
3969;50;0;0;1
3970;50;0;0;1
3971;50;0;0;1
3972;50;0;0;1
3973;50;0;0;1
3974;50;0;0;1
3975;50;0;0;1
3976;50;0;0;1
3977;50;0;0;1
3978;50;0;0;1
3979;50;0;0;1
3980;50;0;0;1
3981;50;0;0;1
3982;50;0;0;1
3983;50;0;0;1
3984;50;0;0;1
3985;50;0;0;1
3986;50;0;0;1
3987;50;0;0;1
3988;50;0;2;1
3989;50;0;2;1
3990;50;0;2;1
3991;50;0;2;1
3992;50;0;2;1
3993;50;0;2;1
3994;50;0;2;1
3995;50;0;2;1
3996;50;0;2;1
3997;50;0;2;1
3998;50;0;2;1
3999;50;0;2;1
4000;50;0;3;1
4001;50;0;4;1
4002;50;0;5;1
4003;50;0;6;1
4004;50;0;6;0
4005;50;0;6;0
4006;50;0;6;0
4007;50;0;7;0
4008;50;0;8;0
4009;50;0;8;0
4010;50;0;8;0
4011;50;0;8;0
4012;50;0;9;0
4013;50;0;9;0
4014;50;0;10;0
4015;50;0;12;0
4016;50;0;14;0
4017;50;0;17;0
4018;50;0;18;0
4019;50;0;21;0
4020;50;0;25;0
4021;50;0;27;0
4022;50;0;34;0
4023;50;0;36;0
4024;50;0;45;0
4025;50;0;50;0
4026;50;0;54;0
4027;50;0;61;0
4028;50;0;64;0
4029;50;0;69;0
4030;50;0;76;0
4031;50;0;87;0
4032;50;0;100;0
4033;50;0;119;0
4034;50;0;137;0
4035;50;0;154;0
4036;50;0;173;0
4037;50;0;195;0
4038;50;0;224;0
4039;50;0;246;0
4040;50;0;270;0
4041;50;0;294;0
4042;50;0;321;0
4043;50;0;341;0
4044;50;0;363;0
4045;50;0;394;0
4046;50;0;421;0
4047;50;0;448;0
4048;50;0;474;0
4049;50;0;503;0
4050;50;0;526;0
4051;50;0;554;0
4052;50;0;582;0
4053;50;0;603;0
4054;50;0;631;0
4055;50;0;655;0
4056;50;0;690;0
4057;50;0;717;0
4058;50;0;743;0
4059;50;0;770;0
4060;50;0;797;0
4061;50;0;828;0
4062;50;0;855;0
4063;50;0;879;0
4064;50;0;900;0
4065;50;0;930;0
4066;50;0;958;0
4067;50;0;987;0
4068;50;0;1012;0
4069;50;0;1040;0
4070;50;0;1070;0
4071;50;0;1096;0
4072;50;0;1122;0
4073;50;0;1151;0
4074;50;0;1175;0
4075;50;0;1209;0
4076;50;0;1236;0
4077;50;0;1263;0
4078;50;0;1295;0
4079;50;0;1314;0
4080;50;0;1343;0
4081;50;0;1367;0
4082;50;0;1397;0
4083;50;0;1426;0
4084;50;0;1451;0
4085;50;0;1471;0
4086;50;0;1508;0
4087;50;0;1535;0
4088;50;0;1563;0
4089;50;0;1588;0
4090;50;0;1624;0
4091;50;0;1648;0
4092;50;0;1672;0
4093;50;0;1705;0
4094;50;0;1728;0
4095;50;0;1756;0
4096;50;0;1787;0
4097;50;0;1814;0
4098;50;0;1843;0
4099;50;0;1870;0
4100;50;0;1894;0
4101;50;0;1922;0
4102;50;0;1948;0
4103;50;0;1973;0
4104;50;0;2001;0
4105;50;0;2030;0
4106;50;0;2056;0
4107;50;0;2086;0
4108;50;0;2112;0
4109;50;0;2137;0
4110;50;0;2163;0
4111;50;0;2190;0
4112;50;0;2221;0
4113;50;0;2245;0
4114;50;0;2270;0
4115;50;0;2295;0
4116;50;0;2326;0
4117;50;0;2348;0
4118;50;0;2371;0
4119;50;0;2402;0
4120;50;0;2427;0
4121;50;0;2455;0
4122;50;0;2484;0
4123;50;0;2512;0
4124;50;0;2541;0
4125;50;0;2568;0
4126;50;0;2596;0
4127;50;0;2624;0
4128;50;0;2648;0
4129;50;0;2676;0
4130;50;0;2696;0
4131;50;0;2718;0
4132;50;0;2740;0
4133;50;0;2770;0
4134;50;0;2796;0
4135;50;0;2819;0
4136;50;0;2847;0
4137;50;0;2866;0
4138;50;0;2889;0
4139;50;1;2911;0
4140;50;1;2937;0
4141;50;2;2958;0
4142;50;3;2984;0
4143;50;5;3007;0
4144;50;7;3029;0
4145;50;9;3055;0
4146;50;10;3082;0
4147;50;12;3109;0
4148;50;15;3133;0
4149;50;22;3155;0
4150;50;30;3177;0
4151;50;37;3204;0
4152;50;46;3227;0
4153;50;63;3241;0
4154;50;85;3255;0
4155;50;110;3266;0
4156;50;133;3274;0
4157;50;164;3282;0
4158;50;192;3289;0
4159;50;223;3295;0
4160;50;256;3302;0
4161;50;284;3312;0
4162;50;324;3315;0
4163;50;366;3316;0
4164;50;405;3320;0
4165;50;445;3323;0
4166;50;486;3328;0
4167;50;529;3329;0
4168;50;571;3330;0
4169;50;611;3333;0
4170;50;651;3333;1
4171;50;694;3333;1
4172;50;736;3333;1
4173;50;772;3335;1
4174;50;814;3335;1
4175;50;855;3334;1
4176;50;897;3333;2
4177;50;940;3331;2
4178;50;979;3329;2
4179;50;1016;3327;2
4180;50;1055;3325;2
4181;50;1094;3325;2
4182;50;1130;3323;2
4183;50;1171;3322;4
4184;50;1207;3321;4
4185;50;1247;3319;4
4186;50;1283;3315;4
4187;50;1319;3313;4
4188;50;1361;3309;4
4189;50;1398;3306;4
4190;50;1433;3303;8
4191;50;1467;3298;8
4192;50;1503;3292;8
4193;50;1533;3289;8
4194;50;1568;3284;8
4195;50;1602;3278;8
4196;50;1639;3274;8
4197;50;1671;3268;15
4198;50;1702;3259;16
4199;50;1739;3249;16
4200;50;1768;3242;16
4201;50;1799;3234;16
4202;50;1831;3224;16
4203;50;1863;3215;16
4204;50;1891;3205;31
4205;50;1909;3193;32
4206;50;1928;3179;32
4207;50;1941;3168;32
4208;50;1962;3156;32
4209;50;1983;3142;32
4210;50;2007;3126;33
4211;50;2022;3113;60
4212;50;2030;3087;62
4213;50;2030;3066;62
4214;50;2033;3037;62
4215;50;2034;3010;63
4216;50;2034;2987;63
4217;50;2031;2965;67
4218;50;2021;2941;118
4219;50;1979;2904;122
4220;50;1946;2857;122
4221;50;1899;2815;122
4222;50;1851;2778;124
4223;50;1812;2726;125
4224;50;1771;2674;137
4225;50;1728;2617;234
4226;50;1610;2545;239
4227;50;1487;2471;240
4228;50;1372;2383;241
4229;50;1268;2298;243
4230;50;1173;2199;247
4231;50;1085;2081;272
4232;50;980;1959;437
4233;50;792;1779;448
4234;50;633;1580;450
4235;50;500;1375;453
4236;50;375;1162;459
4237;50;273;961;464
4238;50;197;753;508
4239;50;140;546;669
4240;50;78;354;680
4241;50;43;210;683
4242;50;19;118;687
4243;50;10;64;688
4244;50;7;25;688
4245;50;4;2;696
4246;50;0;0;698
4247;50;0;0;698
4248;50;0;0;698
4249;50;0;0;698
4250;50;0;0;698
4251;50;0;0;698
4252;50;0;0;698
4253;50;0;0;698
4254;50;0;0;698
4255;50;0;0;698
4256;50;0;0;698
4257;50;0;0;698
4258;50;0;0;698
4259;50;0;0;698
4260;50;0;0;698
4261;50;0;0;698
4262;50;0;0;698
4263;50;0;0;698
4264;50;0;0;698
4265;50;0;0;698
4266;50;0;0;698
4267;50;0;0;698
4268;50;0;0;698
4269;50;0;0;698
4270;50;0;0;698
4271;50;0;0;698
4272;50;0;0;698
4273;50;0;0;698
4274;50;0;0;698
4275;50;0;0;698
4276;50;0;0;698
4277;50;0;0;698
4278;50;0;0;698
4279;50;0;0;698
4280;50;0;0;698
4281;50;0;0;698
4282;50;0;0;698
4283;50;0;0;698
4284;50;0;0;698
4285;50;0;0;698
4286;50;0;0;698
4287;50;0;0;698
4288;50;0;0;698
4289;50;0;0;698
4290;50;0;0;698
4291;50;0;0;698
4292;50;0;0;698
4293;50;0;0;698
4294;50;0;0;698
4295;50;0;0;698
4296;50;0;0;698
4297;50;0;0;698
4298;50;0;0;698
4299;50;0;0;698
4300;50;0;0;698
4301;50;0;0;698
4302;50;0;0;698
4303;50;0;0;698
4304;50;0;0;698
4305;50;0;0;698
4306;50;0;0;698
4307;50;0;0;698
4308;50;0;0;698
4309;50;0;0;698
4310;50;0;0;698
4311;50;0;0;698
4312;50;0;0;698
4313;50;0;0;698
4314;50;0;0;698
4315;50;0;0;698
4316;50;0;0;698
4317;50;0;0;698
4318;50;0;0;698
4319;50;0;0;698
4320;50;0;0;698
4321;50;0;0;698
4322;50;0;0;698
4323;50;0;0;698
4324;50;0;0;698
4325;50;0;0;698
4326;50;0;0;698
4327;50;0;0;698
4328;50;0;0;698
4329;50;0;0;698
4330;50;0;0;698
4331;50;0;0;697
4332;50;0;0;686
4333;50;0;0;685
4334;50;0;0;684
4335;50;0;0;684
4336;50;0;0;682
4337;50;0;0;678
4338;50;0;0;660
4339;50;0;0;552
4340;50;0;0;543
4341;50;0;0;541
4342;50;0;0;537
4343;50;0;0;536
4344;50;0;0;532
4345;50;0;0;520
4346;50;0;0;518
4347;50;0;0;518
4348;50;0;0;518
4349;50;0;0;517
4350;50;0;0;516
4351;50;0;0;514
4352;50;0;0;490
4353;50;0;0;490
4354;50;0;0;490
4355;50;0;0;490
4356;50;0;0;490
4357;50;0;0;490
4358;50;0;0;483
4359;50;0;0;483
4360;50;0;0;483
4361;50;0;0;483
4362;50;0;0;483
4363;50;0;0;482
4364;50;0;0;480
4365;50;0;0;464
4366;50;0;0;464
4367;50;0;0;464
4368;50;0;0;464
4369;50;0;0;463
4370;50;0;0;463
4371;50;0;0;463
4372;50;0;0;463
4373;50;0;0;463
4374;50;0;0;463
4375;50;0;0;463
4376;50;0;0;463
4377;50;0;0;462
4378;50;0;0;455
4379;50;0;0;454
4380;50;0;0;454
4381;50;0;0;454
4382;50;0;0;454
4383;50;0;0;454
4384;50;0;0;453
4385;50;0;0;451
4386;50;0;0;451
4387;50;0;0;451
4388;50;0;0;451
4389;50;0;0;451
4390;50;0;0;450
4391;50;0;0;448
4392;50;0;0;442
4393;50;0;0;442
4394;50;0;0;442
4395;50;0;0;442
4396;50;0;0;441
4397;50;0;0;440
4398;50;0;0;434
4399;50;0;0;417
4400;50;0;0;417
4401;50;0;0;417
4402;50;0;0;417
4403;50;0;0;416
4404;50;0;0;416
4405;50;0;0;412
4406;50;0;0;410
4407;50;0;0;410
4408;50;0;0;410
4409;50;0;0;409
4410;50;0;0;409
4411;50;0;0;401
4412;50;0;0;383
4413;50;0;0;383
4414;50;0;0;383
4415;50;0;0;383
4416;50;0;0;383
4417;50;0;0;383
4418;50;0;0;380
4419;50;0;0;380
4420;50;0;0;380
4421;50;0;0;380
4422;50;0;0;380
4423;50;0;0;380
4424;50;0;0;379
4425;50;0;0;368
4426;50;0;0;368
4427;50;0;0;368
4428;50;0;0;368
4429;50;0;0;368
4430;50;0;0;368
4431;50;0;0;365
4432;50;0;0;365
4433;50;0;0;365
4434;50;0;0;365
4435;50;0;0;365
4436;50;0;0;365
4437;50;0;0;365
4438;50;0;0;357
4439;50;0;0;356
4440;50;0;0;356
4441;50;0;0;356
4442;50;0;0;356
4443;50;0;0;356
4444;50;0;0;355
4445;50;0;0;355
4446;50;0;0;355
4447;50;0;0;355
4448;50;0;0;355
4449;50;0;0;355
4450;50;0;0;355
4451;50;0;0;351
4452;50;0;0;340
4453;50;0;0;340
4454;50;0;0;340
4455;50;0;0;340
4456;50;0;0;339
4457;50;0;0;339
4458;50;0;0;336
4459;50;0;0;330
4460;50;0;0;330
4461;50;0;0;330
4462;50;0;0;329
4463;50;0;0;329
4464;50;0;0;328
4465;50;0;0;323
4466;50;0;0;321
4467;50;0;0;321
4468;50;0;0;321
4469;50;0;0;321
4470;50;0;0;320
4471;50;0;0;314
4472;50;0;0;295
4473;50;0;0;295
4474;50;0;0;295
4475;50;0;0;294
4476;50;0;0;294
4477;50;0;0;292
4478;50;0;0;289
4479;50;0;0;288
4480;50;0;0;288
4481;50;0;0;288
4482;50;0;0;288
4483;50;0;0;288
4484;50;0;0;287
4485;50;0;0;279
4486;50;0;0;279
4487;50;0;0;279
4488;50;0;0;279
4489;50;0;0;279
4490;50;0;0;279
4491;50;0;0;277
4492;50;0;0;277
4493;50;0;0;277
4494;50;0;0;277
4495;50;0;0;277
4496;50;0;0;277
4497;50;0;0;277
4498;50;0;0;272
4499;50;0;0;272
4500;50;0;0;272
4501;50;0;0;272
4502;50;0;0;272
4503;50;0;0;271
4504;50;0;0;270
4505;50;0;0;270
4506;50;0;0;270
4507;50;0;0;270
4508;50;0;0;270
4509;50;0;0;270
4510;50;0;0;270
4511;50;0;0;269
4512;50;0;0;258
4513;50;0;0;256
4514;50;0;0;256
4515;50;0;0;256
4516;50;0;0;254
4517;50;0;0;254
4518;50;0;0;250
4519;50;0;0;234
4520;50;0;0;234
4521;50;0;0;234
4522;50;0;0;234
4523;50;0;0;234
4524;50;0;0;231
4525;50;0;0;227
4526;50;0;0;227
4527;50;0;0;227
4528;50;0;0;227
4529;50;0;0;227
4530;50;0;0;226
4531;50;0;0;223
4532;50;0;0;216
4533;50;0;0;215
4534;50;0;0;215
4535;50;0;0;215
4536;50;0;0;215
4537;50;0;0;215
4538;50;0;0;215
4539;50;0;0;215
4540;50;0;0;215
4541;50;0;0;215
4542;50;0;0;214
4543;50;0;0;214
4544;50;0;0;213
4545;50;0;0;202
4546;50;0;0;202
4547;50;0;0;202
4548;50;0;0;202
4549;50;0;0;202
4550;50;0;0;202
4551;50;0;0;200
4552;50;0;0;198
4553;50;0;0;198
4554;50;0;0;198
4555;50;0;0;198
4556;50;0;0;198
4557;50;0;0;197
4558;50;0;0;194
4559;50;0;0;194
4560;50;0;0;194
4561;50;0;0;194
4562;50;0;0;194
4563;50;0;0;194
4564;50;0;0;193
4565;50;0;0;192
4566;50;0;0;192
4567;50;0;0;192
4568;50;0;0;192
4569;50;0;0;192
4570;50;0;0;192
4571;50;0;0;190
4572;50;0;0;178
4573;50;0;0;176
4574;50;0;0;175
4575;50;0;0;173
4576;50;0;0;173
4577;50;0;0;172
4578;50;0;0;164
4579;50;0;0;158
4580;50;0;0;158
4581;50;0;0;157
4582;50;0;0;157
4583;50;0;0;157
4584;50;0;0;157
4585;50;0;0;145
4586;50;0;0;145
4587;50;0;0;144
4588;50;0;0;144
4589;50;0;0;144
4590;50;0;0;144
4591;50;0;0;144
4592;50;0;0;139
4593;50;0;0;138
4594;50;0;0;138
4595;50;0;0;138
4596;50;0;0;138
4597;50;0;0;137
4598;50;0;0;136
4599;50;0;0;136
4600;50;0;0;136
4601;50;0;0;136
4602;50;0;0;136
4603;50;0;0;136
4604;50;0;0;135
4605;50;0;0;133
4606;50;0;0;133
4607;50;0;0;133
4608;50;0;0;133
4609;50;0;0;133
4610;50;0;0;132
4611;50;0;0;132
4612;50;0;0;132
4613;50;0;0;132
4614;50;0;0;132
4615;50;0;0;131
4616;50;0;0;131
4617;50;0;0;131
4618;50;0;0;131
4619;50;0;0;131
4620;50;0;0;131
4621;50;0;0;131
4622;50;0;0;131
4623;50;0;0;131
4624;50;0;0;129
4625;50;0;0;128
4626;50;0;0;128
4627;50;0;0;128
4628;50;0;0;128
4629;50;0;0;128
4630;50;0;0;127
4631;50;0;0;123
4632;50;0;0;108
4633;50;0;0;106
4634;50;0;0;106
4635;50;0;0;106
4636;50;0;0;106
4637;50;0;0;105
4638;50;0;0;100
4639;50;0;0;95
4640;50;0;0;93
4641;50;0;0;93
4642;50;0;0;93
4643;50;0;0;93
4644;50;0;0;91
4645;50;0;0;86
4646;50;0;0;86
4647;50;0;0;86
4648;50;0;0;86
4649;50;0;0;86
4650;50;0;0;86
4651;50;0;0;86
4652;50;0;0;81
4653;50;0;0;81
4654;50;0;0;81
4655;50;0;0;81
4656;50;0;0;81
4657;50;0;0;79
4658;50;0;0;74
4659;50;0;0;73
4660;50;0;0;73
4661;50;0;0;73
4662;50;0;0;73
4663;50;0;0;73
4664;50;0;0;72
4665;50;0;0;70
4666;50;0;0;70
4667;50;0;0;70
4668;50;0;0;70
4669;50;0;0;70
4670;50;0;0;68
4671;50;0;0;64
4672;50;0;0;64
4673;50;0;0;64
4674;50;0;0;64
4675;50;0;0;64
4676;50;0;0;64
4677;50;0;0;63
4678;50;0;0;62
4679;50;0;0;62
4680;50;0;0;62
4681;50;0;0;62
4682;50;0;0;62
4683;50;0;0;62
4684;50;0;0;59
4685;50;0;0;54
4686;50;0;0;54
4687;50;0;0;54
4688;50;0;0;54
4689;50;0;0;54
4690;50;0;0;54
4691;50;0;0;51
4692;50;0;0;30
4693;50;0;0;28
4694;50;0;0;28
4695;50;0;0;28
4696;50;0;0;27
4697;50;0;0;27
4698;50;0;0;22
4699;50;0;0;19
4700;50;0;0;19
4701;50;0;0;19
4702;50;0;0;19
4703;50;0;0;19
4704;50;0;0;19
4705;50;0;0;15
4706;50;0;0;13
4707;50;0;0;13
4708;50;0;0;12
4709;50;0;0;12
4710;50;0;0;12
4711;50;0;0;12
4712;50;0;0;6
4713;50;0;0;6
4714;50;0;0;6
4715;50;0;0;6
4716;50;0;0;6
4717;50;0;0;6
4718;50;0;0;2
4719;50;0;0;1
4720;50;0;0;1
4721;50;0;0;1
4722;50;0;0;1
4723;50;0;0;1
4724;50;0;0;1
4725;50;0;0;0
4726;50;0;0;0
4727;50;0;0;0
4728;50;0;0;0
4729;50;0;0;0
4730;50;0;0;0
4731;50;0;0;0
4732;50;0;0;0
4733;50;0;0;0
4734;50;0;0;0
4735;50;0;0;0
4736;50;0;0;0
4737;50;0;0;0
4738;50;0;0;0
4739;50;0;0;0
4740;50;0;0;0
4741;50;0;0;0
4742;50;0;0;0
4743;50;0;0;0
4744;50;0;0;0
4745;50;0;0;0
4746;50;0;0;0
4747;50;0;0;0
4748;50;0;0;0
4749;50;0;0;0
4750;50;0;0;0
4751;50;0;0;0
4752;50;0;0;0
4753;50;0;0;0
4754;50;0;0;0
4755;50;0;0;0
4756;50;0;0;0
4757;50;0;0;0
4758;50;0;0;0
4759;50;0;0;0
4760;50;0;0;0
4761;50;0;0;0
4762;50;0;0;0
4763;50;0;0;0
4764;50;0;0;0
4765;50;0;0;0
4766;50;0;0;0
4767;50;0;0;0
4768;50;0;0;0
4769;50;0;0;0
4770;50;0;0;0
4771;50;0;0;0
4772;50;0;0;0
4773;50;0;0;0
4774;50;0;0;0
4775;50;0;0;0
4776;50;0;0;0
4777;50;0;0;0
4778;50;0;0;0
4779;50;0;0;0
4780;50;0;0;0
4781;50;0;0;0
4782;50;0;0;0
4783;50;0;0;0
4784;50;0;0;0
4785;50;0;0;0
4786;50;0;0;0
4787;50;0;0;0
4788;50;0;0;0
4789;50;0;0;0
4790;50;0;0;0
4791;50;0;0;0
4792;50;0;0;0
4793;50;0;0;0
4794;50;0;0;0
4795;50;0;0;0
4796;50;0;0;0
4797;50;0;0;0
4798;50;0;0;0
4799;50;0;0;0
4800;50;0;0;0
4801;50;0;0;0
4802;50;0;0;0
4803;50;0;0;0
4804;50;0;0;0
4805;50;0;0;0
4806;50;0;0;0
4807;50;0;0;0
4808;50;0;0;0
4809;50;0;0;0
4810;50;0;0;0
4811;50;0;0;0
4812;50;0;0;0
4813;50;0;0;0
4814;50;0;0;0
4815;50;0;0;0
4816;50;0;0;0
4817;50;0;0;0
4818;50;0;0;0
4819;50;0;0;0
4820;50;0;0;0
4821;50;0;0;0
4822;50;0;0;0
4823;50;0;0;0
4824;50;0;0;0
4825;50;0;0;0
4826;50;0;0;0
4827;50;0;0;0
4828;50;0;0;0
4829;50;0;0;0
4830;50;0;0;0
4831;50;0;0;0
4832;50;0;0;0
4833;50;0;0;0
4834;50;0;0;0
4835;50;0;0;0
4836;50;0;0;0
4837;50;0;0;0
4838;50;0;0;0
4839;50;0;0;0
4840;50;0;0;0
4841;50;0;0;0
4842;50;0;0;0
4843;50;0;0;0
4844;50;0;0;0
4845;50;0;0;0
4846;50;0;0;0
4847;50;0;0;0
4848;50;0;0;0
4849;50;0;0;0
4850;50;0;0;0
4851;50;0;0;0
4852;50;0;0;0
4853;50;0;0;0
4854;50;0;0;0
4855;50;0;0;0
4856;50;0;0;0
4857;50;0;0;0
4858;50;0;0;0
4859;50;0;0;0
4860;50;0;0;0
4861;50;0;0;0
4862;50;0;0;0
4863;50;0;0;0
4864;50;0;0;0
4865;50;0;0;0
4866;50;0;0;0
4867;50;0;0;0
4868;50;0;0;0
4869;50;0;0;0
4870;50;0;0;0
4871;50;0;0;0
4872;50;0;0;0
4873;50;0;0;0
4874;50;0;0;0
4875;50;0;0;0
4876;50;0;0;0
4877;50;0;0;0
4878;50;0;0;0
4879;50;0;0;0
4880;50;0;0;0
4881;50;0;0;0
4882;50;0;0;0
4883;50;0;0;0
4884;50;0;0;0
4885;50;0;0;0
4886;50;0;0;0
4887;50;0;0;0
4888;50;0;0;0
4889;50;0;0;0
4890;50;0;0;0
4891;50;0;0;0
4892;50;0;0;0
4893;50;0;0;0
4894;50;0;0;0
4895;50;0;0;0
4896;50;0;0;0
4897;50;0;0;0
4898;50;0;0;0
4899;50;0;0;0
4900;50;0;0;0
4901;50;0;0;0
4902;50;0;0;0
4903;50;0;0;0
4904;50;0;0;0
4905;50;0;0;0
4906;50;0;0;0
4907;50;0;0;0
4908;50;0;0;0
4909;50;0;0;0
4910;50;0;0;0
4911;50;0;0;0
4912;50;0;0;1
4913;50;0;0;1
4914;50;0;0;1
4915;50;0;0;1
4916;50;0;0;1
4917;50;0;0;1
4918;50;0;0;1
4919;50;0;0;1
4920;50;0;0;1
4921;50;0;0;1
4922;50;0;0;1
4923;50;0;0;1
4924;50;0;0;1
4925;50;0;0;1
4926;50;0;0;1
4927;50;0;0;1
4928;50;0;0;1
4929;50;0;0;1
4930;50;0;0;1
4931;50;0;0;1
4932;50;0;0;1
4933;50;0;0;1
4934;50;0;0;1
4935;50;0;0;1
4936;50;0;0;1
4937;50;0;0;1
4938;50;0;0;1
4939;50;0;0;1
4940;50;0;0;1
4941;50;0;0;1
4942;50;0;0;1
4943;50;0;0;1
4944;50;0;0;1
4945;50;0;0;1
4946;50;0;0;1
4947;50;0;0;1
4948;50;0;0;1
4949;50;0;0;1
4950;50;0;0;1
4951;50;0;0;1
4952;50;0;0;1
4953;50;0;0;1
4954;50;0;0;1
4955;50;0;0;1
4956;50;0;0;1
4957;50;0;0;1
4958;50;0;0;1
4959;50;0;0;1
4960;50;0;0;1
4961;50;0;0;1
4962;50;0;0;1
4963;50;0;0;1
4964;50;0;0;1
4965;50;0;0;1
4966;50;0;0;1
4967;50;0;0;1
4968;50;0;0;1
4969;50;0;0;1
4970;50;0;0;1
4971;50;0;0;1
4972;50;0;0;1
4973;50;0;0;1
4974;50;0;0;1
4975;50;0;0;1
4976;50;0;0;1
4977;50;0;0;1
4978;50;0;0;1
4979;50;0;0;1
4980;50;0;0;1
4981;50;0;0;1
4982;50;0;0;1
4983;50;0;0;1
4984;50;0;0;1
4985;50;0;0;1
4986;50;0;0;1
4987;50;0;0;1
4988;50;0;0;1
4989;50;0;0;1
4990;50;0;0;1
4991;50;0;0;1
4992;50;0;0;1
4993;50;0;0;1
4994;50;0;0;1
4995;50;0;0;1
4996;50;0;0;1
4997;50;0;0;1
4998;50;0;0;1
4999;50;0;0;1
5000;50;0;0;1
5001;50;0;0;1
5002;50;0;0;1
5003;50;0;0;1
5004;50;0;0;1
5005;50;0;0;1
5006;50;0;0;1
5007;50;0;0;1
5008;50;0;0;1
5009;50;0;0;1
5010;50;0;0;1
5011;50;0;0;0
5012;50;0;0;0
5013;50;0;0;0
5014;50;0;0;0
5015;50;0;0;0
5016;50;0;0;0
5017;50;0;0;0
5018;50;0;0;0
5019;50;0;0;0
5020;50;0;0;0
5021;50;0;0;0
5022;50;0;0;0
5023;50;0;0;0
5024;50;0;0;0
5025;50;0;0;0
5026;50;0;0;0
5027;50;0;0;0
5028;50;0;0;0
5029;50;0;0;0
5030;50;0;0;0
5031;50;0;0;0
5032;50;0;0;0
5033;50;0;0;0
5034;50;0;0;0
5035;50;0;0;0
5036;50;0;0;0
5037;50;0;0;0
5038;50;0;0;0
5039;50;0;0;0
5040;50;0;0;0
5041;50;0;0;0
5042;50;0;0;0
5043;50;0;0;0
5044;50;0;0;0
5045;50;0;0;0
5046;50;0;0;0
5047;50;0;0;0
5048;50;0;0;0
5049;50;0;0;0
5050;50;0;0;0
5051;50;0;0;0
5052;50;0;0;0
5053;50;0;0;0
5054;50;0;0;0
5055;50;0;0;0
5056;50;0;0;0
5057;50;0;0;0
5058;50;0;0;0
5059;50;0;0;0
5060;50;0;0;0
5061;50;0;0;0
5062;50;0;0;0
5063;50;0;0;0
5064;50;0;0;0
5065;50;0;0;0
5066;50;0;0;0
5067;50;0;0;0
5068;50;0;0;0
5069;50;0;0;0
5070;50;0;0;0
5071;50;0;0;0
5072;50;0;0;0
5073;50;0;0;0
5074;50;0;0;0
5075;50;0;0;0
5076;50;0;0;0
5077;50;0;0;0
5078;50;0;0;0
5079;50;0;0;0
5080;50;0;0;0
5081;50;0;0;0
5082;50;0;0;0
5083;50;0;0;0
5084;50;0;0;0
5085;50;0;0;0
5086;50;0;0;0
5087;50;0;0;0
5088;50;0;0;0
5089;50;0;0;0
5090;50;0;0;0
5091;50;0;0;0
5092;50;0;0;0
5093;50;0;0;0
5094;50;0;0;0
5095;50;0;0;0
5096;50;0;0;0
5097;50;0;0;0
5098;50;0;0;0
5099;50;0;0;0
5100;50;0;0;0
5101;50;0;0;0
5102;50;0;0;0
5103;50;0;0;0
5104;50;0;0;0
5105;50;0;0;0
5106;50;0;0;0
5107;50;0;0;0
5108;50;0;0;0
5109;50;0;0;0
5110;50;0;0;0
5111;50;0;0;0
5112;50;0;0;0
5113;50;0;0;0
5114;50;0;0;0
5115;50;0;0;0
5116;50;0;0;0
5117;50;0;0;0
5118;50;0;0;0
5119;50;0;0;0
5120;50;0;0;0
5121;50;0;0;0
5122;50;0;0;0
5123;50;0;0;0
5124;50;0;0;0
5125;50;0;0;0
5126;50;0;0;0
5127;50;0;0;0
5128;50;0;0;0
5129;50;0;0;0
5130;50;0;0;0
5131;50;0;0;0
5132;50;0;0;0
5133;50;0;0;0
5134;50;0;0;0
5135;50;0;0;0
5136;50;0;0;0
5137;50;0;0;0
5138;50;0;0;0
5139;50;0;0;0
5140;50;0;0;0
5141;50;0;0;0
5142;50;0;0;0
5143;50;0;0;0
5144;50;0;0;0
5145;50;0;0;0
5146;50;0;0;0
5147;50;0;0;0
5148;50;0;0;0
5149;50;0;0;0
5150;50;0;0;0
5151;50;0;0;0
5152;50;0;0;0
5153;50;0;0;0
5154;50;0;0;0
5155;50;0;0;0
5156;50;0;0;0
5157;50;0;0;0
5158;50;0;0;0
5159;50;0;0;0
5160;50;0;0;0
5161;50;0;0;0
5162;50;0;0;0
5163;50;0;0;0
5164;50;0;0;0
5165;50;0;0;0
5166;50;0;0;0
5167;50;0;0;0
5168;50;0;0;0
5169;50;0;0;0
5170;50;0;0;0
5171;50;0;0;0
5172;50;0;0;0
5173;50;0;0;0
5174;50;0;0;0
5175;50;0;0;0
5176;50;0;0;0
5177;50;0;0;0
5178;50;0;0;0
5179;50;0;0;0
5180;50;0;0;0
5181;50;0;0;0
5182;50;0;0;0
5183;50;0;0;0
5184;50;0;0;0
5185;50;0;0;0
5186;50;0;0;0
5187;50;0;0;0
5188;50;0;0;0
5189;50;0;0;0
5190;50;0;0;0
5191;50;0;0;0
5192;50;0;0;0
5193;50;0;0;0
5194;50;0;0;0
5195;50;0;0;0
5196;50;0;0;0
5197;50;0;0;0
5198;50;0;0;0
5199;50;0;0;0
5200;50;0;0;0
5201;50;0;0;0
5202;50;0;0;0
5203;50;0;0;0
5204;50;0;0;0
5205;50;0;0;0
5206;50;0;0;0
5207;50;0;0;0
5208;50;0;0;0
5209;50;0;0;0
5210;50;0;0;0
5211;50;0;0;0
5212;50;0;0;0
5213;50;0;0;0
5214;50;0;0;0
5215;50;0;0;0
5216;50;0;0;0
5217;50;0;0;0
5218;50;0;0;0
5219;50;0;0;0
5220;50;0;0;0
5221;50;0;0;0
5222;50;0;0;0
5223;50;0;0;0
5224;50;0;0;0
5225;50;0;0;0
5226;50;0;0;0
5227;50;0;0;0
5228;50;0;0;0
5229;50;0;0;0
5230;50;0;0;0
5231;50;0;0;0
5232;50;0;0;0
5233;50;0;0;0
5234;50;0;0;0
5235;50;0;0;0
5236;50;0;0;0
5237;50;0;0;0
5238;50;0;0;0
5239;50;0;0;0
5240;50;0;0;0
5241;50;0;0;0
5242;50;0;0;0
5243;50;0;0;0
5244;50;0;0;0
5245;50;0;0;0
5246;50;0;0;0
5247;50;0;0;0
5248;50;0;0;0
5249;50;0;0;0
5250;50;0;0;0
5251;50;0;0;0
5252;50;0;0;0
5253;50;0;0;0
5254;50;0;0;0
5255;50;0;0;0
5256;50;0;0;0
5257;50;0;0;0
5258;50;0;0;0
5259;50;0;0;0
5260;50;0;0;0
5261;50;0;0;0
5262;50;0;0;0
5263;50;0;0;0
5264;50;0;0;0
5265;50;0;0;0
5266;50;0;0;0
5267;50;0;0;0
5268;50;0;0;0
5269;50;0;0;0
5270;50;0;0;0
5271;50;0;0;0
5272;50;0;0;0
5273;50;0;0;0
5274;50;0;0;0
5275;50;0;0;0
5276;50;0;0;0
5277;50;0;0;0
5278;50;0;0;0
5279;50;0;0;0
5280;50;0;0;0
5281;50;0;0;0
5282;50;0;0;0
5283;50;0;0;0
5284;50;0;0;0
5285;50;0;0;0
5286;50;0;0;0
5287;50;0;0;0
5288;50;0;0;0
5289;50;0;0;0
5290;50;0;0;0
5291;50;0;0;0
5292;50;0;0;0
5293;50;0;0;0
5294;50;0;0;0
5295;50;0;0;0
5296;50;0;0;0
5297;50;0;0;0
5298;50;0;0;0
5299;50;0;0;0
5300;50;0;0;0
5301;50;0;0;0
5302;50;0;0;0
5303;50;0;0;0
5304;50;0;0;0
5305;50;0;0;0
5306;50;0;0;0
5307;50;0;0;0
5308;50;0;0;0
5309;50;0;0;0
5310;50;0;0;0
5311;50;0;0;0
5312;50;0;0;0
5313;50;0;0;0
5314;50;0;0;0
5315;50;0;0;0
5316;50;0;0;0
5317;50;0;0;0
5318;50;0;0;0
5319;50;0;0;0
5320;50;0;0;0
5321;50;0;0;0
5322;50;0;0;0
5323;50;0;0;0
5324;50;0;0;0
5325;50;0;0;0
5326;50;0;0;0
5327;50;0;0;0
5328;50;0;0;0
5329;50;0;0;0
5330;50;0;0;0
5331;50;0;0;0
5332;50;0;0;0
5333;50;0;0;0
5334;50;0;0;0
5335;50;0;0;0
5336;50;0;0;0
5337;50;0;0;0
5338;50;0;0;0
5339;50;0;0;0
5340;50;0;0;0
5341;50;0;0;0
5342;50;0;0;0
5343;50;0;0;0
5344;50;0;0;0
5345;50;0;0;0
5346;50;0;0;0
5347;50;0;0;0
5348;50;0;0;0
5349;50;0;0;0
5350;50;0;0;0
5351;50;0;0;0
5352;50;0;0;0
5353;50;0;0;0
5354;50;0;0;0
5355;50;0;0;0
5356;50;0;0;0
5357;50;0;0;0
5358;50;0;0;0
5359;50;0;0;0
5360;50;0;0;0
5361;50;0;0;0
5362;50;0;0;0
5363;50;0;0;0
5364;50;0;0;0
5365;50;0;0;0
5366;50;0;0;0
5367;50;0;0;0
5368;50;0;0;0
5369;50;0;0;0
5370;50;0;0;0
5371;50;0;0;0
5372;50;0;0;0
5373;50;0;0;0
5374;50;0;0;0
5375;50;0;0;0
5376;50;0;0;0
5377;50;0;0;0
5378;50;0;0;0
5379;50;0;0;0
5380;50;0;0;0
5381;50;0;0;0
5382;50;0;0;0
5383;50;0;0;0
5384;50;0;0;0
5385;50;0;0;0
5386;50;0;0;0
5387;50;0;0;0
5388;50;0;0;0
5389;50;0;0;0
5390;50;0;0;0
5391;50;0;0;0
5392;50;0;0;0
5393;50;0;0;0
5394;50;0;0;0
5395;50;0;0;0
5396;50;0;0;0
5397;50;0;0;0
5398;50;0;0;0
5399;50;0;0;0
5400;50;0;0;0
5401;50;0;0;0
5402;50;0;0;0
5403;50;0;0;0
5404;50;0;0;0
5405;50;0;0;0
5406;50;0;0;0
5407;50;0;0;0
5408;50;0;0;0
5409;50;0;0;0
5410;50;0;0;0
5411;50;0;0;0
5412;50;0;0;0
5413;50;0;0;0
5414;50;0;0;0
5415;50;0;0;0
5416;50;0;0;0
5417;50;0;0;0
5418;50;0;0;0
5419;50;0;0;0
5420;50;0;0;0
5421;50;0;0;0
5422;50;0;0;0
5423;50;0;0;0
5424;50;0;0;0
5425;50;0;0;0
5426;50;0;0;0
5427;50;0;0;0
5428;50;0;0;0
5429;50;0;0;0
5430;50;0;0;0
5431;50;0;0;0
5432;50;0;0;0
5433;50;0;0;0
5434;50;0;0;0
5435;50;0;0;0
5436;50;0;0;0
5437;50;0;0;0
5438;50;0;0;0
5439;50;0;0;0
5440;50;0;0;0
5441;50;0;0;0
5442;50;0;0;0
5443;50;0;0;0
5444;50;0;0;0
5445;50;0;0;0
5446;50;0;0;0
5447;50;0;0;0
5448;50;0;0;0
5449;50;0;0;0
5450;50;0;0;0
5451;50;0;0;0
5452;50;0;0;0
5453;50;0;0;0
5454;50;0;0;0
5455;50;0;0;0
5456;50;0;0;0
5457;50;0;0;0
5458;50;0;0;0
5459;50;0;0;0
5460;50;0;0;0
5461;50;0;0;0
5462;50;0;0;0
5463;50;0;0;0
5464;50;0;0;0
5465;50;0;0;0
5466;50;0;0;0
5467;50;0;0;0
5468;50;0;0;0
5469;50;0;0;0
5470;50;0;0;0
5471;50;0;0;0
5472;50;0;0;0
5473;50;0;0;0
5474;50;0;0;0
5475;50;0;0;0
5476;50;0;0;0
5477;50;0;0;0
5478;50;0;0;0
5479;50;0;0;0
5480;50;0;0;0
5481;50;0;0;0
5482;50;0;0;0
5483;50;0;0;0
5484;50;0;0;0
5485;50;0;0;0
5486;50;0;0;0
5487;50;0;0;0
5488;50;0;0;0
5489;50;0;0;0
5490;50;0;0;0
5491;50;0;0;0
5492;50;0;0;0
5493;50;0;0;0
5494;50;0;0;0
5495;50;0;0;0
5496;50;0;0;0
5497;50;0;0;0
5498;50;0;0;0
5499;50;0;0;0
5500;50;0;0;0
5501;50;0;0;0
5502;50;0;0;0
5503;50;0;0;0
5504;50;0;0;0
5505;50;0;0;0
5506;50;0;0;0
5507;50;0;0;0
5508;50;0;0;0
5509;50;0;0;0
5510;50;0;0;0
5511;50;0;0;0
5512;50;0;0;0
5513;50;0;0;0
5514;50;0;0;0
5515;50;0;0;0
5516;50;0;0;0
5517;50;0;0;0
5518;50;0;0;0
5519;50;0;0;0
5520;50;0;0;0
5521;50;0;0;0
5522;50;0;0;0
5523;50;0;0;0
5524;50;0;0;0
5525;50;0;0;0
5526;50;0;0;0
5527;50;0;0;0
5528;50;0;0;0
5529;50;0;0;0
5530;50;0;0;0
5531;50;0;0;0
5532;50;0;0;0
5533;50;0;0;0
5534;50;0;0;0
5535;50;0;0;0
5536;50;0;0;0
5537;50;0;0;0
5538;50;0;0;0
5539;50;0;0;0
5540;50;0;0;0
5541;50;0;0;0
5542;50;0;0;0
5543;50;0;0;0
5544;50;0;0;0
5545;50;0;0;0
5546;50;0;0;0
5547;50;0;0;0
5548;50;0;0;0
5549;50;0;0;0
5550;50;0;0;0
5551;50;0;0;0
5552;50;0;0;0
5553;50;0;0;0
5554;50;0;0;0
5555;50;0;0;0
5556;50;0;0;0
5557;50;0;0;0
5558;50;0;0;0
5559;50;0;0;0
5560;50;0;0;0
5561;50;0;0;0
5562;50;0;0;0
5563;50;0;0;0
5564;50;0;0;0
5565;50;0;0;0
5566;50;0;0;0
5567;50;0;0;0
5568;50;0;0;0
5569;50;0;0;0
5570;50;0;0;0
5571;50;0;0;0
5572;50;0;0;0
5573;50;0;0;0
5574;50;0;0;0
5575;50;0;0;0
5576;50;0;0;0
5577;50;0;0;0
5578;50;0;0;0
5579;50;0;0;0
5580;50;0;0;0
5581;50;0;0;0
5582;50;0;0;0
5583;50;0;0;0
5584;50;0;0;0
5585;50;0;0;0
5586;50;0;0;0
5587;50;0;0;0
5588;50;0;0;0
5589;50;0;0;0
5590;50;0;0;0
5591;50;0;0;0
5592;50;0;0;0
5593;50;0;0;0
5594;50;0;0;0
5595;50;0;0;0
5596;50;0;0;0
5597;50;0;0;0
5598;50;0;0;0
5599;50;0;0;0
5600;50;0;0;0
5601;50;0;0;0
5602;50;0;0;0
5603;50;0;0;0
5604;50;0;0;0
5605;50;0;0;0
5606;50;0;0;0
5607;50;0;0;0
5608;50;0;0;0
5609;50;0;0;0
5610;50;0;0;0
5611;50;0;0;0
5612;50;0;0;0
5613;50;0;0;0
5614;50;0;0;0
5615;50;0;0;0
5616;50;0;0;0
5617;50;0;0;0
5618;50;0;0;0
5619;50;0;0;0
5620;50;0;0;0
5621;50;0;0;0
5622;50;0;0;0
5623;50;0;0;0
5624;50;0;0;0
5625;50;0;0;0
5626;50;0;0;0
5627;50;0;0;0
5628;50;0;0;0
5629;50;0;0;0
5630;50;0;0;0
5631;50;0;0;0
5632;50;0;0;0
5633;50;0;0;0
5634;50;0;0;0
5635;50;0;0;0
5636;50;0;0;0
5637;50;0;0;0
5638;50;0;0;0
5639;50;0;0;0
5640;50;0;0;0
5641;50;0;0;0
5642;50;0;0;0
5643;50;0;0;0
5644;50;0;0;0
5645;50;0;0;0
5646;50;0;0;0
5647;50;0;0;0
5648;50;0;0;0
5649;50;0;0;0
5650;50;0;0;0
5651;50;0;0;0
5652;50;0;0;0
5653;50;0;0;0
5654;50;0;0;0
5655;50;0;0;0
5656;50;0;0;0
5657;50;0;0;0
5658;50;0;0;0
5659;50;0;0;0
5660;50;0;0;0
5661;50;0;0;0
5662;50;0;0;0
5663;50;0;0;0
5664;50;0;0;0
5665;50;0;0;0
5666;50;0;0;0
5667;50;0;0;0
5668;50;0;0;0
5669;50;0;0;0
5670;50;0;0;0
5671;50;0;0;0
5672;50;0;0;0
5673;50;0;0;0
5674;50;0;0;0
5675;50;0;0;0
5676;50;0;0;0
5677;50;0;0;0
5678;50;0;0;0
5679;50;0;0;0
5680;50;0;0;0
5681;50;0;0;0
5682;50;0;0;0
5683;50;0;0;0
5684;50;0;0;0
5685;50;0;0;0
5686;50;0;0;0
5687;50;0;0;0
5688;50;0;0;0
5689;50;0;0;0
5690;50;0;0;0
5691;50;0;0;0
5692;50;0;0;0
5693;50;0;0;0
5694;50;0;0;0
5695;50;0;0;0
5696;50;0;0;0
5697;50;0;0;0
5698;50;0;0;0
5699;50;0;0;0
5700;50;0;0;0
5701;50;0;0;0
5702;50;0;0;0
5703;50;0;0;0
5704;50;0;0;0
5705;50;0;0;0
5706;50;0;0;0
5707;50;0;0;0
5708;50;0;0;0
5709;50;0;0;0
5710;50;0;0;0
5711;50;0;0;0
5712;50;0;0;0
5713;50;0;0;0
5714;50;0;0;0
5715;50;0;0;0
5716;50;0;0;0
5717;50;0;0;0
5718;50;0;0;0
5719;50;0;0;0
5720;50;0;0;0
5721;50;0;0;0
5722;50;0;0;0
5723;50;0;0;0
5724;50;0;0;0
5725;50;0;0;0
5726;50;0;0;0
5727;50;0;0;0
5728;50;0;0;0
5729;50;0;0;0
5730;50;0;0;0
5731;50;0;0;0
5732;50;0;0;0
5733;50;0;0;0
5734;50;0;0;0
5735;50;0;0;0
5736;50;0;0;0
5737;50;0;0;0
5738;50;0;0;0
5739;50;0;0;0
5740;50;0;0;0
5741;50;0;0;0
5742;50;0;0;0
5743;50;0;0;0
5744;50;0;0;0
5745;50;0;0;0
5746;50;0;0;0
5747;50;0;0;0
5748;50;0;0;0
5749;50;0;0;0
5750;50;0;0;0
5751;50;0;0;0
5752;50;0;0;0
5753;50;0;0;0
5754;50;0;0;0
5755;50;0;0;0
5756;50;0;0;0
5757;50;0;0;0
5758;50;0;0;0
5759;50;0;0;0
5760;50;0;0;0
5761;50;0;0;0
5762;50;0;0;0
5763;50;0;0;0
5764;50;0;0;0
5765;50;0;0;0
5766;50;0;0;0
5767;50;0;0;0
5768;50;0;0;0
5769;50;0;0;0
5770;50;0;0;0
5771;50;0;0;0
5772;50;0;0;0
5773;50;0;0;0
5774;50;0;0;0
5775;50;0;0;0
5776;50;0;0;0
5777;50;0;0;0
5778;50;0;0;0
5779;50;0;0;0
5780;50;0;0;0
5781;50;0;0;0
5782;50;0;0;0
5783;50;0;0;0
5784;50;0;0;0
5785;50;0;0;0
5786;50;0;0;0
5787;50;0;0;0
5788;50;0;0;0
5789;50;0;0;0
5790;50;0;0;0
5791;50;0;0;0
5792;50;0;0;0
5793;50;0;0;0
5794;50;0;0;0
5795;50;0;0;0
5796;50;0;0;0
5797;50;0;0;0
5798;50;0;0;0
5799;50;0;0;0
5800;50;0;0;0
5801;50;0;0;0
5802;50;0;0;0
5803;50;0;0;0
5804;50;0;0;0
5805;50;0;0;0
5806;50;0;0;0
5807;50;0;0;0
5808;50;0;0;0
5809;50;0;0;0
5810;50;0;0;0
5811;50;0;0;0
5812;50;0;0;0
5813;50;0;0;0
5814;50;0;0;0
5815;50;0;0;0
5816;50;0;0;0
5817;50;0;0;0
5818;50;0;0;0
5819;50;0;0;0
5820;50;0;0;0
5821;50;0;0;0
5822;50;0;0;0
5823;50;0;0;0
5824;50;0;0;0
5825;50;0;0;0
5826;50;0;0;0
5827;50;0;0;0
5828;50;0;0;0
5829;50;0;0;0
5830;50;0;0;0
5831;50;0;0;0
5832;50;0;0;0
5833;50;0;0;0
5834;50;0;0;0
5835;50;0;0;0
5836;50;0;0;0
5837;50;0;0;0
5838;50;0;0;0
5839;50;0;0;0
5840;50;0;0;0
5841;50;0;0;0
5842;50;0;0;0
5843;50;0;0;0
5844;50;0;0;0
5845;50;0;0;0
5846;50;0;0;0
5847;50;0;0;0
5848;50;0;0;0
5849;50;0;0;0
5850;50;0;0;0
5851;50;0;0;0
5852;50;0;0;0
5853;50;0;0;0
5854;50;0;0;0
5855;50;0;0;0
5856;50;0;0;0
5857;50;0;0;0
5858;50;0;0;0
5859;50;0;0;0
5860;50;0;0;0
5861;50;0;0;0
5862;50;0;0;0
5863;50;0;0;0
5864;50;0;0;0
5865;50;0;0;0
5866;50;0;0;0
5867;50;0;0;0
5868;50;0;0;0
5869;50;0;0;0
5870;50;0;0;0
5871;50;0;0;0
5872;50;0;0;0
5873;50;0;0;0
5874;50;0;0;0
5875;50;0;0;0
5876;50;0;0;0
5877;50;0;0;0
5878;50;0;0;0
5879;50;0;0;0
5880;50;0;0;0
5881;50;0;0;0
5882;50;0;0;0
5883;50;0;0;0
5884;50;0;0;0
5885;50;0;0;0
5886;50;0;0;0
5887;50;0;0;0
5888;50;0;0;0
5889;50;0;0;0
5890;50;0;0;0
5891;50;0;0;0
5892;50;0;0;0
5893;50;0;0;0
5894;50;0;0;0
5895;50;0;0;0
5896;50;0;0;0
5897;50;0;0;0
5898;50;0;0;0
5899;50;0;0;1
5900;50;0;0;1
5901;50;0;0;1
5902;50;0;0;1
5903;50;0;0;1
5904;50;0;0;1
5905;50;0;0;1
5906;50;0;0;1
5907;50;0;0;1
5908;50;0;0;1
5909;50;0;0;1
5910;50;0;0;1
5911;50;0;0;1
5912;50;0;0;2
5913;50;0;0;2
5914;50;0;0;2
5915;50;0;0;2
5916;50;0;0;2
5917;50;0;0;2
5918;50;0;0;2
5919;50;0;0;2
5920;50;0;0;2
5921;50;0;0;2
5922;50;0;0;2
5923;50;0;0;2
5924;50;0;0;2
5925;50;0;0;3
5926;50;0;0;3
5927;50;0;0;3
5928;50;0;0;3
5929;50;0;0;3
5930;50;0;0;3
5931;50;0;0;3
5932;50;0;0;3
5933;50;0;0;3
5934;50;0;0;3
5935;50;0;0;3
5936;50;0;0;3
5937;50;0;0;3
5938;50;0;0;3
5939;50;0;0;3
5940;50;0;0;3
5941;50;0;0;3
5942;50;0;0;3
5943;50;0;0;3
5944;50;0;0;3
5945;50;0;0;3
5946;50;0;0;3
5947;50;0;0;3
5948;50;0;0;3
5949;50;0;0;3
5950;50;0;0;3
5951;50;0;0;3
5952;50;0;0;3
5953;50;0;0;3
5954;50;0;0;3
5955;50;0;0;3
5956;50;0;0;3
5957;50;0;0;3
5958;50;0;0;3
5959;50;0;0;3
5960;50;0;0;3
5961;50;0;0;3
5962;50;0;0;3
5963;50;0;0;3
5964;50;0;0;3
5965;50;0;0;3
5966;50;0;0;3
5967;50;0;0;3
5968;50;0;0;3
5969;50;0;0;3
5970;50;0;0;3
5971;50;0;0;3
5972;50;0;0;3
5973;50;0;0;3
5974;50;0;0;3
5975;50;0;0;3
5976;50;0;0;3
5977;50;0;0;3
5978;50;0;0;3
5979;50;0;0;3
5980;50;0;0;3
5981;50;0;0;3
5982;50;0;0;3
5983;50;0;0;3
5984;50;0;0;3
5985;50;0;0;3
5986;50;0;0;3
5987;50;0;0;3
5988;50;0;0;3
5989;50;0;0;3
5990;50;0;0;3
5991;50;0;0;3
5992;50;0;0;3
5993;50;0;0;3
5994;50;0;0;3
5995;50;0;0;3
5996;50;0;0;3
5997;50;0;0;3
5998;50;0;0;2
5999;50;0;0;2
6000;50;0;0;2
6001;50;0;0;2
6002;50;0;0;2
6003;50;0;0;2
6004;50;0;0;2
6005;50;0;0;2
6006;50;0;0;2
6007;50;0;0;2
6008;50;0;0;2
6009;50;0;0;2
6010;50;0;0;2
6011;50;0;0;1
6012;50;0;0;1
6013;50;0;0;1
6014;50;0;0;1
6015;50;0;0;1
6016;50;0;0;1
6017;50;0;0;1
6018;50;0;0;1
6019;50;0;0;1
6020;50;0;0;1
6021;50;0;0;1
6022;50;0;0;1
6023;50;0;0;1
6024;50;0;0;0
6025;50;0;0;0
6026;50;0;0;0
6027;50;0;0;0
6028;50;0;0;0
6029;50;0;0;0
6030;50;0;0;0
6031;50;0;0;0
6032;50;0;0;0
6033;50;0;0;0
6034;50;0;0;0
6035;50;0;0;0
6036;50;0;0;0
6037;50;0;0;0
6038;50;0;0;0
6039;50;0;0;0
6040;50;0;0;0
6041;50;0;0;0
6042;50;0;0;0
6043;50;0;0;0
6044;50;0;0;0
6045;50;0;0;0
6046;50;0;0;0
6047;50;0;0;0
6048;50;0;0;0
6049;50;0;0;0
6050;50;0;0;0
6051;50;0;0;0
6052;50;0;0;0
6053;50;0;0;0
6054;50;0;0;0
6055;50;0;0;0
6056;50;0;0;0
6057;50;0;0;0
6058;50;0;0;0
6059;50;0;0;0
6060;50;0;0;0
6061;50;0;0;0
6062;50;0;0;0
6063;50;0;0;0
6064;50;0;0;0
6065;50;0;0;0
6066;50;0;0;0
6067;50;0;0;0
6068;50;0;0;0
6069;50;0;0;0
6070;50;0;0;0
6071;50;0;0;0
6072;50;0;0;0
6073;50;0;0;0
6074;50;0;0;0
6075;50;0;0;0
6076;50;0;0;0
6077;50;0;0;0
6078;50;0;0;0
6079;50;0;0;0
6080;50;0;0;0
6081;50;0;0;0
6082;50;0;0;0
6083;50;0;0;0
6084;50;0;0;0
6085;50;0;0;0
6086;50;0;0;0
6087;50;0;0;0
6088;50;0;0;0
6089;50;0;0;0
6090;50;0;0;0
6091;50;0;0;0
6092;50;0;0;0
6093;50;0;0;0
6094;50;0;0;0
6095;50;0;0;0
6096;50;0;0;0
6097;50;0;0;0
6098;50;0;0;0
6099;50;0;0;0
6100;50;0;0;0
6101;50;0;0;0
6102;50;0;0;0
6103;50;0;0;0
6104;50;0;0;0
6105;50;0;0;0
6106;50;0;0;0
6107;50;0;0;0
6108;50;0;0;0
6109;50;0;0;0
6110;50;0;0;0
6111;50;0;0;0
6112;50;0;0;0
6113;50;0;0;0
6114;50;0;0;0
6115;50;0;0;0
6116;50;0;0;0
6117;50;0;0;0
6118;50;0;0;0
6119;50;0;0;0
6120;50;0;0;0
6121;50;0;0;0
6122;50;0;0;0
6123;50;0;0;0
6124;50;0;0;0
6125;50;0;0;0
6126;50;0;0;0
6127;50;0;0;0
6128;50;0;0;0
6129;50;0;0;0
6130;50;0;0;0
6131;50;0;0;0
6132;50;0;0;0
6133;50;0;0;0
6134;50;0;0;1
6135;50;0;0;1
6136;50;0;0;1
6137;50;0;0;1
6138;50;0;0;1
6139;50;0;0;1
6140;50;0;0;1
6141;50;0;0;1
6142;50;0;0;1
6143;50;0;0;1
6144;50;0;0;1
6145;50;0;0;1
6146;50;0;0;1
6147;50;0;0;1
6148;50;0;0;1
6149;50;0;0;1
6150;50;0;0;1
6151;50;0;0;1
6152;50;0;0;1
6153;50;0;0;1
6154;50;0;0;1
6155;50;0;0;1
6156;50;0;0;1
6157;50;0;0;1
6158;50;0;0;1
6159;50;0;0;1
6160;50;0;0;1
6161;50;0;0;1
6162;50;0;0;1
6163;50;0;0;1
6164;50;0;0;1
6165;50;0;0;1
6166;50;0;0;1
6167;50;0;0;1
6168;50;0;0;1
6169;50;0;0;1
6170;50;0;0;1
6171;50;0;0;1
6172;50;0;0;1
6173;50;0;0;1
6174;50;0;0;1
6175;50;0;0;1
6176;50;0;0;1
6177;50;0;0;1
6178;50;0;0;1
6179;50;0;0;1
6180;50;0;0;1
6181;50;0;0;1
6182;50;0;0;1
6183;50;0;0;1
6184;50;0;0;1
6185;50;0;0;1
6186;50;0;0;1
6187;50;0;0;1
6188;50;0;0;1
6189;50;0;0;1
6190;50;0;0;1
6191;50;0;0;1
6192;50;0;0;1
6193;50;0;0;1
6194;50;0;0;1
6195;50;0;0;1
6196;50;0;0;1
6197;50;0;0;1
6198;50;0;0;1
6199;50;0;0;1
6200;50;0;0;1
6201;50;0;0;1
6202;50;0;0;1
6203;50;0;0;1
6204;50;0;0;1
6205;50;0;0;1
6206;50;0;0;1
6207;50;0;0;1
6208;50;0;0;1
6209;50;0;0;1
6210;50;0;0;1
6211;50;0;0;1
6212;50;0;0;1
6213;50;0;0;1
6214;50;0;0;1
6215;50;0;0;1
6216;50;0;0;1
6217;50;0;0;1
6218;49;0;0;1
6219;49;0;0;1
6220;49;0;0;1
6221;50;0;0;1
6222;50;0;0;1
6223;49;0;0;1
6224;49;0;0;1
6225;48;0;0;1
6226;48;0;0;1
6227;47;0;0;1
6228;45;0;0;1
6229;44;0;0;1
6230;42;0;0;1
6231;36;0;0;1
6232;34;0;0;1
6233;30;0;0;0
6234;28;0;0;0
6235;23;0;0;0
6236;15;0;0;0
6237;11;0;0;0
6238;8;0;0;0
6239;7;0;0;0
6240;7;0;0;0
6241;5;0;0;0
6242;4;0;0;0
6243;3;0;0;0
6244;3;0;0;0
6245;2;0;0;0
6246;2;0;0;0
6247;2;0;0;0
6248;2;0;0;0
6249;2;0;0;0
6250;2;0;0;0
6251;2;0;0;0
6252;2;0;0;0
6253;2;0;0;0
6254;2;0;0;0
6255;2;0;0;0
6256;2;0;0;0
6257;2;0;0;0
6258;2;0;0;0
6259;2;0;0;0
6260;2;0;0;0
6261;2;0;0;0
6262;2;0;0;0
6263;2;0;0;0
6264;2;0;0;0
6265;2;0;0;0
6266;2;0;0;0
6267;2;0;0;0
6268;2;0;0;0
6269;2;0;0;0
6270;2;0;0;0
6271;2;0;0;0
6272;2;0;0;0
6273;2;0;0;0
6274;2;0;0;0
6275;2;0;0;0
6276;2;0;0;0
6277;2;0;0;0
6278;2;0;0;0
6279;2;0;0;0
6280;2;0;0;0
6281;2;0;0;0
6282;2;0;0;0
6283;2;0;0;0
6284;2;0;0;0
6285;2;0;0;0
6286;2;0;0;0
6287;2;0;0;0
6288;2;0;0;0
6289;2;0;0;0
6290;2;0;0;0
6291;2;0;0;0
6292;2;0;0;0
6293;2;0;0;0
6294;2;0;0;0
6295;2;0;0;0
6296;2;0;0;0
6297;2;0;0;0
6298;2;0;0;0
6299;2;0;0;0
6300;2;0;0;0
6301;2;0;0;0
6302;2;0;0;0
6303;2;0;0;0
6304;2;0;0;0
6305;2;0;0;0
6306;2;0;0;0
6307;2;0;0;0
6308;2;0;0;0
6309;2;0;0;0
6310;2;0;0;0
6311;2;0;0;0
6312;2;0;0;0
6313;2;0;0;0
6314;2;0;0;0
6315;2;0;0;0
6316;2;0;0;0
6317;2;0;0;0
6318;2;0;0;0
6319;2;0;0;0
6320;2;0;0;0
6321;2;0;0;0
6322;2;0;0;0
6323;2;0;0;0
6324;2;0;0;0
6325;2;0;0;0
6326;2;0;0;0
6327;2;0;0;0
6328;2;0;0;0
6329;2;0;0;0
6330;2;0;0;0
6331;2;0;0;0
6332;2;0;0;0
6333;2;0;0;0
6334;2;0;0;0
6335;2;0;0;0
6336;2;0;0;0
6337;2;0;0;0
6338;2;0;0;0
6339;2;0;0;0
6340;2;0;0;0
6341;2;0;0;0
6342;2;0;0;0
6343;2;0;0;0
6344;2;0;0;0
6345;2;0;0;0
6346;2;0;0;0
6347;2;0;0;0
6348;2;0;0;0
6349;2;0;0;0
6350;2;0;0;0
6351;2;0;0;0
6352;2;0;0;0
6353;2;0;0;0
6354;2;0;0;0
6355;2;0;0;0
6356;2;0;0;0
6357;2;0;0;0
6358;2;0;0;0
6359;2;0;0;0
6360;2;0;0;0
6361;2;0;0;0
6362;2;0;0;0
6363;2;0;0;0
6364;2;0;0;0
6365;2;0;0;0
6366;2;0;0;0
6367;2;0;0;0
6368;2;0;0;0
6369;2;0;0;0
6370;2;0;0;0
6371;2;0;0;0
6372;2;0;0;0
6373;2;0;0;0
6374;2;0;0;0
6375;2;0;0;0
6376;2;0;0;0
6377;2;0;0;0
6378;2;0;0;0
6379;2;0;0;0
6380;2;0;0;0
6381;2;0;0;0
6382;2;0;0;0
6383;2;0;0;0
6384;2;0;0;0
6385;2;0;0;0
6386;2;0;0;0
6387;2;0;0;0
6388;2;0;0;0
6389;2;0;0;0
6390;2;0;0;0
6391;2;0;0;0
6392;2;0;0;0
6393;2;0;0;0
6394;2;0;0;0
6395;2;0;0;0
6396;2;0;0;0
6397;2;0;0;0
6398;2;0;0;0
6399;2;0;0;0
6400;2;0;0;0
6401;2;0;0;0
6402;2;0;0;0
6403;2;0;0;0
6404;2;0;0;0
6405;2;0;0;0
6406;2;0;0;0
6407;2;0;0;0
6408;2;0;0;0
6409;2;0;0;0
6410;2;0;0;0
6411;2;0;0;0
6412;2;0;0;0
6413;2;0;0;0
6414;2;0;0;0
6415;2;0;0;0
6416;2;0;0;0
6417;2;0;0;0
6418;2;0;0;0
6419;2;0;0;0
6420;2;0;0;0
6421;2;0;0;0
6422;2;0;0;0
6423;2;0;0;0
6424;2;0;0;0
6425;2;0;0;0
6426;2;0;0;0
6427;2;0;0;0
6428;2;0;0;0
6429;2;0;0;0
6430;2;0;0;0
6431;2;0;0;0
6432;2;0;0;0
6433;2;0;0;0
6434;2;0;0;0
6435;2;0;0;0
6436;2;0;0;0
6437;2;0;0;0
6438;2;0;0;0
6439;2;0;0;0
6440;2;0;0;0
6441;2;0;0;0
6442;2;0;0;0
6443;2;0;0;0
6444;2;0;0;0
6445;2;0;0;0
6446;2;0;0;0
6447;2;0;0;0
6448;2;0;0;0
6449;2;0;0;0
6450;2;0;0;0
6451;2;0;0;0
6452;2;0;0;0
6453;2;0;0;0
6454;2;0;0;0
6455;2;0;0;0
6456;2;0;0;0
6457;2;0;0;0
6458;2;0;0;0
6459;2;0;0;0
6460;2;0;0;0
6461;2;0;0;0
6462;2;0;0;0
6463;2;0;0;0
6464;2;0;0;0
6465;2;0;0;0
6466;2;0;0;0
6467;2;0;0;0
6468;2;0;0;0
6469;2;0;0;0
6470;2;0;0;0
6471;2;0;0;0
6472;2;0;0;0
6473;2;0;0;0
6474;2;0;0;0
6475;2;0;0;0
6476;2;0;0;0
6477;2;0;0;0
6478;2;0;0;0
6479;2;0;0;0
6480;2;0;0;0
6481;2;0;0;0
6482;2;0;0;0
6483;2;0;0;0
6484;2;0;0;0
6485;2;0;0;0
6486;2;0;0;0
6487;2;0;0;0
6488;2;0;0;0
6489;2;0;0;0
6490;2;0;0;0
6491;2;0;0;0
6492;2;0;0;0
6493;2;0;0;0
6494;2;0;0;0
6495;2;0;0;0
6496;2;0;0;0
6497;2;0;0;0
6498;2;0;0;0
6499;2;0;0;0
6500;2;0;0;0
6501;2;0;0;0
6502;2;0;0;0
6503;2;0;0;0
6504;2;0;0;0
6505;2;0;0;0
6506;2;0;0;0
6507;2;0;0;0
6508;2;0;0;0
6509;2;0;0;0
6510;2;0;0;0
6511;2;0;0;0
6512;2;0;0;0
6513;2;0;0;0
6514;2;0;0;0
6515;2;0;0;0
6516;2;0;0;0
6517;2;0;0;0
6518;2;0;0;0
6519;2;0;0;0
6520;2;0;0;0
6521;2;0;0;0
6522;2;0;0;0
6523;2;0;0;0
6524;2;0;0;0
6525;2;0;0;0
6526;2;0;0;0
6527;2;0;0;0
6528;2;0;0;0
6529;2;0;0;0
6530;2;0;0;0
6531;2;0;0;0
6532;2;0;0;0
6533;2;0;0;0
6534;2;0;0;0
6535;2;0;0;0
6536;2;0;0;0
6537;2;0;0;0
6538;2;0;0;0
6539;2;0;0;0
6540;2;0;0;0
6541;2;0;0;0
6542;2;0;0;0
6543;2;0;0;0
6544;2;0;0;0
6545;2;0;0;0
6546;2;0;0;0
6547;2;0;0;0
6548;2;0;0;0
6549;2;0;0;0
6550;2;0;0;0
6551;2;0;0;0
6552;2;0;0;0
6553;2;0;0;0
6554;2;0;0;0
6555;2;0;0;0
6556;2;0;0;0
6557;2;0;0;0
6558;2;0;0;0
6559;2;0;0;0
6560;2;0;0;0
6561;2;0;0;0
6562;2;0;0;0
6563;2;0;0;0
6564;2;0;0;0
6565;2;0;0;0
6566;2;0;0;0
6567;2;0;0;0
6568;2;0;0;0
6569;2;0;0;0
6570;2;0;0;0
6571;2;0;0;0
6572;2;0;0;0
6573;2;0;0;0
6574;2;0;0;0
6575;2;0;0;0
6576;2;0;0;0
6577;2;0;0;0
6578;2;0;0;0
6579;2;0;0;0
6580;2;0;0;0
6581;2;0;0;0
6582;2;0;0;0
6583;2;0;0;0
6584;2;0;0;0
6585;2;0;0;0
6586;2;0;0;0
6587;2;0;0;0
6588;2;0;0;0
6589;2;0;0;0
6590;2;0;0;0
6591;2;0;0;0
6592;2;0;0;0
6593;2;0;0;0
6594;2;0;0;0
6595;2;0;0;0
6596;2;0;0;0
6597;2;0;0;0
6598;2;0;0;0
6599;2;0;0;0
6600;2;0;0;0
6601;2;0;0;0
6602;2;0;0;0
6603;2;0;0;0
6604;2;0;0;0
6605;2;0;0;0
6606;2;0;0;0
6607;2;0;0;0
6608;2;0;0;0
6609;2;0;0;0
6610;2;0;0;0
6611;2;0;0;0
6612;2;0;0;0
6613;2;0;0;0
6614;2;0;0;0
6615;2;0;0;0
6616;2;0;0;0
6617;2;0;0;0
6618;2;0;0;0
6619;2;0;0;0
6620;2;0;0;0
6621;2;0;0;0
6622;2;0;0;0
6623;2;0;0;0
6624;2;0;0;0
6625;2;0;0;0
6626;2;0;0;0
6627;2;0;0;0
6628;2;0;0;0
6629;2;0;0;0
6630;2;0;0;0
6631;2;0;0;0
6632;2;0;0;0
6633;2;0;0;0
6634;2;0;0;0
6635;2;0;0;0
6636;2;0;0;0
6637;2;0;0;0
6638;2;0;0;0
6639;2;0;0;0
6640;2;0;0;0
6641;2;0;0;0
6642;2;0;0;0
6643;2;0;0;0
6644;2;0;0;0
6645;2;0;0;0
6646;2;0;0;0
6647;2;0;0;0
6648;2;0;0;0
6649;2;0;0;0
6650;2;0;0;0
6651;2;0;0;0
6652;2;0;0;0
6653;2;0;0;0
6654;2;0;0;0
6655;2;0;0;0
6656;2;0;0;0
6657;2;0;0;0
6658;2;0;0;0
6659;2;0;0;0
6660;2;0;0;0
6661;2;0;0;0
6662;2;0;0;0
6663;2;0;0;0
6664;2;0;0;0
6665;2;0;0;0
6666;2;0;0;0
6667;2;0;0;0
6668;2;0;0;0
6669;2;0;0;0
6670;2;0;0;0
6671;2;0;0;0
6672;2;0;0;0
6673;2;0;0;0
6674;2;0;0;0
6675;2;0;0;0
6676;2;0;0;0
6677;2;0;0;0
6678;2;0;0;0
6679;2;0;0;0
6680;2;0;0;0
6681;2;0;0;0
6682;2;0;0;0
6683;2;0;0;0
6684;2;0;0;0
6685;2;0;0;0
6686;2;0;0;0
6687;2;0;0;0
6688;2;0;0;0
6689;2;0;0;0
6690;2;0;0;0
6691;2;0;0;0
6692;2;0;0;0
6693;2;0;0;0
6694;2;0;0;0
6695;2;0;0;0
6696;2;0;0;0
6697;2;0;0;0
6698;2;0;0;0
6699;2;0;0;0
6700;2;0;0;0
6701;2;0;0;0
6702;2;0;0;0
6703;2;0;0;0
6704;2;0;0;0
6705;2;0;0;0
6706;2;0;0;0
6707;2;0;0;0
6708;2;0;0;1
6709;2;0;0;1
6710;2;0;0;1
6711;2;0;0;1
6712;2;0;0;1
6713;2;0;0;1
6714;2;0;0;1
6715;2;0;0;1
6716;2;0;0;1
6717;2;0;0;1
6718;2;0;0;1
6719;2;0;0;1
6720;2;0;0;1
6721;2;0;0;1
6722;2;0;0;1
6723;2;0;0;1
6724;2;0;0;1
6725;2;0;0;1
6726;2;0;0;1
6727;2;0;0;1
6728;2;0;0;1
6729;2;0;0;1
6730;2;0;0;1
6731;2;0;0;1
6732;2;0;0;1
6733;2;0;0;1
6734;2;0;0;1
6735;2;0;0;1
6736;2;0;0;1
6737;2;0;0;1
6738;2;0;0;1
6739;2;0;0;1
6740;2;0;0;1
6741;2;0;0;1
6742;2;0;0;1
6743;2;0;0;1
6744;2;0;0;1
6745;2;0;0;1
6746;2;0;0;1
6747;2;0;0;1
6748;2;0;0;1
6749;2;0;0;1
6750;2;0;0;1
6751;2;0;0;1
6752;2;0;0;1
6753;2;0;0;1
6754;2;0;0;1
6755;2;0;0;1
6756;2;0;0;1
6757;2;0;0;1
6758;2;0;0;1
6759;2;0;0;1
6760;2;0;0;1
6761;2;0;0;1
6762;2;0;0;1
6763;2;0;0;1
6764;2;0;0;1
6765;2;0;0;1
6766;2;0;0;1
6767;2;0;0;1
6768;2;0;0;1
6769;2;0;0;1
6770;2;0;0;1
6771;2;0;0;1
6772;2;0;0;1
6773;2;0;0;1
6774;2;0;0;1
6775;2;0;0;1
6776;2;0;0;1
6777;2;0;0;1
6778;2;0;0;1
6779;2;0;0;1
6780;2;0;0;1
6781;2;0;0;1
6782;2;0;0;1
6783;2;0;0;1
6784;2;0;0;1
6785;2;0;0;1
6786;2;0;0;1
6787;2;0;0;1
6788;2;0;0;1
6789;2;0;0;1
6790;2;0;0;1
6791;2;0;0;1
6792;2;0;0;1
6793;2;0;0;1
6794;2;0;0;1
6795;2;0;0;1
6796;2;0;0;1
6797;2;0;0;1
6798;2;0;0;1
6799;2;0;0;1
6800;2;0;0;1
6801;2;0;0;1
6802;2;0;0;1
6803;2;0;0;1
6804;2;0;0;1
6805;2;0;0;1
6806;2;0;0;1
6807;2;0;0;0
6808;2;0;0;0
6809;2;0;0;0
6810;2;0;0;0
6811;2;0;0;0
6812;2;0;0;0
6813;2;0;0;0
6814;2;0;0;0
6815;2;0;0;0
6816;2;0;0;0
6817;2;0;0;0
6818;2;0;0;0
6819;2;0;0;0
6820;2;0;0;0
6821;2;0;0;0
6822;2;0;0;0
6823;2;0;0;0
6824;2;0;0;0
6825;2;0;0;0
6826;2;0;0;0
6827;2;0;0;0
6828;2;0;0;0
6829;2;0;0;0
6830;2;0;0;0
6831;2;0;0;0
6832;2;0;0;0
6833;2;0;0;0
6834;2;0;0;0
6835;2;0;0;0
6836;2;0;0;0
6837;2;0;0;0
6838;2;0;0;0
6839;2;0;0;0
6840;2;0;0;0
6841;2;0;0;0
6842;2;0;0;0
6843;2;0;0;0
6844;2;0;0;0
6845;2;0;0;0
6846;2;0;0;0
6847;2;0;0;0
6848;2;0;0;0
6849;2;0;0;0
6850;2;0;0;0
6851;2;0;0;0
6852;2;0;0;0
6853;2;0;0;0
6854;2;0;0;0
6855;2;0;0;0
6856;2;0;0;0
6857;2;0;0;0
6858;2;0;0;0
6859;2;0;0;0
6860;2;0;0;0
6861;2;0;0;0
6862;2;0;0;0
6863;2;0;0;0
6864;2;0;0;0
6865;2;0;0;0
6866;2;0;0;0
6867;2;0;0;0
6868;2;0;0;0
6869;2;0;0;0
6870;2;0;0;0
6871;2;0;0;0
6872;2;0;0;0
6873;2;0;0;0
6874;2;0;0;0
6875;2;0;0;0
6876;2;0;0;0
6877;2;0;0;0
6878;2;0;0;0
6879;2;0;0;0
6880;2;0;0;0
6881;2;0;0;0
6882;2;0;0;0
6883;2;0;0;0
6884;2;0;0;0
6885;2;0;0;0
6886;2;0;0;0
6887;2;0;0;0
6888;2;0;0;0
6889;2;0;0;0
6890;2;0;0;0
6891;2;0;0;0
6892;2;0;0;0
6893;2;0;0;0
6894;2;0;0;0
6895;2;0;0;0
6896;2;0;0;0
6897;2;0;0;0
6898;2;0;0;0
6899;2;0;0;0
6900;2;0;0;0
6901;2;0;0;0
6902;2;0;0;0
6903;2;0;0;0
6904;2;0;0;0
6905;2;0;0;0
6906;2;0;0;0
6907;2;0;0;0
6908;2;0;0;0
6909;2;0;0;0
6910;2;0;0;0
6911;2;0;0;0
6912;2;0;0;0
6913;2;0;0;0
6914;2;0;0;0
6915;2;0;0;0
6916;2;0;0;0
6917;2;0;0;0
6918;2;0;0;0
6919;2;0;0;0
6920;2;0;0;0
6921;2;0;0;0
6922;2;0;0;0
6923;2;0;0;0
6924;2;0;0;0
6925;2;0;0;0
6926;2;0;0;0
6927;2;0;0;0
6928;2;0;0;0
6929;2;0;0;0
6930;2;0;0;0
6931;2;0;0;0
6932;2;0;0;0
6933;2;0;0;0
6934;2;0;0;0
6935;2;0;0;0
6936;2;0;0;0
6937;2;0;0;0
6938;2;0;0;0
6939;2;0;0;0
6940;2;0;0;0
6941;2;0;0;0
6942;2;0;0;0
6943;2;0;0;0
6944;2;0;0;0
6945;2;0;0;0
6946;2;0;0;0
6947;2;0;0;0
6948;2;0;0;0
6949;2;0;0;0
6950;2;0;0;0
6951;2;0;0;0
6952;2;0;0;0
6953;2;0;0;0
6954;2;0;0;0
6955;2;0;0;0
6956;2;0;0;0
6957;2;0;0;0
6958;2;0;0;0
6959;2;0;0;0
6960;2;0;0;0
6961;2;0;0;0
6962;2;0;0;0
6963;2;0;0;0
6964;2;0;0;0
6965;3;0;0;0
6966;3;0;0;0
6967;3;0;0;0
6968;3;0;0;0
6969;3;0;0;0
6970;3;0;0;0
6971;3;0;0;0
6972;3;0;0;0
6973;3;0;0;0
6974;3;0;0;0
6975;3;0;0;0
6976;3;0;0;0
6977;3;0;0;0
6978;3;0;0;0
6979;3;0;0;0
6980;3;0;0;0
6981;3;0;0;0
6982;3;0;0;0
6983;3;0;0;0
6984;3;0;0;0
6985;3;0;0;0
6986;3;0;0;0
6987;3;0;0;0
6988;3;0;0;0
6989;3;0;0;0
6990;3;0;0;0
6991;3;0;0;0
6992;3;0;0;0
6993;3;0;0;0
6994;3;0;0;0
6995;3;0;0;0
6996;3;0;0;0
6997;3;0;0;0
6998;3;0;0;0
6999;3;0;0;0
7000;3;0;0;0
7001;3;0;0;0
7002;3;0;0;0
7003;3;0;0;0
7004;3;0;0;0
7005;3;0;0;0
7006;3;0;0;0
7007;3;0;0;1
7008;3;0;0;1
7009;3;0;0;1
7010;3;0;0;1
7011;3;0;0;1
7012;3;0;0;1
7013;3;0;0;1
7014;3;0;0;1
7015;3;0;0;1
7016;3;0;0;1
7017;3;0;0;1
7018;3;0;0;1
7019;3;0;0;1
7020;3;0;0;1
7021;3;0;0;1
7022;3;0;0;1
7023;3;0;0;1
7024;3;0;0;1
7025;3;0;0;1
7026;3;0;0;1
7027;3;0;0;1
7028;3;0;0;1
7029;3;0;0;1
7030;3;0;0;1
7031;3;0;0;1
7032;3;0;0;1
7033;3;0;0;1
7034;3;0;0;1
7035;3;0;0;1
7036;4;0;0;1
7037;4;0;0;1
7038;4;0;0;1
7039;4;0;0;1
7040;4;0;0;1
7041;4;0;0;1
7042;4;0;0;1
7043;4;0;0;1
7044;4;0;0;1
7045;4;0;0;1
7046;4;0;0;1
7047;4;0;0;1
7048;4;0;0;1
7049;4;0;0;1
7050;4;0;0;1
7051;4;0;0;1
7052;4;0;0;1
7053;4;0;0;1
7054;4;0;0;1
7055;4;0;0;1
7056;4;0;0;1
7057;4;0;0;1
7058;4;0;0;1
7059;4;0;0;1
7060;4;0;0;1
7061;4;0;0;1
7062;4;0;0;1
7063;4;0;0;1
7064;4;0;0;1
7065;4;0;0;1
7066;4;0;0;1
7067;4;0;0;1
7068;4;0;0;1
7069;4;0;0;1
7070;4;0;0;1
7071;4;0;0;1
7072;4;0;0;1
7073;4;0;0;1
7074;4;0;0;1
7075;4;0;0;1
7076;4;0;0;1
7077;4;0;0;1
7078;4;0;0;1
7079;4;0;0;1
7080;4;0;0;1
7081;4;0;0;1
7082;4;0;0;1
7083;4;0;0;1
7084;4;0;0;1
7085;4;0;0;1
7086;4;0;0;1
7087;4;0;0;1
7088;4;0;0;1
7089;4;0;0;1
7090;4;0;0;1
7091;4;0;0;1
7092;4;0;0;1
7093;4;0;0;1
7094;4;0;0;1
7095;4;0;0;1
7096;4;0;0;1
7097;4;0;0;1
7098;4;0;0;1
7099;4;0;0;1
7100;4;0;0;1
7101;4;0;0;1
7102;4;0;0;1
7103;4;0;0;1
7104;4;0;0;1
7105;4;0;0;1
7106;4;0;0;0
7107;4;0;0;0
7108;4;0;0;0
7109;4;0;0;0
7110;4;0;0;0
7111;4;0;0;0
7112;4;0;0;0
7113;4;0;0;0
7114;4;0;0;0
7115;4;0;0;0
7116;4;0;0;0
7117;4;0;0;0
7118;4;0;0;0
7119;4;0;0;0
7120;4;0;0;0
7121;4;0;0;0
7122;4;0;0;0
7123;4;0;0;0
7124;4;0;0;0
7125;4;0;0;0
7126;4;0;0;0
7127;4;0;0;0
7128;4;0;0;0
7129;4;0;0;0
7130;4;0;0;0
7131;4;0;0;0
7132;4;0;0;0
7133;4;0;0;0
7134;4;0;0;0
7135;4;0;0;0
7136;4;0;0;0
7137;4;0;0;0
7138;4;0;0;0
7139;4;0;0;0
7140;4;0;0;0
7141;4;0;0;0
7142;4;0;0;0
7143;4;0;0;0
7144;4;0;0;0
7145;4;0;0;0
7146;4;0;0;0
7147;4;0;0;0
7148;4;0;0;0
7149;4;0;0;0
7150;4;0;0;0
7151;4;0;0;0
7152;4;0;0;0
7153;4;0;0;0
7154;4;0;0;0
7155;4;0;0;0
7156;4;0;0;0
7157;4;0;0;0
7158;4;0;0;0
7159;4;0;0;0
7160;4;0;0;0
7161;4;0;0;0
7162;4;0;0;0
7163;4;0;0;0
7164;4;0;0;0
7165;4;0;0;0
7166;4;0;0;0
7167;4;0;0;0
7168;4;0;0;0
7169;4;0;0;0
7170;4;0;0;0
7171;4;0;0;0
7172;4;0;0;0
7173;4;0;0;0
7174;4;0;0;0
7175;4;0;0;0
7176;4;0;0;0
7177;4;0;0;0
7178;4;0;0;0
7179;4;0;0;0
7180;4;0;0;0
7181;4;0;0;0
7182;4;0;0;0
7183;4;0;0;0
7184;4;0;0;0
7185;4;0;0;0
7186;4;0;0;0
7187;4;0;0;0
7188;4;0;0;0
7189;4;0;0;0
7190;4;0;0;0
7191;4;0;0;0
7192;4;0;0;0
7193;4;0;0;0
7194;4;0;0;0
7195;4;0;0;0
7196;4;0;0;0
7197;4;0;0;0
7198;4;0;0;0
7199;4;0;0;0
7200;4;0;0;0
7201;4;0;0;0
7202;4;0;0;0
7203;4;0;0;0
7204;4;0;0;0
7205;4;0;0;0
7206;4;0;0;0
7207;4;0;0;0
7208;4;0;0;0
7209;4;0;0;0
7210;4;0;0;0
7211;4;0;0;0
7212;4;0;0;0
7213;4;0;0;0
7214;4;0;0;0
7215;4;0;0;0
7216;5;0;0;0
7217;5;0;0;0
7218;5;0;0;0
7219;5;0;0;0
7220;5;0;0;0
7221;5;0;0;0
7222;5;0;0;0
7223;5;0;0;0
7224;5;0;0;0
7225;5;0;0;0
7226;5;0;0;0
7227;5;0;0;0
7228;5;0;0;0
7229;5;0;0;0
7230;5;0;0;0
7231;5;0;0;0
7232;5;0;0;0
7233;5;0;0;0
7234;5;0;1;0
7235;5;0;1;0
7236;5;0;1;0
7237;5;0;1;0
7238;5;0;1;0
7239;5;0;1;0
7240;5;0;1;0
7241;5;0;1;0
7242;5;0;1;0
7243;5;0;1;0
7244;5;0;1;0
7245;5;0;1;0
7246;5;0;1;0
7247;5;0;1;0
7248;5;0;1;0
7249;5;0;1;0
7250;5;0;1;0
7251;5;0;1;0
7252;5;0;1;0
7253;5;0;1;0
7254;5;0;1;0
7255;5;0;1;0
7256;5;0;1;0
7257;5;0;1;0
7258;5;0;1;0
7259;5;0;1;0
7260;5;0;1;0
7261;5;0;1;0
7262;5;0;1;0
7263;5;0;1;0
7264;6;0;1;0
7265;6;0;1;0
7266;6;0;1;0
7267;6;0;1;0
7268;6;0;1;0
7269;6;0;1;0
7270;6;0;1;0
7271;6;0;1;0
7272;6;0;1;0
7273;6;0;1;0
7274;6;0;1;0
7275;6;0;1;0
7276;6;0;1;0
7277;6;0;1;0
7278;6;0;1;0
7279;6;0;1;0
7280;6;0;1;0
7281;6;0;1;0
7282;6;0;1;0
7283;6;0;1;0
7284;6;0;1;0
7285;6;0;1;1
7286;6;0;1;1
7287;6;0;1;1
7288;6;0;1;1
7289;6;0;1;1
7290;6;0;1;1
7291;6;0;1;1
7292;6;0;1;1
7293;6;0;1;1
7294;6;0;1;1
7295;6;0;1;1
7296;6;0;1;1
7297;6;0;1;1
7298;6;0;1;1
7299;6;0;1;1
7300;6;0;1;1
7301;6;0;1;1
7302;6;0;1;1
7303;6;0;1;1
7304;6;0;1;1
7305;6;0;1;1
7306;6;0;1;1
7307;6;0;1;1
7308;6;0;1;1
7309;6;0;1;1
7310;6;0;1;1
7311;6;0;1;1
7312;6;0;1;1
7313;6;0;1;1
7314;6;0;1;1
7315;6;0;1;1
7316;6;0;1;1
7317;6;0;1;1
7318;6;0;1;1
7319;6;0;1;1
7320;6;0;1;1
7321;6;0;1;1
7322;6;0;1;1
7323;6;0;1;1
7324;6;0;1;1
7325;6;0;1;1
7326;6;0;1;1
7327;6;0;1;1
7328;6;0;1;1
7329;6;0;1;1
7330;6;0;1;1
7331;6;0;1;1
7332;6;0;1;1
7333;6;0;1;1
7334;6;0;1;1
7335;6;0;1;1
7336;6;0;1;1
7337;6;0;1;1
7338;6;0;1;1
7339;6;0;1;1
7340;6;0;1;1
7341;6;0;1;1
7342;6;0;1;1
7343;6;0;1;1
7344;6;0;1;1
7345;6;0;1;1
7346;6;0;1;1
7347;6;0;1;1
7348;6;0;2;1
7349;6;0;2;1
7350;6;0;2;1
7351;6;0;2;1
7352;6;0;2;1
7353;6;0;2;1
7354;6;0;2;1
7355;6;0;2;1
7356;6;0;2;1
7357;6;0;2;1
7358;6;0;2;1
7359;6;0;2;1
7360;6;0;2;1
7361;6;0;2;1
7362;6;0;2;1
7363;6;0;2;1
7364;6;0;2;1
7365;6;0;2;1
7366;6;0;2;1
7367;6;0;2;1
7368;6;0;2;1
7369;7;0;2;1
7370;7;0;2;1
7371;7;0;2;1
7372;7;0;2;1
7373;7;0;2;1
7374;8;0;2;1
7375;8;0;2;1
7376;8;0;2;1
7377;8;0;2;1
7378;8;0;2;1
7379;8;0;2;1
7380;8;0;2;1
7381;8;0;2;1
7382;8;0;2;1
7383;8;0;2;1
7384;8;0;2;0
7385;8;0;2;0
7386;8;0;2;0
7387;8;0;2;0
7388;8;0;2;0
7389;8;0;2;0
7390;8;0;2;0
7391;8;0;2;0
7392;8;0;2;0
7393;8;0;2;0
7394;8;0;2;0
7395;8;0;2;0
7396;8;0;2;0
7397;8;0;2;0
7398;8;0;2;0
7399;8;0;2;0
7400;8;0;2;0
7401;8;0;2;0
7402;8;0;2;0
7403;8;0;2;0
7404;8;0;2;0
7405;8;0;2;0
7406;8;0;2;0
7407;8;0;3;0
7408;8;0;3;0
7409;8;0;3;0
7410;8;0;3;0
7411;8;0;4;0
7412;8;0;4;0
7413;8;0;4;0
7414;8;0;4;0
7415;8;0;5;0
7416;8;0;5;0
7417;9;0;5;0
7418;9;0;5;0
7419;9;0;5;0
7420;9;0;5;0
7421;9;0;6;0
7422;9;0;6;0
7423;9;0;6;0
7424;9;0;6;0
7425;9;0;6;0
7426;9;0;6;0
7427;9;0;7;0
7428;9;0;7;0
7429;9;0;7;0
7430;9;0;7;0
7431;9;0;7;0
7432;9;0;7;0
7433;9;0;7;0
7434;9;0;7;0
7435;10;0;8;0
7436;10;0;8;0
7437;10;0;8;0
7438;10;0;8;0
7439;10;0;8;0
7440;10;0;8;0
7441;10;0;8;0
7442;10;0;8;0
7443;10;0;8;0
7444;10;0;8;0
7445;10;0;8;0
7446;10;0;8;0
7447;10;0;8;0
7448;10;0;8;0
7449;10;0;9;0
7450;10;0;9;0
7451;10;0;9;0
7452;10;0;9;0
7453;10;0;9;0
7454;10;0;9;0
7455;10;0;9;0
7456;10;0;9;0
7457;10;0;9;0
7458;10;0;9;0
7459;10;0;9;0
7460;10;0;9;0
7461;10;0;9;0
7462;10;0;10;0
7463;10;0;10;0
7464;10;0;10;0
7465;10;0;10;0
7466;10;0;10;0
7467;10;0;10;0
7468;10;0;10;0
7469;10;0;10;0
7470;10;0;10;0
7471;10;0;10;0
7472;10;0;10;0
7473;10;0;10;0
7474;10;0;10;0
7475;10;0;10;0
7476;10;0;10;0
7477;10;0;11;0
7478;10;0;11;0
7479;10;0;11;0
7480;10;0;12;0
7481;10;0;12;0
7482;10;0;13;0
7483;10;0;13;0
7484;10;0;13;0
7485;10;0;13;0
7486;10;0;13;0
7487;10;0;13;0
7488;10;0;13;0
7489;10;0;13;0
7490;10;0;13;0
7491;10;0;13;0
7492;10;0;14;0
7493;10;0;14;0
7494;10;0;14;0
7495;10;0;14;0
7496;10;0;15;0
7497;10;0;15;0
7498;10;0;15;0
7499;10;0;15;0
7500;10;0;15;0
7501;10;0;15;0
7502;10;0;15;0
7503;10;0;15;0
7504;10;0;15;0
7505;10;0;15;0
7506;10;0;15;0
7507;10;0;15;0
7508;10;0;15;0
7509;10;0;15;0
7510;10;0;15;0
7511;10;0;15;0
7512;10;0;16;0
7513;10;0;17;0
7514;10;0;17;0
7515;10;0;17;0
7516;10;0;17;0
7517;10;0;17;0
7518;10;0;17;0
7519;10;0;17;0
7520;10;0;17;0
7521;10;0;17;0
7522;10;0;17;0
7523;10;0;17;0
7524;10;0;17;0
7525;10;0;17;0
7526;10;0;17;0
7527;10;0;17;0
7528;10;0;17;0
7529;10;0;17;0
7530;10;0;17;1
7531;10;0;17;1
7532;10;0;17;1
7533;10;0;17;1
7534;10;0;17;1
7535;11;0;17;1
7536;11;0;17;1
7537;11;0;17;1
7538;11;0;17;1
7539;11;0;17;1
7540;11;0;17;1
7541;11;0;18;1
7542;11;0;18;1
7543;11;0;18;1
7544;11;0;18;1
7545;11;0;18;1
7546;11;0;21;1
7547;11;0;21;1
7548;11;0;21;1
7549;11;0;21;1
7550;11;0;21;1
7551;11;0;21;1
7552;11;0;21;1
7553;11;0;22;1
7554;11;0;22;1
7555;11;0;22;1
7556;11;0;22;1
7557;11;0;23;1
7558;11;0;23;1
7559;11;0;23;1
7560;11;0;25;1
7561;11;0;26;1
7562;11;0;27;1
7563;11;0;29;1
7564;11;0;30;1
7565;11;0;30;1
7566;11;0;30;1
7567;11;0;30;1
7568;11;0;30;1
7569;11;0;30;1
7570;11;0;30;1
7571;11;0;31;1
7572;11;0;33;1
7573;12;0;33;1
7574;12;0;34;1
7575;12;0;34;1
7576;12;0;35;1
7577;12;0;36;1
7578;12;0;36;1
7579;12;0;36;1
7580;12;0;41;1
7581;12;0;43;1
7582;12;0;45;1
7583;12;0;46;1
7584;12;0;46;1
7585;12;0;46;1
7586;12;0;47;1
7587;12;0;48;1
7588;12;0;49;1
7589;12;0;51;1
7590;12;0;53;1
7591;12;0;52;1
7592;12;0;53;1
7593;12;0;53;1
7594;12;0;53;1
7595;12;0;53;2
7596;12;0;54;1
7597;12;0;55;1
7598;12;0;56;1
7599;12;0;57;1
7600;12;0;59;1
7601;12;0;60;1
7602;12;0;61;1
7603;12;0;63;1
7604;12;0;63;1
7605;12;0;63;1
7606;12;0;65;1
7607;12;0;67;1
7608;12;0;68;1
7609;12;0;69;1
7610;12;0;73;1
7611;12;0;75;1
7612;12;0;76;1
7613;12;0;76;1
7614;12;0;78;1
7615;12;0;80;1
7616;12;0;81;1
7617;12;0;81;2
7618;12;0;82;1
7619;12;0;85;1
7620;12;0;86;1
7621;12;0;89;1
7622;12;0;90;1
7623;12;0;92;1
7624;12;0;96;1
7625;12;0;97;1
7626;12;0;101;1
7627;12;0;103;1
7628;12;0;103;1
7629;12;0;104;1
7630;12;0;104;1
7631;12;0;104;1
7632;12;0;106;1
7633;12;0;108;1
7634;12;0;110;1
7635;12;0;109;1
7636;12;0;109;1
7637;12;0;110;1
7638;12;0;111;1
7639;12;0;115;1
7640;12;0;118;1
7641;12;0;121;1
7642;12;0;123;2
7643;12;0;128;1
7644;12;0;129;1
7645;12;0;131;1
7646;12;0;132;1
7647;12;0;135;1
7648;12;0;137;1
7649;12;0;140;1
7650;12;0;143;1
7651;12;0;144;1
7652;12;0;147;1
7653;12;0;149;1
7654;12;0;151;2
7655;12;0;151;1
7656;12;0;152;1
7657;12;0;153;2
7658;12;0;156;1
7659;12;0;158;1
7660;12;0;160;2
7661;12;0;161;1
7662;12;0;165;1
7663;12;0;166;2
7664;12;0;172;1
7665;12;0;175;1
7666;12;0;176;1
7667;13;0;179;1
7668;13;0;183;1
7669;13;0;186;1
7670;13;0;192;1
7671;13;0;198;1
7672;13;0;202;1
7673;13;0;207;1
7674;13;0;212;1
7675;13;0;219;1
7676;13;0;224;1
7677;13;0;230;1
7678;13;0;234;1
7679;13;0;240;1
7680;13;0;245;2
7681;13;0;248;1
7682;13;0;253;1
7683;13;0;258;2
7684;13;0;262;1
7685;13;0;263;1
7686;13;0;265;2
7687;13;0;270;1
7688;13;0;277;1
7689;13;0;284;1
7690;13;0;290;1
7691;13;0;295;1
7692;13;0;301;1
7693;13;0;306;2
7694;13;0;308;1
7695;13;0;308;1
7696;13;0;311;2
7697;13;0;315;1
7698;13;0;316;1
7699;13;0;318;2
7700;13;0;323;1
7701;13;0;326;1
7702;13;0;330;2
7703;13;0;334;1
7704;13;0;338;1
7705;13;0;343;2
7706;13;0;346;1
7707;13;0;351;1
7708;13;0;354;2
7709;13;0;362;1
7710;13;0;367;1
7711;13;0;372;2
7712;13;0;377;1
7713;13;0;381;1
7714;13;0;386;1
7715;13;0;390;2
7716;13;0;396;1
7717;13;0;398;1
7718;13;0;402;2
7719;13;0;405;1
7720;13;0;407;1
7721;13;0;412;2
7722;13;0;417;1
7723;13;0;419;1
7724;13;0;424;2
7725;13;0;426;1
7726;13;0;430;1
7727;13;0;434;2
7728;13;0;436;1
7729;13;0;440;1
7730;13;0;445;2
7731;13;0;448;1
7732;13;0;451;1
7733;13;0;454;2
7734;13;0;457;1
7735;13;0;462;1
7736;13;0;469;2
7737;13;0;474;1
7738;13;0;477;1
7739;13;0;479;2
7740;13;0;484;1
7741;13;0;490;1
7742;13;0;493;2
7743;13;0;495;1
7744;13;0;498;1
7745;13;0;502;2
7746;13;0;508;1
7747;13;0;514;1
7748;13;0;518;2
7749;13;0;522;1
7750;13;0;526;1
7751;13;0;530;2
7752;13;0;533;1
7753;13;0;539;1
7754;13;0;543;2
7755;13;0;549;1
7756;13;0;555;1
7757;13;0;561;2
7758;13;0;566;1
7759;13;0;573;1
7760;13;0;577;2
7761;13;0;581;1
7762;13;0;583;1
7763;13;0;586;2
7764;14;0;589;1
7765;14;0;592;1
7766;14;0;594;2
7767;14;0;601;1
7768;14;0;608;1
7769;14;0;614;2
7770;14;0;620;1
7771;14;0;626;1
7772;14;0;631;1
7773;14;0;637;2
7774;14;0;645;1
7775;14;0;649;1
7776;14;0;652;2
7777;14;0;657;1
7778;14;0;663;1
